"ID","Description","GeneRatio","BgRatio","RichFactor","FoldEnrichment","zScore","pvalue","p.adjust","qvalue","geneID","Count"
"GO:0022008","neurogenesis","8/17","436/3464",0.018348623853211,3.73880194279547,4.29492912258417,0.000509690210166463,1,1,"KIF1A/SUN2/BCL11A/YWHAG/PGRMC1/STMN1/APLP1/FAIM2",8
"GO:0030182","neuron differentiation","7/17","360/3464",0.0194444444444444,3.96209150326797,4.16887553597592,0.000953379531351656,1,1,"KIF1A/BCL11A/YWHAG/PGRMC1/STMN1/APLP1/FAIM2",7
"GO:0048699","generation of neurons","7/17","381/3464",0.0183727034120735,3.74370850702486,3.98605934322501,0.00134281647195636,1,1,"KIF1A/BCL11A/YWHAG/PGRMC1/STMN1/APLP1/FAIM2",7
"GO:0120036","plasma membrane bounded cell projection organization","7/17","422/3464",0.0165876777251185,3.37998327293002,3.66336835976596,0.00246548116984152,1,1,"KIF1A/BCL11A/ATP1A3/PGRMC1/STMN1/FSCN1/APLP1",7
"GO:0030030","cell projection organization","7/17","431/3464",0.0162412993039443,3.30940357581548,3.59776115670836,0.00279034092986107,1,1,"KIF1A/BCL11A/ATP1A3/PGRMC1/STMN1/FSCN1/APLP1",7
"GO:0007159","leukocyte cell-cell adhesion","3/17","76/3464",0.0394736842105263,8.04334365325077,4.35957384839639,0.0055316423010914,1,1,"PODXL2/CD24/YWHAG",3
"GO:0030198","extracellular matrix organization","2/17","25/3464",0.08,16.3011764705882,5.39149001383844,0.00636521232917338,1,1,"FSCN1/APLP1",2
"GO:0043062","extracellular structure organization","2/17","25/3464",0.08,16.3011764705882,5.39149001383844,0.00636521232917338,1,1,"FSCN1/APLP1",2
"GO:0045229","external encapsulating structure organization","2/17","25/3464",0.08,16.3011764705882,5.39149001383844,0.00636521232917338,1,1,"FSCN1/APLP1",2
"GO:0048667","cell morphogenesis involved in neuron differentiation","4/17","165/3464",0.0242424242424242,4.9397504456328,3.64124241035887,0.0072566942412782,1,1,"KIF1A/BCL11A/PGRMC1/APLP1",4
"GO:1901699","cellular response to nitrogen compound","4/17","165/3464",0.0242424242424242,4.9397504456328,3.64124241035887,0.0072566942412782,1,1,"BCL11A/YWHAG/ATP1A3/APLP1",4
"GO:0031175","neuron projection development","5/17","287/3464",0.0174216027874564,3.54990776798524,3.16728305775708,0.0101511934604043,1,1,"KIF1A/BCL11A/PGRMC1/STMN1/APLP1",5
"GO:0048812","neuron projection morphogenesis","4/17","189/3464",0.0211640211640212,4.31248054777467,3.28858181768746,0.0116612632865569,1,1,"KIF1A/BCL11A/PGRMC1/APLP1",4
"GO:0045664","regulation of neuron differentiation","2/17","36/3464",0.0555555555555556,11.3202614379085,4.3707061358438,0.0129500728186629,1,1,"BCL11A/YWHAG",2
"GO:0120039","plasma membrane bounded cell projection morphogenesis","4/17","195/3464",0.0205128205128205,4.17978883861237,3.20950599135957,0.0129858851493523,1,1,"KIF1A/BCL11A/PGRMC1/APLP1",4
"GO:0048666","neuron development","5/17","309/3464",0.0161812297734628,3.29716352560442,2.97099235732408,0.0137736945749692,1,1,"KIF1A/BCL11A/PGRMC1/STMN1/APLP1",5
"GO:0048858","cell projection morphogenesis","4/17","199/3464",0.0201005025125628,4.09577298255986,3.15852352495469,0.0139214720361458,1,1,"KIF1A/BCL11A/PGRMC1/APLP1",4
"GO:1901698","response to nitrogen compound","4/17","206/3464",0.0194174757281553,3.9565962307253,3.07241696048854,0.0156623316965147,1,1,"BCL11A/YWHAG/ATP1A3/APLP1",4
"GO:0007417","central nervous system development","4/17","214/3464",0.0186915887850467,3.80868609125893,2.97850596756771,0.0178174309434186,1,1,"SUN2/TAGLN3/APLP1/FAIM2",4
"GO:0106027","neuron projection organization","2/17","43/3464",0.0465116279069767,9.47742818057456,3.92782269034637,0.0181918072530147,1,1,"KIF1A/ATP1A3",2
"GO:0050870","positive regulation of T cell activation","2/17","46/3464",0.0434782608695652,8.85933503836317,3.7679814343888,0.0206720864750736,1,1,"CD24/YWHAG",2
"GO:0007409","axonogenesis","3/17","126/3464",0.0238095238095238,4.8515406162465,3.09247824549024,0.0219977395840014,1,1,"BCL11A/PGRMC1/APLP1",3
"GO:0007052","mitotic spindle organization","2/17","48/3464",0.0416666666666667,8.49019607843137,3.66931451825102,0.0224005160747168,1,1,"SUN2/STMN1",2
"GO:0072384","organelle transport along microtubule","2/17","48/3464",0.0416666666666667,8.49019607843137,3.66931451825102,0.0224005160747168,1,1,"KIF1A/SUN2",2
"GO:1903039","positive regulation of leukocyte cell-cell adhesion","2/17","48/3464",0.0416666666666667,8.49019607843137,3.66931451825102,0.0224005160747168,1,1,"CD24/YWHAG",2
"GO:0006779","porphyrin-containing compound biosynthetic process","1/17","5/3464",0.2,40.7529411764706,6.24610171120705,0.0243123412596508,1,1,"PGRMC1",1
"GO:0021533","cell differentiation in hindbrain","1/17","5/3464",0.2,40.7529411764706,6.24610171120705,0.0243123412596508,1,1,"FAIM2",1
"GO:0021697","cerebellar cortex formation","1/17","5/3464",0.2,40.7529411764706,6.24610171120705,0.0243123412596508,1,1,"FAIM2",1
"GO:0030033","microvillus assembly","1/17","5/3464",0.2,40.7529411764706,6.24610171120705,0.0243123412596508,1,1,"FSCN1",1
"GO:0032528","microvillus organization","1/17","5/3464",0.2,40.7529411764706,6.24610171120705,0.0243123412596508,1,1,"FSCN1",1
"GO:0032530","regulation of microvillus organization","1/17","5/3464",0.2,40.7529411764706,6.24610171120705,0.0243123412596508,1,1,"FSCN1",1
"GO:0032534","regulation of microvillus assembly","1/17","5/3464",0.2,40.7529411764706,6.24610171120705,0.0243123412596508,1,1,"FSCN1",1
"GO:0033014","tetrapyrrole biosynthetic process","1/17","5/3464",0.2,40.7529411764706,6.24610171120705,0.0243123412596508,1,1,"PGRMC1",1
"GO:0048670","regulation of collateral sprouting","1/17","5/3464",0.2,40.7529411764706,6.24610171120705,0.0243123412596508,1,1,"BCL11A",1
"GO:0061162","establishment of monopolar cell polarity","1/17","5/3464",0.2,40.7529411764706,6.24610171120705,0.0243123412596508,1,1,"FSCN1",1
"GO:0061339","establishment or maintenance of monopolar cell polarity","1/17","5/3464",0.2,40.7529411764706,6.24610171120705,0.0243123412596508,1,1,"FSCN1",1
"GO:0099515","actin filament-based transport","1/17","5/3464",0.2,40.7529411764706,6.24610171120705,0.0243123412596508,1,1,"SUN2",1
"GO:1905809","negative regulation of synapse organization","1/17","5/3464",0.2,40.7529411764706,6.24610171120705,0.0243123412596508,1,1,"PGRMC1",1
"GO:1990535","neuron projection maintenance","1/17","5/3464",0.2,40.7529411764706,6.24610171120705,0.0243123412596508,1,1,"ATP1A3",1
"GO:0000902","cell morphogenesis","4/17","243/3464",0.0164609053497942,3.35415153715807,2.67222027109959,0.0271848171231278,1,1,"KIF1A/BCL11A/PGRMC1/APLP1",4
"GO:0022409","positive regulation of cell-cell adhesion","2/17","54/3464",0.037037037037037,7.54684095860566,3.4047211297357,0.0279324180511754,1,1,"CD24/YWHAG",2
"GO:0061564","axon development","3/17","139/3464",0.0215827338129496,4.3977994075328,2.87104088002969,0.0284520409870784,1,1,"BCL11A/PGRMC1/APLP1",3
"GO:0051251","positive regulation of lymphocyte activation","2/17","55/3464",0.0363636363636364,7.4096256684492,3.36457780510152,0.0289034331712022,1,1,"CD24/YWHAG",2
"GO:1902850","microtubule cytoskeleton organization involved in mitosis","2/17","55/3464",0.0363636363636364,7.4096256684492,3.36457780510152,0.0289034331712022,1,1,"SUN2/STMN1",2
"GO:0010715","regulation of extracellular matrix disassembly","1/17","6/3464",0.166666666666667,33.9607843137255,5.67401830867103,0.0291075682612661,1,1,"FSCN1",1
"GO:0021680","cerebellar Purkinje cell layer development","1/17","6/3464",0.166666666666667,33.9607843137255,5.67401830867103,0.0291075682612661,1,1,"FAIM2",1
"GO:0021696","cerebellar cortex morphogenesis","1/17","6/3464",0.166666666666667,33.9607843137255,5.67401830867103,0.0291075682612661,1,1,"FAIM2",1
"GO:0042168","heme metabolic process","1/17","6/3464",0.166666666666667,33.9607843137255,5.67401830867103,0.0291075682612661,1,1,"PGRMC1",1
"GO:0046006","regulation of activated T cell proliferation","1/17","6/3464",0.166666666666667,33.9607843137255,5.67401830867103,0.0291075682612661,1,1,"CD24",1
"GO:0050798","activated T cell proliferation","1/17","6/3464",0.166666666666667,33.9607843137255,5.67401830867103,0.0291075682612661,1,1,"CD24",1
"GO:0061318","renal filtration cell differentiation","1/17","6/3464",0.166666666666667,33.9607843137255,5.67401830867103,0.0291075682612661,1,1,"CD24",1
"GO:0072010","glomerular epithelium development","1/17","6/3464",0.166666666666667,33.9607843137255,5.67401830867103,0.0291075682612661,1,1,"CD24",1
"GO:0072112","podocyte differentiation","1/17","6/3464",0.166666666666667,33.9607843137255,5.67401830867103,0.0291075682612661,1,1,"CD24",1
"GO:0072311","glomerular epithelial cell differentiation","1/17","6/3464",0.166666666666667,33.9607843137255,5.67401830867103,0.0291075682612661,1,1,"CD24",1
"GO:1902065","response to L-glutamate","1/17","6/3464",0.166666666666667,33.9607843137255,5.67401830867103,0.0291075682612661,1,1,"BCL11A",1
"GO:1901701","cellular response to oxygen-containing compound","4/17","252/3464",0.0158730158730159,3.234360410831,2.58640061355832,0.0306086738645316,1,1,"BCL11A/YWHAG/ATP1A3/APLP1",4
"GO:0002696","positive regulation of leukocyte activation","2/17","57/3464",0.0350877192982456,7.14963880288958,3.28723713349528,0.0308862135467513,1,1,"CD24/YWHAG",2
"GO:0002424","T cell mediated immune response to tumor cell","1/17","7/3464",0.142857142857143,29.109243697479,5.22731360461954,0.0338806079777375,1,1,"YWHAG",1
"GO:0002837","regulation of immune response to tumor cell","1/17","7/3464",0.142857142857143,29.109243697479,5.22731360461954,0.0338806079777375,1,1,"YWHAG",1
"GO:0002840","regulation of T cell mediated immune response to tumor cell","1/17","7/3464",0.142857142857143,29.109243697479,5.22731360461954,0.0338806079777375,1,1,"YWHAG",1
"GO:0006778","porphyrin-containing compound metabolic process","1/17","7/3464",0.142857142857143,29.109243697479,5.22731360461954,0.0338806079777375,1,1,"PGRMC1",1
"GO:0018345","protein palmitoylation","1/17","7/3464",0.142857142857143,29.109243697479,5.22731360461954,0.0338806079777375,1,1,"ZDHHC22",1
"GO:0021587","cerebellum morphogenesis","1/17","7/3464",0.142857142857143,29.109243697479,5.22731360461954,0.0338806079777375,1,1,"FAIM2",1
"GO:0031294","lymphocyte costimulation","1/17","7/3464",0.142857142857143,29.109243697479,5.22731360461954,0.0338806079777375,1,1,"CD24",1
"GO:0031295","T cell costimulation","1/17","7/3464",0.142857142857143,29.109243697479,5.22731360461954,0.0338806079777375,1,1,"CD24",1
"GO:0036376","sodium ion export across plasma membrane","1/17","7/3464",0.142857142857143,29.109243697479,5.22731360461954,0.0338806079777375,1,1,"ATP1A3",1
"GO:0048012","hepatocyte growth factor receptor signaling pathway","1/17","7/3464",0.142857142857143,29.109243697479,5.22731360461954,0.0338806079777375,1,1,"STMN1",1
"GO:0048668","collateral sprouting","1/17","7/3464",0.142857142857143,29.109243697479,5.22731360461954,0.0338806079777375,1,1,"BCL11A",1
"GO:0071634","regulation of transforming growth factor beta production","1/17","7/3464",0.142857142857143,29.109243697479,5.22731360461954,0.0338806079777375,1,1,"CD24",1
"GO:0106072","negative regulation of adenylate cyclase-activating G protein-coupled receptor signaling pathway","1/17","7/3464",0.142857142857143,29.109243697479,5.22731360461954,0.0338806079777375,1,1,"APLP1",1
"GO:1903055","positive regulation of extracellular matrix organization","1/17","7/3464",0.142857142857143,29.109243697479,5.22731360461954,0.0338806079777375,1,1,"FSCN1",1
"GO:1903859","regulation of dendrite extension","1/17","7/3464",0.142857142857143,29.109243697479,5.22731360461954,0.0338806079777375,1,1,"BCL11A",1
"GO:0050867","positive regulation of cell activation","2/17","60/3464",0.0333333333333333,6.7921568627451,3.17798050777686,0.0339601723569336,1,1,"CD24/YWHAG",2
"GO:0007420","brain development","3/17","153/3464",0.0196078431372549,3.99538638985006,2.66102553449345,0.0364347392356581,1,1,"SUN2/APLP1/FAIM2",3
"GO:0072657","protein localization to membrane","3/17","156/3464",0.0192307692307692,3.9185520361991,2.61925061434764,0.0382840558311455,1,1,"CD24/ZDHHC22/PGRMC1",3
"GO:0002418","immune response to tumor cell","1/17","8/3464",0.125,25.4705882352941,4.86555740240787,0.03863155668019,1,1,"YWHAG",1
"GO:0002711","positive regulation of T cell mediated immunity","1/17","8/3464",0.125,25.4705882352941,4.86555740240787,0.03863155668019,1,1,"YWHAG",1
"GO:0002834","regulation of response to tumor cell","1/17","8/3464",0.125,25.4705882352941,4.86555740240787,0.03863155668019,1,1,"YWHAG",1
"GO:0006883","intracellular sodium ion homeostasis","1/17","8/3464",0.125,25.4705882352941,4.86555740240787,0.03863155668019,1,1,"ATP1A3",1
"GO:0021575","hindbrain morphogenesis","1/17","8/3464",0.125,25.4705882352941,4.86555740240787,0.03863155668019,1,1,"FAIM2",1
"GO:0021801","cerebral cortex radial glia-guided migration","1/17","8/3464",0.125,25.4705882352941,4.86555740240787,0.03863155668019,1,1,"SUN2",1
"GO:0022030","telencephalon glial cell migration","1/17","8/3464",0.125,25.4705882352941,4.86555740240787,0.03863155668019,1,1,"SUN2",1
"GO:0030007","intracellular potassium ion homeostasis","1/17","8/3464",0.125,25.4705882352941,4.86555740240787,0.03863155668019,1,1,"ATP1A3",1
"GO:0030858","positive regulation of epithelial cell differentiation","1/17","8/3464",0.125,25.4705882352941,4.86555740240787,0.03863155668019,1,1,"CD24",1
"GO:0035088","establishment or maintenance of apical/basal cell polarity","1/17","8/3464",0.125,25.4705882352941,4.86555740240787,0.03863155668019,1,1,"FSCN1",1
"GO:0042953","lipoprotein transport","1/17","8/3464",0.125,25.4705882352941,4.86555740240787,0.03863155668019,1,1,"PGRMC1",1
"GO:0044872","lipoprotein localization","1/17","8/3464",0.125,25.4705882352941,4.86555740240787,0.03863155668019,1,1,"PGRMC1",1
"GO:0046148","pigment biosynthetic process","1/17","8/3464",0.125,25.4705882352941,4.86555740240787,0.03863155668019,1,1,"PGRMC1",1
"GO:0051457","maintenance of protein location in nucleus","1/17","8/3464",0.125,25.4705882352941,4.86555740240787,0.03863155668019,1,1,"SUN2",1
"GO:0061245","establishment or maintenance of bipolar cell polarity","1/17","8/3464",0.125,25.4705882352941,4.86555740240787,0.03863155668019,1,1,"FSCN1",1
"GO:0061756","leukocyte adhesion to vascular endothelial cell","1/17","8/3464",0.125,25.4705882352941,4.86555740240787,0.03863155668019,1,1,"PODXL2",1
"GO:0099519","dense core granule cytoskeletal transport","1/17","8/3464",0.125,25.4705882352941,4.86555740240787,0.03863155668019,1,1,"KIF1A",1
"GO:1901950","dense core granule transport","1/17","8/3464",0.125,25.4705882352941,4.86555740240787,0.03863155668019,1,1,"KIF1A",1
"GO:1990573","potassium ion import across plasma membrane","1/17","8/3464",0.125,25.4705882352941,4.86555740240787,0.03863155668019,1,1,"ATP1A3",1
"GO:0060322","head development","3/17","157/3464",0.0191082802547771,3.89359310603222,2.60555505727649,0.0389113224713282,1,1,"SUN2/APLP1/FAIM2",3
"GO:0007051","spindle organization","2/17","65/3464",0.0307692307692308,6.26968325791855,3.01158879675465,0.039340426985992,1,1,"SUN2/STMN1",2
"GO:0002347","response to tumor cell","1/17","9/3464",0.111111111111111,22.640522875817,4.56451925615948,0.0433605102497612,1,1,"YWHAG",1
"GO:0022617","extracellular matrix disassembly","1/17","9/3464",0.111111111111111,22.640522875817,4.56451925615948,0.0433605102497612,1,1,"FSCN1",1
"GO:0030517","negative regulation of axon extension","1/17","9/3464",0.111111111111111,22.640522875817,4.56451925615948,0.0433605102497612,1,1,"BCL11A",1
"GO:0033013","tetrapyrrole metabolic process","1/17","9/3464",0.111111111111111,22.640522875817,4.56451925615948,0.0433605102497612,1,1,"PGRMC1",1
"GO:0035850","epithelial cell differentiation involved in kidney development","1/17","9/3464",0.111111111111111,22.640522875817,4.56451925615948,0.0433605102497612,1,1,"CD24",1
"GO:0042102","positive regulation of T cell proliferation","1/17","9/3464",0.111111111111111,22.640522875817,4.56451925615948,0.0433605102497612,1,1,"CD24",1
"GO:0045123","cellular extravasation","1/17","9/3464",0.111111111111111,22.640522875817,4.56451925615948,0.0433605102497612,1,1,"PODXL2",1
"GO:0051642","centrosome localization","1/17","9/3464",0.111111111111111,22.640522875817,4.56451925615948,0.0433605102497612,1,1,"SUN2",1
"GO:0055075","potassium ion homeostasis","1/17","9/3464",0.111111111111111,22.640522875817,4.56451925615948,0.0433605102497612,1,1,"ATP1A3",1
"GO:0055078","sodium ion homeostasis","1/17","9/3464",0.111111111111111,22.640522875817,4.56451925615948,0.0433605102497612,1,1,"ATP1A3",1
"GO:0060688","regulation of morphogenesis of a branching structure","1/17","9/3464",0.111111111111111,22.640522875817,4.56451925615948,0.0433605102497612,1,1,"BCL11A",1
"GO:0061005","cell differentiation involved in kidney development","1/17","9/3464",0.111111111111111,22.640522875817,4.56451925615948,0.0433605102497612,1,1,"CD24",1
"GO:0061842","microtubule organizing center localization","1/17","9/3464",0.111111111111111,22.640522875817,4.56451925615948,0.0433605102497612,1,1,"SUN2",1
"GO:0071604","transforming growth factor beta production","1/17","9/3464",0.111111111111111,22.640522875817,4.56451925615948,0.0433605102497612,1,1,"CD24",1
"GO:0106070","regulation of adenylate cyclase-activating G protein-coupled receptor signaling pathway","1/17","9/3464",0.111111111111111,22.640522875817,4.56451925615948,0.0433605102497612,1,1,"APLP1",1
"GO:1902042","negative regulation of extrinsic apoptotic signaling pathway via death domain receptors","1/17","9/3464",0.111111111111111,22.640522875817,4.56451925615948,0.0433605102497612,1,1,"FAIM2",1
"GO:1903053","regulation of extracellular matrix organization","1/17","9/3464",0.111111111111111,22.640522875817,4.56451925615948,0.0433605102497612,1,1,"FSCN1",1
"GO:0030900","forebrain development","2/17","69/3464",0.0289855072463768,5.90622335890878,2.89056032026332,0.04386630243897,1,1,"SUN2/APLP1",2
"GO:1903037","regulation of leukocyte cell-cell adhesion","2/17","71/3464",0.028169014084507,5.73985086992544,2.83355721926486,0.0462002581957478,1,1,"CD24/YWHAG",2
"GO:0007155","cell adhesion","4/17","290/3464",0.0137931034482759,2.8105476673428,2.26170295642113,0.0478912574356629,1,1,"PODXL2/CD24/YWHAG/APLP1",4
"GO:0007097","nuclear migration","1/17","10/3464",0.1,20.3764705882353,4.30867336074276,0.0480675641790675,1,1,"SUN2",1
"GO:0042440","pigment metabolic process","1/17","10/3464",0.1,20.3764705882353,4.30867336074276,0.0480675641790675,1,1,"PGRMC1",1
"GO:0043627","response to estrogen","1/17","10/3464",0.1,20.3764705882353,4.30867336074276,0.0480675641790675,1,1,"CD24",1
"GO:0051647","nucleus localization","1/17","10/3464",0.1,20.3764705882353,4.30867336074276,0.0480675641790675,1,1,"SUN2",1
"GO:0061326","renal tubule development","1/17","10/3464",0.1,20.3764705882353,4.30867336074276,0.0480675641790675,1,1,"CD24",1
"GO:0072080","nephron tubule development","1/17","10/3464",0.1,20.3764705882353,4.30867336074276,0.0480675641790675,1,1,"CD24",1
"GO:0086064","cell communication by electrical coupling involved in cardiac conduction","1/17","10/3464",0.1,20.3764705882353,4.30867336074276,0.0480675641790675,1,1,"ATP1A3",1
"GO:0050863","regulation of T cell activation","2/17","74/3464",0.027027027027027,5.50715421303657,2.75200040392769,0.0497870934847453,1,1,"CD24/YWHAG",2
"GO:0051240","positive regulation of multicellular organismal process","4/17","295/3464",0.0135593220338983,2.7629112662014,2.22285127587835,0.050511791625639,1,1,"CD24/USP22/BCL11A/YWHAG",4
"GO:0016477","cell migration","4/17","296/3464",0.0135135135135135,2.75357710651828,2.21517581312573,0.051045652579464,1,1,"PODXL2/CD24/SUN2/FSCN1",4
"GO:0098609","cell-cell adhesion","3/17","177/3464",0.0169491525423729,3.45363908275174,2.35303033768243,0.0525813565964105,1,1,"PODXL2/CD24/YWHAG",3
"GO:0010644","cell communication by electrical coupling","1/17","11/3464",0.0909090909090909,18.524064171123,4.0875488226012,0.0527528135736696,1,1,"ATP1A3",1
"GO:0021695","cerebellar cortex development","1/17","11/3464",0.0909090909090909,18.524064171123,4.0875488226012,0.0527528135736696,1,1,"FAIM2",1
"GO:0021799","cerebral cortex radially oriented cell migration","1/17","11/3464",0.0909090909090909,18.524064171123,4.0875488226012,0.0527528135736696,1,1,"SUN2",1
"GO:0032252","secretory granule localization","1/17","11/3464",0.0909090909090909,18.524064171123,4.0875488226012,0.0527528135736696,1,1,"KIF1A",1
"GO:0032253","dense core granule localization","1/17","11/3464",0.0909090909090909,18.524064171123,4.0875488226012,0.0527528135736696,1,1,"KIF1A",1
"GO:0032835","glomerulus development","1/17","11/3464",0.0909090909090909,18.524064171123,4.0875488226012,0.0527528135736696,1,1,"CD24",1
"GO:0032946","positive regulation of mononuclear cell proliferation","1/17","11/3464",0.0909090909090909,18.524064171123,4.0875488226012,0.0527528135736696,1,1,"CD24",1
"GO:0042551","neuron maturation","1/17","11/3464",0.0909090909090909,18.524064171123,4.0875488226012,0.0527528135736696,1,1,"BCL11A",1
"GO:0050671","positive regulation of lymphocyte proliferation","1/17","11/3464",0.0909090909090909,18.524064171123,4.0875488226012,0.0527528135736696,1,1,"CD24",1
"GO:1902041","regulation of extrinsic apoptotic signaling pathway via death domain receptors","1/17","11/3464",0.0909090909090909,18.524064171123,4.0875488226012,0.0527528135736696,1,1,"FAIM2",1
"GO:0016358","dendrite development","2/17","79/3464",0.0253164556962025,5.15860014892033,2.62549646979576,0.0559859115019328,1,1,"KIF1A/BCL11A",2
"GO:0002709","regulation of T cell mediated immunity","1/17","12/3464",0.0833333333333333,16.9803921568627,3.89379180635183,0.0574163531535269,1,1,"YWHAG",1
"GO:0021795","cerebral cortex cell migration","1/17","12/3464",0.0833333333333333,16.9803921568627,3.89379180635183,0.0574163531535269,1,1,"SUN2",1
"GO:0042632","cholesterol homeostasis","1/17","12/3464",0.0833333333333333,16.9803921568627,3.89379180635183,0.0574163531535269,1,1,"CD24",1
"GO:0055092","sterol homeostasis","1/17","12/3464",0.0833333333333333,16.9803921568627,3.89379180635183,0.0574163531535269,1,1,"CD24",1
"GO:0097484","dendrite extension","1/17","12/3464",0.0833333333333333,16.9803921568627,3.89379180635183,0.0574163531535269,1,1,"BCL11A",1
"GO:1904645","response to amyloid-beta","1/17","12/3464",0.0833333333333333,16.9803921568627,3.89379180635183,0.0574163531535269,1,1,"ATP1A3",1
"GO:1904646","cellular response to amyloid-beta","1/17","12/3464",0.0833333333333333,16.9803921568627,3.89379180635183,0.0574163531535269,1,1,"ATP1A3",1
"GO:0008090","retrograde axonal transport","1/17","13/3464",0.0769230769230769,15.6742081447964,3.72206485538092,0.0620582772544509,1,1,"KIF1A",1
"GO:0008306","associative learning","1/17","13/3464",0.0769230769230769,15.6742081447964,3.72206485538092,0.0620582772544509,1,1,"PGRMC1",1
"GO:0008347","glial cell migration","1/17","13/3464",0.0769230769230769,15.6742081447964,3.72206485538092,0.0620582772544509,1,1,"SUN2",1
"GO:0051491","positive regulation of filopodium assembly","1/17","13/3464",0.0769230769230769,15.6742081447964,3.72206485538092,0.0620582772544509,1,1,"FSCN1",1
"GO:0022407","regulation of cell-cell adhesion","2/17","85/3464",0.0235294117647059,4.79446366782007,2.48711479236038,0.0637700479890289,1,1,"CD24/YWHAG",2
"GO:0045785","positive regulation of cell adhesion","2/17","86/3464",0.0232558139534884,4.73871409028728,2.46531105109876,0.0651023960984548,1,1,"CD24/YWHAG",2
"GO:0090150","establishment of protein localization to membrane","2/17","86/3464",0.0232558139534884,4.73871409028728,2.46531105109876,0.0651023960984548,1,1,"CD24/ZDHHC22",2
"GO:0010970","transport along microtubule","2/17","87/3464",0.0229885057471264,4.684246112238,2.4438401448215,0.0664444329998999,1,1,"KIF1A/SUN2",2
"GO:0001763","morphogenesis of a branching structure","1/17","14/3464",0.0714285714285714,14.5546218487395,3.56838693868789,0.0666786798295523,1,1,"BCL11A",1
"GO:0002456","T cell mediated immunity","1/17","14/3464",0.0714285714285714,14.5546218487395,3.56838693868789,0.0666786798295523,1,1,"YWHAG",1
"GO:0008625","extrinsic apoptotic signaling pathway via death domain receptors","1/17","14/3464",0.0714285714285714,14.5546218487395,3.56838693868789,0.0666786798295523,1,1,"FAIM2",1
"GO:0070665","positive regulation of leukocyte proliferation","1/17","14/3464",0.0714285714285714,14.5546218487395,3.56838693868789,0.0666786798295523,1,1,"CD24",1
"GO:0071867","response to monoamine","1/17","14/3464",0.0714285714285714,14.5546218487395,3.56838693868789,0.0666786798295523,1,1,"APLP1",1
"GO:0071868","cellular response to monoamine stimulus","1/17","14/3464",0.0714285714285714,14.5546218487395,3.56838693868789,0.0666786798295523,1,1,"APLP1",1
"GO:0071869","response to catecholamine","1/17","14/3464",0.0714285714285714,14.5546218487395,3.56838693868789,0.0666786798295523,1,1,"APLP1",1
"GO:0071870","cellular response to catecholamine stimulus","1/17","14/3464",0.0714285714285714,14.5546218487395,3.56838693868789,0.0666786798295523,1,1,"APLP1",1
"GO:0086065","cell communication involved in cardiac conduction","1/17","14/3464",0.0714285714285714,14.5546218487395,3.56838693868789,0.0666786798295523,1,1,"ATP1A3",1
"GO:0099111","microtubule-based transport","2/17","89/3464",0.0224719101123595,4.57898215465962,2.40186012641927,0.0691571175364578,1,1,"KIF1A/SUN2",2
"GO:1901700","response to oxygen-containing compound","4/17","328/3464",0.0121951219512195,2.48493543758967,1.98466189442486,0.0698452621628883,1,1,"BCL11A/YWHAG/ATP1A3/APLP1",4
"GO:0120035","regulation of plasma membrane bounded cell projection organization","3/17","200/3464",0.015,3.05647058823529,2.10374206132743,0.070875793989162,1,1,"KIF1A/BCL11A/FSCN1",3
"GO:0002708","positive regulation of lymphocyte mediated immunity","1/17","15/3464",0.0666666666666667,13.5843137254902,3.42971974555711,0.0712776544506819,1,1,"YWHAG",1
"GO:0002824","positive regulation of adaptive immune response based on somatic recombination of immune receptors built from immunoglobulin superfamily domains","1/17","15/3464",0.0666666666666667,13.5843137254902,3.42971974555711,0.0712776544506819,1,1,"YWHAG",1
"GO:0010592","positive regulation of lamellipodium assembly","1/17","15/3464",0.0666666666666667,13.5843137254902,3.42971974555711,0.0712776544506819,1,1,"FSCN1",1
"GO:0022029","telencephalon cell migration","1/17","15/3464",0.0666666666666667,13.5843137254902,3.42971974555711,0.0712776544506819,1,1,"SUN2",1
"GO:0045744","negative regulation of G protein-coupled receptor signaling pathway","1/17","15/3464",0.0666666666666667,13.5843137254902,3.42971974555711,0.0712776544506819,1,1,"APLP1",1
"GO:0072009","nephron epithelium development","1/17","15/3464",0.0666666666666667,13.5843137254902,3.42971974555711,0.0712776544506819,1,1,"CD24",1
"GO:0051249","regulation of lymphocyte activation","2/17","91/3464",0.021978021978022,4.47834518422754,2.36110482485153,0.0719071979682077,1,1,"CD24/YWHAG",2
"GO:0031344","regulation of cell projection organization","3/17","204/3464",0.0147058823529412,2.99653979238754,2.06402198479032,0.0743275304799657,1,1,"KIF1A/BCL11A/FSCN1",3
"GO:0048870","cell motility","4/17","336/3464",0.0119047619047619,2.42577030812325,1.93114950659656,0.0750624387237146,1,1,"PODXL2/CD24/SUN2/FSCN1",4
"GO:0002821","positive regulation of adaptive immune response","1/17","16/3464",0.0625,12.7352941176471,3.30369850001454,0.0758552943098695,1,1,"YWHAG",1
"GO:0007204","positive regulation of cytosolic calcium ion concentration","1/17","16/3464",0.0625,12.7352941176471,3.30369850001454,0.0758552943098695,1,1,"CD24",1
"GO:0010591","regulation of lamellipodium assembly","1/17","16/3464",0.0625,12.7352941176471,3.30369850001454,0.0758552943098695,1,1,"FSCN1",1
"GO:0021885","forebrain cell migration","1/17","16/3464",0.0625,12.7352941176471,3.30369850001454,0.0758552943098695,1,1,"SUN2",1
"GO:0072595","maintenance of protein localization in organelle","1/17","16/3464",0.0625,12.7352941176471,3.30369850001454,0.0758552943098695,1,1,"SUN2",1
"GO:0042110","T cell activation","2/17","94/3464",0.0212765957446809,4.33541927409262,2.30212804302617,0.0761004891098619,1,1,"CD24/YWHAG",2
"GO:0009653","anatomical structure morphogenesis","5/17","489/3464",0.0102249488752556,2.08348370022856,1.81536263193815,0.0796286130783312,1,1,"KIF1A/BCL11A/PGRMC1/APLP1/FAIM2",5
"GO:0002694","regulation of leukocyte activation","2/17","97/3464",0.0206185567010309,4.20133414190418,2.2455637043024,0.0803729598877108,1,1,"CD24/YWHAG",2
"GO:0030705","cytoskeleton-dependent intracellular transport","2/17","97/3464",0.0206185567010309,4.20133414190418,2.2455637043024,0.0803729598877108,1,1,"KIF1A/SUN2",2
"GO:0050771","negative regulation of axonogenesis","1/17","17/3464",0.0588235294117647,11.9861591695502,3.18845117226432,0.0804116922207551,1,1,"BCL11A",1
"GO:0140115","export across plasma membrane","1/17","17/3464",0.0588235294117647,11.9861591695502,3.18845117226432,0.0804116922207551,1,1,"ATP1A3",1
"GO:1902745","positive regulation of lamellipodium organization","1/17","17/3464",0.0588235294117647,11.9861591695502,3.18845117226432,0.0804116922207551,1,1,"FSCN1",1
"GO:1903047","mitotic cell cycle process","3/17","212/3464",0.0141509433962264,2.8834628190899,1.98737479751073,0.081462325101521,1,1,"SUN2/USP22/STMN1",3
"GO:0032481","positive regulation of type I interferon production","1/17","18/3464",0.0555555555555556,11.3202614379085,3.08247370078282,0.0849469406200143,1,1,"USP22",1
"GO:0042129","regulation of T cell proliferation","1/17","18/3464",0.0555555555555556,11.3202614379085,3.08247370078282,0.0849469406200143,1,1,"CD24",1
"GO:0048469","cell maturation","1/17","18/3464",0.0555555555555556,11.3202614379085,3.08247370078282,0.0849469406200143,1,1,"BCL11A",1
"GO:0051489","regulation of filopodium assembly","1/17","18/3464",0.0555555555555556,11.3202614379085,3.08247370078282,0.0849469406200143,1,1,"FSCN1",1
"GO:0072073","kidney epithelium development","1/17","18/3464",0.0555555555555556,11.3202614379085,3.08247370078282,0.0849469406200143,1,1,"CD24",1
"GO:0009725","response to hormone","3/17","216/3464",0.0138888888888889,2.83006535947712,1.95036336442861,0.0851431754201637,1,1,"CD24/YWHAG/ATP1A3",3
"GO:0072659","protein localization to plasma membrane","2/17","101/3464",0.0198019801980198,4.03494467093768,2.1735923454705,0.0861877551599996,1,1,"ZDHHC22/PGRMC1",2
"GO:0030029","actin filament-based process","3/17","220/3464",0.0136363636363636,2.77860962566845,1.91417491582522,0.0888981278383869,1,1,"SUN2/FSCN1/TAGLN3",3
"GO:0002705","positive regulation of leukocyte mediated immunity","1/17","19/3464",0.0526315789473684,10.7244582043344,2.98454180275065,0.0894611315687837,1,1,"YWHAG",1
"GO:0006497","protein lipidation","1/17","19/3464",0.0526315789473684,10.7244582043344,2.98454180275065,0.0894611315687837,1,1,"ZDHHC22",1
"GO:0007019","microtubule depolymerization","1/17","19/3464",0.0526315789473684,10.7244582043344,2.98454180275065,0.0894611315687837,1,1,"STMN1",1
"GO:0042098","T cell proliferation","1/17","19/3464",0.0526315789473684,10.7244582043344,2.98454180275065,0.0894611315687837,1,1,"CD24",1
"GO:0048640","negative regulation of developmental growth","1/17","19/3464",0.0526315789473684,10.7244582043344,2.98454180275065,0.0894611315687837,1,1,"BCL11A",1
"GO:0098659","inorganic cation import across plasma membrane","1/17","19/3464",0.0526315789473684,10.7244582043344,2.98454180275065,0.0894611315687837,1,1,"ATP1A3",1
"GO:0099587","inorganic ion import across plasma membrane","1/17","19/3464",0.0526315789473684,10.7244582043344,2.98454180275065,0.0894611315687837,1,1,"ATP1A3",1
"GO:1903078","positive regulation of protein localization to plasma membrane","1/17","19/3464",0.0526315789473684,10.7244582043344,2.98454180275065,0.0894611315687837,1,1,"PGRMC1",1
"GO:1904262","negative regulation of TORC1 signaling","1/17","19/3464",0.0526315789473684,10.7244582043344,2.98454180275065,0.0894611315687837,1,1,"YWHAG",1
"GO:0050865","regulation of cell activation","2/17","105/3464",0.019047619047619,3.8812324929972,2.10522256430122,0.0921314613816315,1,1,"CD24/YWHAG",2
"GO:0097435","supramolecular fiber organization","3/17","224/3464",0.0133928571428571,2.72899159663866,1.87877361014751,0.0927259898171992,1,1,"STMN1/FSCN1/TAGLN3",3
"GO:0030856","regulation of epithelial cell differentiation","1/17","20/3464",0.05,10.1882352941176,2.89364733004071,0.0939543567540758,1,1,"CD24",1
"GO:0032507","maintenance of protein location in cell","1/17","20/3464",0.05,10.1882352941176,2.89364733004071,0.0939543567540758,1,1,"SUN2",1
"GO:0032944","regulation of mononuclear cell proliferation","1/17","20/3464",0.05,10.1882352941176,2.89364733004071,0.0939543567540758,1,1,"CD24",1
"GO:0042158","lipoprotein biosynthetic process","1/17","20/3464",0.05,10.1882352941176,2.89364733004071,0.0939543567540758,1,1,"ZDHHC22",1
"GO:0043543","protein acylation","1/17","20/3464",0.05,10.1882352941176,2.89364733004071,0.0939543567540758,1,1,"ZDHHC22",1
"GO:0045185","maintenance of protein location","1/17","20/3464",0.05,10.1882352941176,2.89364733004071,0.0939543567540758,1,1,"SUN2",1
"GO:0050670","regulation of lymphocyte proliferation","1/17","20/3464",0.05,10.1882352941176,2.89364733004071,0.0939543567540758,1,1,"CD24",1
"GO:0099563","modification of synaptic structure","1/17","20/3464",0.05,10.1882352941176,2.89364733004071,0.0939543567540758,1,1,"PGRMC1",1
"GO:1902743","regulation of lamellipodium organization","1/17","20/3464",0.05,10.1882352941176,2.89364733004071,0.0939543567540758,1,1,"FSCN1",1
"GO:0042149","cellular response to glucose starvation","1/17","21/3464",0.0476190476190476,9.703081232493,2.80895148240088,0.098426707490191,1,1,"YWHAG",1
"GO:0046847","filopodium assembly","1/17","21/3464",0.0476190476190476,9.703081232493,2.80895148240088,0.098426707490191,1,1,"FSCN1",1
"GO:0047496","vesicle transport along microtubule","1/17","21/3464",0.0476190476190476,9.703081232493,2.80895148240088,0.098426707490191,1,1,"KIF1A",1
"GO:0072006","nephron development","1/17","21/3464",0.0476190476190476,9.703081232493,2.80895148240088,0.098426707490191,1,1,"CD24",1
"GO:0007612","learning","1/17","22/3464",0.0454545454545455,9.2620320855615,2.72974984120914,0.102878274720126,1,1,"PGRMC1",1
"GO:0021549","cerebellum development","1/17","22/3464",0.0454545454545455,9.2620320855615,2.72974984120914,0.102878274720126,1,1,"FAIM2",1
"GO:0032943","mononuclear cell proliferation","1/17","22/3464",0.0454545454545455,9.2620320855615,2.72974984120914,0.102878274720126,1,1,"CD24",1
"GO:0046651","lymphocyte proliferation","1/17","22/3464",0.0454545454545455,9.2620320855615,2.72974984120914,0.102878274720126,1,1,"CD24",1
"GO:0061337","cardiac conduction","1/17","22/3464",0.0454545454545455,9.2620320855615,2.72974984120914,0.102878274720126,1,1,"ATP1A3",1
"GO:0071230","cellular response to amino acid stimulus","1/17","22/3464",0.0454545454545455,9.2620320855615,2.72974984120914,0.102878274720126,1,1,"BCL11A",1
"GO:2001237","negative regulation of extrinsic apoptotic signaling pathway","1/17","22/3464",0.0454545454545455,9.2620320855615,2.72974984120914,0.102878274720126,1,1,"FAIM2",1
"GO:0050807","regulation of synapse organization","2/17","113/3464",0.0176991150442478,3.60645497136908,1.97802738128603,0.104379685478579,1,1,"KIF1A/PGRMC1",2
"GO:0050803","regulation of synapse structure or activity","2/17","114/3464",0.0175438596491228,3.57481940144479,1.96293925346907,0.105942622573343,1,1,"KIF1A/PGRMC1",2
"GO:0002706","regulation of lymphocyte mediated immunity","1/17","23/3464",0.0434782608695652,8.85933503836317,2.65544584774135,0.107309149016976,1,1,"YWHAG",1
"GO:0006469","negative regulation of protein kinase activity","1/17","23/3464",0.0434782608695652,8.85933503836317,2.65544584774135,0.107309149016976,1,1,"YWHAG",1
"GO:0007613","memory","1/17","23/3464",0.0434782608695652,8.85933503836317,2.65544584774135,0.107309149016976,1,1,"PGRMC1",1
"GO:0022037","metencephalon development","1/17","23/3464",0.0434782608695652,8.85933503836317,2.65544584774135,0.107309149016976,1,1,"FAIM2",1
"GO:0051235","maintenance of location","1/17","23/3464",0.0434782608695652,8.85933503836317,2.65544584774135,0.107309149016976,1,1,"SUN2",1
"GO:0051651","maintenance of location in cell","1/17","23/3464",0.0434782608695652,8.85933503836317,2.65544584774135,0.107309149016976,1,1,"SUN2",1
"GO:0061001","regulation of dendritic spine morphogenesis","1/17","23/3464",0.0434782608695652,8.85933503836317,2.65544584774135,0.107309149016976,1,1,"KIF1A",1
"GO:0070663","regulation of leukocyte proliferation","1/17","23/3464",0.0434782608695652,8.85933503836317,2.65544584774135,0.107309149016976,1,1,"CD24",1
"GO:0071229","cellular response to acid chemical","1/17","23/3464",0.0434782608695652,8.85933503836317,2.65544584774135,0.107309149016976,1,1,"BCL11A",1
"GO:0001817","regulation of cytokine production","2/17","115/3464",0.0173913043478261,3.54373401534527,1.9480186421187,0.107512330812831,1,1,"CD24/USP22",2
"GO:0034330","cell junction organization","3/17","239/3464",0.0125523012552301,2.55771597341866,1.7524774124932,0.107708593081366,1,1,"KIF1A/PGRMC1/FSCN1",3
"GO:0051668","localization within membrane","3/17","240/3464",0.0125,2.54705882352941,1.74439565465207,0.108741625556386,1,1,"CD24/ZDHHC22/PGRMC1",3
"GO:0001816","cytokine production","2/17","117/3464",0.0170940170940171,3.48315736551031,1.9186660125813,0.110671685027791,1,1,"CD24/USP22",2
"GO:0008089","anterograde axonal transport","1/17","24/3464",0.0416666666666667,8.49019607843137,2.58553041597311,0.111719420585331,1,1,"KIF1A",1
"GO:0032007","negative regulation of TOR signaling","1/17","24/3464",0.0416666666666667,8.49019607843137,2.58553041597311,0.111719420585331,1,1,"YWHAG",1
"GO:0050772","positive regulation of axonogenesis","1/17","24/3464",0.0416666666666667,8.49019607843137,2.58553041597311,0.111719420585331,1,1,"BCL11A",1
"GO:0031346","positive regulation of cell projection organization","2/17","120/3464",0.0166666666666667,3.39607843137255,1.87580886163793,0.1154591690734,1,1,"BCL11A/FSCN1",2
"GO:0030032","lamellipodium assembly","1/17","25/3464",0.04,8.15058823529412,2.51956606982239,0.116109179262672,1,1,"FSCN1",1
"GO:0033673","negative regulation of kinase activity","1/17","25/3464",0.04,8.15058823529412,2.51956606982239,0.116109179262672,1,1,"YWHAG",1
"GO:0042157","lipoprotein metabolic process","1/17","25/3464",0.04,8.15058823529412,2.51956606982239,0.116109179262672,1,1,"ZDHHC22",1
"GO:0060998","regulation of dendritic spine development","1/17","25/3464",0.04,8.15058823529412,2.51956606982239,0.116109179262672,1,1,"KIF1A",1
"GO:0007010","cytoskeleton organization","4/17","393/3464",0.0101781170483461,2.0739410267924,1.58769422599987,0.118013103587153,1,1,"SUN2/STMN1/FSCN1/TAGLN3",4
"GO:0045893","positive regulation of DNA-templated transcription","4/17","393/3464",0.0101781170483461,2.0739410267924,1.58769422599987,0.118013103587153,1,1,"USP22/BCL11A/PTMA/NFIX",4
"GO:0000278","mitotic cell cycle","3/17","249/3464",0.0120481927710843,2.45499645641389,1.67340547395829,0.118223464361238,1,1,"SUN2/USP22/STMN1",3
"GO:0007018","microtubule-based movement","2/17","122/3464",0.0163934426229508,3.3404050144648,1.84798217249916,0.11868205973499,1,1,"KIF1A/SUN2",2
"GO:1902680","positive regulation of RNA biosynthetic process","4/17","395/3464",0.010126582278481,2.06344005956813,1.57667864128675,0.11969680406806,1,1,"USP22/BCL11A/PTMA/NFIX",4
"GO:0007189","adenylate cyclase-activating G protein-coupled receptor signaling pathway","1/17","26/3464",0.0384615384615385,7.83710407239819,2.45717446357746,0.120478514520751,1,1,"APLP1",1
"GO:0016925","protein sumoylation","1/17","26/3464",0.0384615384615385,7.83710407239819,2.45717446357746,0.120478514520751,1,1,"BCL11A",1
"GO:0043200","response to amino acid","1/17","26/3464",0.0384615384615385,7.83710407239819,2.45717446357746,0.120478514520751,1,1,"BCL11A",1
"GO:0071695","anatomical structure maturation","1/17","26/3464",0.0384615384615385,7.83710407239819,2.45717446357746,0.120478514520751,1,1,"BCL11A",1
"GO:1904377","positive regulation of protein localization to cell periphery","1/17","26/3464",0.0384615384615385,7.83710407239819,2.45717446357746,0.120478514520751,1,1,"PGRMC1",1
"GO:1905477","positive regulation of protein localization to membrane","1/17","26/3464",0.0384615384615385,7.83710407239819,2.45717446357746,0.120478514520751,1,1,"PGRMC1",1
"GO:0002819","regulation of adaptive immune response","1/17","27/3464",0.037037037037037,7.54684095860566,2.3980264641181,0.124827515466983,1,1,"YWHAG",1
"GO:0002822","regulation of adaptive immune response based on somatic recombination of immune receptors built from immunoglobulin superfamily domains","1/17","27/3464",0.037037037037037,7.54684095860566,2.3980264641181,0.124827515466983,1,1,"YWHAG",1
"GO:0070661","leukocyte proliferation","1/17","27/3464",0.037037037037037,7.54684095860566,2.3980264641181,0.124827515466983,1,1,"CD24",1
"GO:0007015","actin filament organization","2/17","128/3464",0.015625,3.18382352941176,1.76782621421698,0.128492791616071,1,1,"FSCN1/TAGLN3",2
"GO:0001101","response to acid chemical","1/17","28/3464",0.0357142857142857,7.27731092436975,2.34183419543624,0.12915627084582,1,1,"BCL11A",1
"GO:0099518","vesicle cytoskeletal trafficking","1/17","28/3464",0.0357142857142857,7.27731092436975,2.34183419543624,0.12915627084582,1,1,"KIF1A",1
"GO:2001236","regulation of extrinsic apoptotic signaling pathway","1/17","28/3464",0.0357142857142857,7.27731092436975,2.34183419543624,0.12915627084582,1,1,"FAIM2",1
"GO:0046649","lymphocyte activation","2/17","129/3464",0.0155038759689922,3.15914272685818,1.75492415801742,0.130147711946569,1,1,"CD24/YWHAG",2
"GO:0021987","cerebral cortex development","1/17","29/3464",0.0344827586206897,7.026369168357,2.28834460226771,0.133464869040122,1,1,"SUN2",1
"GO:0055088","lipid homeostasis","1/17","29/3464",0.0344827586206897,7.026369168357,2.28834460226771,0.133464869040122,1,1,"CD24",1
"GO:1902117","positive regulation of organelle assembly","1/17","29/3464",0.0344827586206897,7.026369168357,2.28834460226771,0.133464869040122,1,1,"FSCN1",1
"GO:0043254","regulation of protein-containing complex assembly","2/17","131/3464",0.0152671755725191,3.11091154018859,1.72949013805466,0.133473750529384,1,1,"BCL11A/FSCN1",2
"GO:0009607","response to biotic stimulus","3/17","264/3464",0.0113636363636364,2.31550802139037,1.5615307454365,0.134732395618033,1,1,"CD24/YWHAG/STMN1",3
"GO:0045944","positive regulation of transcription by RNA polymerase II","3/17","264/3464",0.0113636363636364,2.31550802139037,1.5615307454365,0.134732395618033,1,1,"BCL11A/PTMA/NFIX",3
"GO:0097190","apoptotic signaling pathway","2/17","133/3464",0.0150375939849624,3.0641309155241,1.70453454555545,0.136820825650612,1,1,"CD24/FAIM2",2
"GO:1990778","protein localization to cell periphery","2/17","133/3464",0.0150375939849624,3.0641309155241,1.70453454555545,0.136820825650612,1,1,"ZDHHC22/PGRMC1",2
"GO:0016579","protein deubiquitination","1/17","30/3464",0.0333333333333333,6.7921568627451,2.23733420130565,0.137753398072529,1,1,"USP22",1
"GO:0030902","hindbrain development","1/17","30/3464",0.0333333333333333,6.7921568627451,2.23733420130565,0.137753398072529,1,1,"FAIM2",1
"GO:0002703","regulation of leukocyte mediated immunity","1/17","31/3464",0.032258064516129,6.573055028463,2.18860476927027,0.142021945606823,1,1,"YWHAG",1
"GO:0060997","dendritic spine morphogenesis","1/17","31/3464",0.032258064516129,6.573055028463,2.18860476927027,0.142021945606823,1,1,"KIF1A",1
"GO:0030048","actin filament-based movement","1/17","32/3464",0.03125,6.36764705882353,2.14197977629034,0.146270598949289,1,1,"SUN2",1
"GO:0030516","regulation of axon extension","1/17","32/3464",0.03125,6.36764705882353,2.14197977629034,0.146270598949289,1,1,"BCL11A",1
"GO:0048639","positive regulation of developmental growth","1/17","32/3464",0.03125,6.36764705882353,2.14197977629034,0.146270598949289,1,1,"BCL11A",1
"GO:0050768","negative regulation of neurogenesis","1/17","32/3464",0.03125,6.36764705882353,2.14197977629034,0.146270598949289,1,1,"BCL11A",1
"GO:0071805","potassium ion transmembrane transport","1/17","32/3464",0.03125,6.36764705882353,2.14197977629034,0.146270598949289,1,1,"ATP1A3",1
"GO:0007017","microtubule-based process","3/17","276/3464",0.0108695652173913,2.21483375959079,1.47721021328888,0.148531830524969,1,1,"KIF1A/SUN2/STMN1",3
"GO:0000086","G2/M transition of mitotic cell cycle","1/17","33/3464",0.0303030303030303,6.174688057041,2.09730141687957,0.150499445050064,1,1,"USP22",1
"GO:0001933","negative regulation of protein phosphorylation","1/17","33/3464",0.0303030303030303,6.174688057041,2.09730141687957,0.150499445050064,1,1,"YWHAG",1
"GO:0007043","cell-cell junction assembly","1/17","33/3464",0.0303030303030303,6.174688057041,2.09730141687957,0.150499445050064,1,1,"FSCN1",1
"GO:0035725","sodium ion transmembrane transport","1/17","33/3464",0.0303030303030303,6.174688057041,2.09730141687957,0.150499445050064,1,1,"ATP1A3",1
"GO:0097581","lamellipodium organization","1/17","33/3464",0.0303030303030303,6.174688057041,2.09730141687957,0.150499445050064,1,1,"FSCN1",1
"GO:0002699","positive regulation of immune effector process","1/17","34/3464",0.0294117647058824,5.99307958477509,2.05442812358678,0.154708570504494,1,1,"YWHAG",1
"GO:0006612","protein targeting to membrane","1/17","34/3464",0.0294117647058824,5.99307958477509,2.05442812358678,0.154708570504494,1,1,"ZDHHC22",1
"GO:0008016","regulation of heart contraction","1/17","34/3464",0.0294117647058824,5.99307958477509,2.05442812358678,0.154708570504494,1,1,"ATP1A3",1
"GO:0021953","central nervous system neuron differentiation","1/17","34/3464",0.0294117647058824,5.99307958477509,2.05442812358678,0.154708570504494,1,1,"FAIM2",1
"GO:0050773","regulation of dendrite development","1/17","34/3464",0.0294117647058824,5.99307958477509,2.05442812358678,0.154708570504494,1,1,"BCL11A",1
"GO:0051961","negative regulation of nervous system development","1/17","34/3464",0.0294117647058824,5.99307958477509,2.05442812358678,0.154708570504494,1,1,"BCL11A",1
"GO:0010975","regulation of neuron projection development","2/17","144/3464",0.0138888888888889,2.83006535947712,1.57510267649864,0.155576554776731,1,1,"KIF1A/BCL11A",2
"GO:0022411","cellular component disassembly","2/17","144/3464",0.0138888888888889,2.83006535947712,1.57510267649864,0.155576554776731,1,1,"STMN1/FSCN1",2
"GO:0006915","apoptotic process","4/17","435/3464",0.00919540229885057,1.8736984448952,1.36831667422079,0.155678157082621,1,1,"CD24/PTMA/APLP1/FAIM2",4
"GO:0002449","lymphocyte mediated immunity","1/17","35/3464",0.0285714285714286,5.8218487394958,2.01323247317749,0.158898061554472,1,1,"YWHAG",1
"GO:0007188","adenylate cyclase-modulating G protein-coupled receptor signaling pathway","1/17","35/3464",0.0285714285714286,5.8218487394958,2.01323247317749,0.158898061554472,1,1,"APLP1",1
"GO:0030010","establishment of cell polarity","1/17","35/3464",0.0285714285714286,5.8218487394958,2.01323247317749,0.158898061554472,1,1,"FSCN1",1
"GO:0044839","cell cycle G2/M phase transition","1/17","35/3464",0.0285714285714286,5.8218487394958,2.01323247317749,0.158898061554472,1,1,"USP22",1
"GO:0030001","metal ion transport","2/17","147/3464",0.0136054421768707,2.77230892356943,1.54189720265642,0.160784758888055,1,1,"ATP1A3/FAIM2",2
"GO:0048513","animal organ development","4/17","442/3464",0.00904977375565611,1.8440244876231,1.33397907245798,0.162402315012307,1,1,"CD24/SUN2/APLP1/FAIM2",4
"GO:0051254","positive regulation of RNA metabolic process","4/17","442/3464",0.00904977375565611,1.8440244876231,1.33397907245798,0.162402315012307,1,1,"USP22/BCL11A/PTMA/NFIX",4
"GO:0002237","response to molecule of bacterial origin","1/17","36/3464",0.0277777777777778,5.66013071895425,1.9735994140954,0.163068004089781,1,1,"CD24",1
"GO:0008277","regulation of G protein-coupled receptor signaling pathway","1/17","36/3464",0.0277777777777778,5.66013071895425,1.9735994140954,0.163068004089781,1,1,"APLP1",1
"GO:0042326","negative regulation of phosphorylation","1/17","36/3464",0.0277777777777778,5.66013071895425,1.9735994140954,0.163068004089781,1,1,"YWHAG",1
"GO:0043086","negative regulation of catalytic activity","1/17","36/3464",0.0277777777777778,5.66013071895425,1.9735994140954,0.163068004089781,1,1,"YWHAG",1
"GO:0045931","positive regulation of mitotic cell cycle","1/17","36/3464",0.0277777777777778,5.66013071895425,1.9735994140954,0.163068004089781,1,1,"USP22",1
"GO:0061387","regulation of extent of cell growth","1/17","36/3464",0.0277777777777778,5.66013071895425,1.9735994140954,0.163068004089781,1,1,"BCL11A",1
"GO:0045321","leukocyte activation","2/17","150/3464",0.0133333333333333,2.71686274509804,1.5095066098,0.166028927918195,1,1,"CD24/YWHAG",2
"GO:0006813","potassium ion transport","1/17","37/3464",0.027027027027027,5.50715421303657,1.9354247584772,0.167218483649429,1,1,"ATP1A3",1
"GO:0032479","regulation of type I interferon production","1/17","37/3464",0.027027027027027,5.50715421303657,1.9354247584772,0.167218483649429,1,1,"USP22",1
"GO:0032606","type I interferon production","1/17","37/3464",0.027027027027027,5.50715421303657,1.9354247584772,0.167218483649429,1,1,"USP22",1
"GO:0097191","extrinsic apoptotic signaling pathway","1/17","37/3464",0.027027027027027,5.50715421303657,1.9354247584772,0.167218483649429,1,1,"FAIM2",1
"GO:0070887","cellular response to chemical stimulus","4/17","447/3464",0.00894854586129754,1.82339781550204,1.30980270110496,0.167278156534423,1,1,"BCL11A/YWHAG/ATP1A3/APLP1",4
"GO:0030155","regulation of cell adhesion","2/17","153/3464",0.0130718954248366,2.6635909265667,1.47789211753988,0.171307075395814,1,1,"CD24/YWHAG",2
"GO:0012501","programmed cell death","4/17","452/3464",0.00884955752212389,1.80322748568454,1.28590936617925,0.17221325195532,1,1,"CD24/PTMA/APLP1/FAIM2",4
"GO:0008219","cell death","4/17","454/3464",0.00881057268722467,1.79528375226743,1.27642956020942,0.174203585055104,1,1,"CD24/PTMA/APLP1/FAIM2",4
"GO:0001959","regulation of cytokine-mediated signaling pathway","1/17","39/3464",0.0256410256410256,5.22473604826546,1.86308067363784,0.17546139425188,1,1,"CD24",1
"GO:0006997","nucleus organization","1/17","39/3464",0.0256410256410256,5.22473604826546,1.86308067363784,0.17546139425188,1,1,"SUN2",1
"GO:0043524","negative regulation of neuron apoptotic process","1/17","39/3464",0.0256410256410256,5.22473604826546,1.86308067363784,0.17546139425188,1,1,"FAIM2",1
"GO:0060047","heart contraction","1/17","39/3464",0.0256410256410256,5.22473604826546,1.86308067363784,0.17546139425188,1,1,"ATP1A3",1
"GO:0098930","axonal transport","1/17","39/3464",0.0256410256410256,5.22473604826546,1.86308067363784,0.17546139425188,1,1,"KIF1A",1
"GO:0006814","sodium ion transport","1/17","40/3464",0.025,5.09411764705882,1.82874646928882,0.179553994630775,1,1,"ATP1A3",1
"GO:0021543","pallium development","1/17","40/3464",0.025,5.09411764705882,1.82874646928882,0.179553994630775,1,1,"SUN2",1
"GO:0060996","dendritic spine development","1/17","40/3464",0.025,5.09411764705882,1.82874646928882,0.179553994630775,1,1,"KIF1A",1
"GO:0097061","dendritic spine organization","1/17","40/3464",0.025,5.09411764705882,1.82874646928882,0.179553994630775,1,1,"KIF1A",1
"GO:0120034","positive regulation of plasma membrane bounded cell projection assembly","1/17","40/3464",0.025,5.09411764705882,1.82874646928882,0.179553994630775,1,1,"FSCN1",1
"GO:1903076","regulation of protein localization to plasma membrane","1/17","40/3464",0.025,5.09411764705882,1.82874646928882,0.179553994630775,1,1,"PGRMC1",1
"GO:1903432","regulation of TORC1 signaling","1/17","40/3464",0.025,5.09411764705882,1.82874646928882,0.179553994630775,1,1,"YWHAG",1
"GO:0098655","monoatomic cation transmembrane transport","2/17","159/3464",0.0125786163522013,2.56307806141324,1.41684898240877,0.181957579218301,1,1,"ATP1A3/FAIM2",2
"GO:0000281","mitotic cytokinesis","1/17","41/3464",0.024390243902439,4.96987087517934,1.79553933875927,0.183627470708835,1,1,"STMN1",1
"GO:0001822","kidney development","1/17","41/3464",0.024390243902439,4.96987087517934,1.79553933875927,0.183627470708835,1,1,"CD24",1
"GO:0003015","heart process","1/17","41/3464",0.024390243902439,4.96987087517934,1.79553933875927,0.183627470708835,1,1,"ATP1A3",1
"GO:0045216","cell-cell junction organization","1/17","41/3464",0.024390243902439,4.96987087517934,1.79553933875927,0.183627470708835,1,1,"FSCN1",1
"GO:0051321","meiotic cell cycle","1/17","41/3464",0.024390243902439,4.96987087517934,1.79553933875927,0.183627470708835,1,1,"SUN2",1
"GO:0060759","regulation of response to cytokine stimulus","1/17","41/3464",0.024390243902439,4.96987087517934,1.79553933875927,0.183627470708835,1,1,"CD24",1
"GO:0070646","protein modification by small protein removal","1/17","41/3464",0.024390243902439,4.96987087517934,1.79553933875927,0.183627470708835,1,1,"USP22",1
"GO:0072001","renal system development","1/17","41/3464",0.024390243902439,4.96987087517934,1.79553933875927,0.183627470708835,1,1,"CD24",1
"GO:0045597","positive regulation of cell differentiation","2/17","160/3464",0.0125,2.54705882352941,1.40694416890325,0.183744060972792,1,1,"CD24/BCL11A",2
"GO:0051656","establishment of organelle localization","2/17","160/3464",0.0125,2.54705882352941,1.40694416890325,0.183744060972792,1,1,"KIF1A/SUN2",2
"GO:0051493","regulation of cytoskeleton organization","2/17","161/3464",0.0124223602484472,2.53123858238948,1.39711314674186,0.185533616911245,1,1,"STMN1/FSCN1",2
"GO:0002460","adaptive immune response based on somatic recombination of immune receptors built from immunoglobulin superfamily domains","1/17","42/3464",0.0238095238095238,4.8515406162465,1.76339331238298,0.187681906291058,1,1,"YWHAG",1
"GO:0050776","regulation of immune response","2/17","164/3464",0.0121951219512195,2.48493543758967,1.36805195337789,0.190920060282514,1,1,"CD24/YWHAG",2
"GO:0001818","negative regulation of cytokine production","1/17","43/3464",0.0232558139534884,4.73871409028728,1.73224776709966,0.191717384839583,1,1,"CD24",1
"GO:0010563","negative regulation of phosphorus metabolic process","1/17","43/3464",0.0232558139534884,4.73871409028728,1.73224776709966,0.191717384839583,1,1,"YWHAG",1
"GO:0010977","negative regulation of neuron projection development","1/17","43/3464",0.0232558139534884,4.73871409028728,1.73224776709966,0.191717384839583,1,1,"BCL11A",1
"GO:0018205","peptidyl-lysine modification","1/17","43/3464",0.0232558139534884,4.73871409028728,1.73224776709966,0.191717384839583,1,1,"BCL11A",1
"GO:0030308","negative regulation of cell growth","1/17","43/3464",0.0232558139534884,4.73871409028728,1.73224776709966,0.191717384839583,1,1,"BCL11A",1
"GO:0031110","regulation of microtubule polymerization or depolymerization","1/17","43/3464",0.0232558139534884,4.73871409028728,1.73224776709966,0.191717384839583,1,1,"STMN1",1
"GO:0045936","negative regulation of phosphate metabolic process","1/17","43/3464",0.0232558139534884,4.73871409028728,1.73224776709966,0.191717384839583,1,1,"YWHAG",1
"GO:0048675","axon extension","1/17","43/3464",0.0232558139534884,4.73871409028728,1.73224776709966,0.191717384839583,1,1,"BCL11A",1
"GO:0061640","cytoskeleton-dependent cytokinesis","1/17","43/3464",0.0232558139534884,4.73871409028728,1.73224776709966,0.191717384839583,1,1,"STMN1",1
"GO:1903522","regulation of blood circulation","1/17","43/3464",0.0232558139534884,4.73871409028728,1.73224776709966,0.191717384839583,1,1,"ATP1A3",1
"GO:0045595","regulation of cell differentiation","3/17","312/3464",0.00961538461538462,1.95927601809955,1.24726244110889,0.192674711653686,1,1,"CD24/BCL11A/YWHAG",3
"GO:0050770","regulation of axonogenesis","1/17","44/3464",0.0227272727272727,4.63101604278075,1.70204687960537,0.19573398947499,1,1,"BCL11A",1
"GO:0051260","protein homooligomerization","1/17","44/3464",0.0227272727272727,4.63101604278075,1.70204687960537,0.19573398947499,1,1,"BCL11A",1
"GO:0007611","learning or memory","1/17","45/3464",0.0222222222222222,4.5281045751634,1.67273914647558,0.1997318029776,1,1,"PGRMC1",1
"GO:0009792","embryo development ending in birth or egg hatching","1/17","45/3464",0.0222222222222222,4.5281045751634,1.67273914647558,0.1997318029776,1,1,"USP22",1
"GO:0038202","TORC1 signaling","1/17","45/3464",0.0222222222222222,4.5281045751634,1.67273914647558,0.1997318029776,1,1,"YWHAG",1
"GO:0032870","cellular response to hormone stimulus","2/17","170/3464",0.0117647058823529,2.39723183391003,1.31178058814826,0.20176703621522,1,1,"YWHAG/ATP1A3",2
"GO:0051261","protein depolymerization","1/17","46/3464",0.0217391304347826,4.42966751918159,1.64427696176875,0.203710907788767,1,1,"STMN1",1
"GO:0001775","cell activation","2/17","173/3464",0.0115606936416185,2.35566133968038,1.28451856759154,0.207224115605707,1,1,"CD24/YWHAG",2
"GO:0045926","negative regulation of growth","1/17","47/3464",0.0212765957446809,4.33541927409262,1.61661624413807,0.20767138601217,1,1,"BCL11A",1
"GO:0051017","actin filament bundle assembly","1/17","47/3464",0.0212765957446809,4.33541927409262,1.61661624413807,0.20767138601217,1,1,"FSCN1",1
"GO:0061572","actin filament bundle organization","1/17","47/3464",0.0212765957446809,4.33541927409262,1.61661624413807,0.20767138601217,1,1,"FSCN1",1
"GO:0098739","import across plasma membrane","1/17","47/3464",0.0212765957446809,4.33541927409262,1.61661624413807,0.20767138601217,1,1,"ATP1A3",1
"GO:0009968","negative regulation of signal transduction","3/17","324/3464",0.00925925925925926,1.88671023965142,1.17711655998499,0.208170364441972,1,1,"YWHAG/APLP1/FAIM2",3
"GO:0007163","establishment or maintenance of cell polarity","1/17","48/3464",0.0208333333333333,4.24509803921569,1.58971610672917,0.211613319415094,1,1,"FSCN1",1
"GO:0008088","axo-dendritic transport","1/17","48/3464",0.0208333333333333,4.24509803921569,1.58971610672917,0.211613319415094,1,1,"KIF1A",1
"GO:0031334","positive regulation of protein-containing complex assembly","1/17","48/3464",0.0208333333333333,4.24509803921569,1.58971610672917,0.211613319415094,1,1,"FSCN1",1
"GO:0002443","leukocyte mediated immunity","1/17","49/3464",0.0204081632653061,4.15846338535414,1.56353856417408,0.215536789429715,1,1,"YWHAG",1
"GO:0002697","regulation of immune effector process","1/17","49/3464",0.0204081632653061,4.15846338535414,1.56353856417408,0.215536789429715,1,1,"YWHAG",1
"GO:0021537","telencephalon development","1/17","49/3464",0.0204081632653061,4.15846338535414,1.56353856417408,0.215536789429715,1,1,"SUN2",1
"GO:0030307","positive regulation of cell growth","1/17","49/3464",0.0204081632653061,4.15846338535414,1.56353856417408,0.215536789429715,1,1,"BCL11A",1
"GO:1902600","proton transmembrane transport","1/17","49/3464",0.0204081632653061,4.15846338535414,1.56353856417408,0.215536789429715,1,1,"ATP1A3",1
"GO:0022402","cell cycle process","3/17","330/3464",0.00909090909090909,1.8524064171123,1.14310006423662,0.216042166195459,1,1,"SUN2/USP22/STMN1",3
"GO:0022603","regulation of anatomical structure morphogenesis","2/17","178/3464",0.0112359550561798,2.28949107732981,1.24029395704234,0.216363237882506,1,1,"KIF1A/BCL11A",2
"GO:0034220","monoatomic ion transmembrane transport","2/17","179/3464",0.0111731843575419,2.27670062438383,1.2316234920931,0.218197120058065,1,1,"ATP1A3/FAIM2",2
"GO:0048878","chemical homeostasis","2/17","180/3464",0.0111111111111111,2.2640522875817,1.2230093633869,0.220032884006931,1,1,"CD24/ATP1A3",2
"GO:0000226","microtubule cytoskeleton organization","2/17","181/3464",0.0110497237569061,2.25154371140721,1.21445082210847,0.22187047174023,1,1,"SUN2/STMN1",2
"GO:0050808","synapse organization","2/17","181/3464",0.0110497237569061,2.25154371140721,1.21445082210847,0.22187047174023,1,1,"KIF1A/PGRMC1",2
"GO:0008361","regulation of cell size","1/17","51/3464",0.0196078431372549,3.99538638985006,1.51321229326429,0.223328663354831,1,1,"BCL11A",1
"GO:0031333","negative regulation of protein-containing complex assembly","1/17","51/3464",0.0196078431372549,3.99538638985006,1.51321229326429,0.223328663354831,1,1,"BCL11A",1
"GO:0043066","negative regulation of apoptotic process","2/17","183/3464",0.0109289617486339,2.22693667630987,1.19749757680816,0.225550888891595,1,1,"PTMA/FAIM2",2
"GO:0010648","negative regulation of cell communication","3/17","338/3464",0.00887573964497041,1.80856247824574,1.09877181809049,0.226655327040063,1,1,"YWHAG/APLP1/FAIM2",3
"GO:0050890","cognition","1/17","52/3464",0.0192307692307692,3.9185520361991,1.4889998920951,0.227197228465574,1,1,"PGRMC1",1
"GO:0050900","leukocyte migration","1/17","52/3464",0.0192307692307692,3.9185520361991,1.4889998920951,0.227197228465574,1,1,"PODXL2",1
"GO:0071383","cellular response to steroid hormone stimulus","1/17","52/3464",0.0192307692307692,3.9185520361991,1.4889998920951,0.227197228465574,1,1,"ATP1A3",1
"GO:0023057","negative regulation of signaling","3/17","339/3464",0.00884955752212389,1.80322748568454,1.09331036203181,0.227990895360796,1,1,"YWHAG/APLP1/FAIM2",3
"GO:0051241","negative regulation of multicellular organismal process","2/17","185/3464",0.0108108108108108,2.20286168521463,1.18075804187019,0.229237916712026,1,1,"CD24/BCL11A",2
"GO:0010721","negative regulation of cell development","1/17","53/3464",0.0188679245283019,3.84461709211987,1.46538234577257,0.231047652591039,1,1,"BCL11A",1
"GO:0032006","regulation of TOR signaling","1/17","53/3464",0.0188679245283019,3.84461709211987,1.46538234577257,0.231047652591039,1,1,"YWHAG",1
"GO:0048167","regulation of synaptic plasticity","1/17","53/3464",0.0188679245283019,3.84461709211987,1.46538234577257,0.231047652591039,1,1,"YWHAG",1
"GO:0009719","response to endogenous stimulus","3/17","343/3464",0.0087463556851312,1.7821985937232,1.07163594230218,0.233352016630215,1,1,"CD24/YWHAG/ATP1A3",3
"GO:0002684","positive regulation of immune system process","2/17","188/3464",0.0106382978723404,2.16770963704631,1.15603746047513,0.234779876270951,1,1,"CD24/YWHAG",2
"GO:0002250","adaptive immune response","1/17","54/3464",0.0185185185185185,3.77342047930283,1.4423327780877,0.234880015506886,1,1,"YWHAG",1
"GO:0009617","response to bacterium","1/17","55/3464",0.0181818181818182,3.7048128342246,1.41982600852691,0.23869439666125,1,1,"CD24",1
"GO:0048813","dendrite morphogenesis","1/17","55/3464",0.0181818181818182,3.7048128342246,1.41982600852691,0.23869439666125,1,1,"KIF1A",1
"GO:1990138","neuron projection extension","1/17","55/3464",0.0181818181818182,3.7048128342246,1.41982600852691,0.23869439666125,1,1,"BCL11A",1
"GO:0006812","monoatomic cation transport","2/17","192/3464",0.0104166666666667,2.12254901960784,1.12377494868417,0.242188174877218,1,1,"ATP1A3/FAIM2",2
"GO:0043069","negative regulation of programmed cell death","2/17","192/3464",0.0104166666666667,2.12254901960784,1.12377494868417,0.242188174877218,1,1,"PTMA/FAIM2",2
"GO:0044092","negative regulation of molecular function","1/17","56/3464",0.0178571428571429,3.63865546218487,1.39783841640465,0.242490875175992,1,1,"YWHAG",1
"GO:0010976","positive regulation of neuron projection development","1/17","57/3464",0.0175438596491228,3.57481940144479,1.37634781810215,0.246269529847943,1,1,"BCL11A",1
"GO:0031400","negative regulation of protein modification process","1/17","57/3464",0.0175438596491228,3.57481940144479,1.37634781810215,0.246269529847943,1,1,"YWHAG",1
"GO:0043523","regulation of neuron apoptotic process","1/17","57/3464",0.0175438596491228,3.57481940144479,1.37634781810215,0.246269529847943,1,1,"FAIM2",1
"GO:0045927","positive regulation of growth","1/17","57/3464",0.0175438596491228,3.57481940144479,1.37634781810215,0.246269529847943,1,1,"BCL11A",1
"GO:0070588","calcium ion transmembrane transport","1/17","57/3464",0.0175438596491228,3.57481940144479,1.37634781810215,0.246269529847943,1,1,"FAIM2",1
"GO:0002768","immune response-regulating cell surface receptor signaling pathway","1/17","58/3464",0.0172413793103448,3.5131845841785,1.3553333559419,0.25003043915014,1,1,"CD24",1
"GO:1904375","regulation of protein localization to cell periphery","1/17","58/3464",0.0172413793103448,3.5131845841785,1.3553333559419,0.25003043915014,1,1,"PGRMC1",1
"GO:2001234","negative regulation of apoptotic signaling pathway","1/17","58/3464",0.0172413793103448,3.5131845841785,1.3553333559419,0.25003043915014,1,1,"FAIM2",1
"GO:0022604","regulation of cell morphogenesis","1/17","59/3464",0.0169491525423729,3.45363908275174,1.33477539741468,0.253773681233067,1,1,"BCL11A",1
"GO:1905475","regulation of protein localization to membrane","1/17","59/3464",0.0169491525423729,3.45363908275174,1.33477539741468,0.253773681233067,1,1,"PGRMC1",1
"GO:0030036","actin cytoskeleton organization","2/17","199/3464",0.0100502512562814,2.04788649127993,1.06912688780334,0.25519549821978,1,1,"FSCN1/TAGLN3",2
"GO:0007411","axon guidance","1/17","60/3464",0.0166666666666667,3.39607843137255,1.31465544363687,0.257499333925883,1,1,"PGRMC1",1
"GO:0031109","microtubule polymerization or depolymerization","1/17","60/3464",0.0166666666666667,3.39607843137255,1.31465544363687,0.257499333925883,1,1,"STMN1",1
"GO:0045859","regulation of protein kinase activity","1/17","60/3464",0.0166666666666667,3.39607843137255,1.31465544363687,0.257499333925883,1,1,"YWHAG",1
"GO:0006282","regulation of DNA repair","1/17","61/3464",0.0163934426229508,3.3404050144648,1.29495604605364,0.261207474737651,1,1,"USP22",1
"GO:0009267","cellular response to starvation","1/17","61/3464",0.0163934426229508,3.3404050144648,1.29495604605364,0.261207474737651,1,1,"YWHAG",1
"GO:0050769","positive regulation of neurogenesis","1/17","61/3464",0.0163934426229508,3.3404050144648,1.29495604605364,0.261207474737651,1,1,"BCL11A",1
"GO:0097485","neuron projection guidance","1/17","61/3464",0.0163934426229508,3.3404050144648,1.29495604605364,0.261207474737651,1,1,"PGRMC1",1
"GO:0099175","regulation of postsynapse organization","1/17","61/3464",0.0163934426229508,3.3404050144648,1.29495604605364,0.261207474737651,1,1,"KIF1A",1
"GO:0031929","TOR signaling","1/17","62/3464",0.0161290322580645,3.2865275142315,1.27566073052315,0.264898180858562,1,1,"YWHAG",1
"GO:0048638","regulation of developmental growth","1/17","62/3464",0.0161290322580645,3.2865275142315,1.27566073052315,0.264898180858562,1,1,"BCL11A",1
"GO:0016482","cytosolic transport","1/17","63/3464",0.0158730158730159,3.234360410831,1.2567539280199,0.26857152916115,1,1,"KIF1A",1
"GO:0021700","developmental maturation","1/17","63/3464",0.0158730158730159,3.234360410831,1.2567539280199,0.26857152916115,1,1,"BCL11A",1
"GO:0031345","negative regulation of cell projection organization","1/17","63/3464",0.0158730158730159,3.234360410831,1.2567539280199,0.26857152916115,1,1,"BCL11A",1
"GO:0060560","developmental growth involved in morphogenesis","1/17","63/3464",0.0158730158730159,3.234360410831,1.2567539280199,0.26857152916115,1,1,"BCL11A",1
"GO:0051259","protein complex oligomerization","1/17","64/3464",0.015625,3.18382352941176,1.2382209112848,0.272227596201509,1,1,"BCL11A",1
"GO:0051402","neuron apoptotic process","1/17","64/3464",0.015625,3.18382352941176,1.2382209112848,0.272227596201509,1,1,"FAIM2",1
"GO:0070507","regulation of microtubule cytoskeleton organization","1/17","64/3464",0.015625,3.18382352941176,1.2382209112848,0.272227596201509,1,1,"STMN1",1
"GO:0043549","regulation of kinase activity","1/17","65/3464",0.0153846153846154,3.13484162895928,1.2200477368271,0.275866458220502,1,1,"YWHAG",1
"GO:0048588","developmental cell growth","1/17","65/3464",0.0153846153846154,3.13484162895928,1.2200477368271,0.275866458220502,1,1,"BCL11A",1
"GO:0000122","negative regulation of transcription by RNA polymerase II","2/17","212/3464",0.00943396226415094,1.92230854605993,0.97319296212812,0.27944441780707,1,1,"BCL11A/NFIX",2
"GO:0120032","regulation of plasma membrane bounded cell projection assembly","1/17","66/3464",0.0151515151515152,3.0873440285205,1.20222119175119,0.279488191144965,1,1,"FSCN1",1
"GO:0000910","cytokinesis","1/17","67/3464",0.0149253731343284,3.04126426690079,1.18472874494017,0.283092870588913,1,1,"STMN1",1
"GO:0042063","gliogenesis","1/17","67/3464",0.0149253731343284,3.04126426690079,1.18472874494017,0.283092870588913,1,1,"SUN2",1
"GO:0051222","positive regulation of protein transport","1/17","67/3464",0.0149253731343284,3.04126426690079,1.18472874494017,0.283092870588913,1,1,"PGRMC1",1
"GO:0060491","regulation of cell projection assembly","1/17","67/3464",0.0149253731343284,3.04126426690079,1.18472874494017,0.283092870588913,1,1,"FSCN1",1
"GO:0006811","monoatomic ion transport","2/17","214/3464",0.00934579439252336,1.90434304562947,0.959021788343881,0.283180472732428,1,1,"ATP1A3/FAIM2",2
"GO:0048585","negative regulation of response to stimulus","3/17","381/3464",0.0078740157480315,1.60444650301065,0.878139796788359,0.285533130521388,1,1,"YWHAG/APLP1/FAIM2",3
"GO:0001666","response to hypoxia","1/17","68/3464",0.0147058823529412,2.99653979238754,1.16755850217984,0.286680571854732,1,1,"CD24",1
"GO:0006816","calcium ion transport","1/17","69/3464",0.0144927536231884,2.95311167945439,1.150699164852,0.290251369934376,1,1,"FAIM2",1
"GO:0042594","response to starvation","1/17","69/3464",0.0144927536231884,2.95311167945439,1.150699164852,0.290251369934376,1,1,"YWHAG",1
"GO:0051962","positive regulation of nervous system development","1/17","69/3464",0.0144927536231884,2.95311167945439,1.150699164852,0.290251369934376,1,1,"BCL11A",1
"GO:0051640","organelle localization","2/17","218/3464",0.0091743119266055,1.86940097139773,0.931116826346385,0.290653532866041,1,1,"KIF1A/SUN2",2
"GO:0051338","regulation of transferase activity","1/17","70/3464",0.0142857142857143,2.9109243697479,1.13413999186579,0.293805339510552,1,1,"YWHAG",1
"GO:0008015","blood circulation","1/17","72/3464",0.0138888888888889,2.83006535947712,1.10188175410657,0.300863090344206,1,1,"ATP1A3",1
"GO:0009615","response to virus","1/17","72/3464",0.0138888888888889,2.83006535947712,1.10188175410657,0.300863090344206,1,1,"STMN1",1
"GO:0032869","cellular response to insulin stimulus","1/17","72/3464",0.0138888888888889,2.83006535947712,1.10188175410657,0.300863090344206,1,1,"YWHAG",1
"GO:0048545","response to steroid hormone","1/17","72/3464",0.0138888888888889,2.83006535947712,1.10188175410657,0.300863090344206,1,1,"ATP1A3",1
"GO:0010628","positive regulation of gene expression","2/17","225/3464",0.00888888888888889,1.81124183006536,0.883621319856392,0.303727356041709,1,1,"USP22/BCL11A",2
"GO:0006605","protein targeting","1/17","73/3464",0.0136986301369863,2.79129734085415,1.08616369179022,0.304367019431513,1,1,"ZDHHC22",1
"GO:0036293","response to decreased oxygen levels","1/17","73/3464",0.0136986301369863,2.79129734085415,1.08616369179022,0.304367019431513,1,1,"CD24",1
"GO:0045787","positive regulation of cell cycle","1/17","73/3464",0.0136986301369863,2.79129734085415,1.08616369179022,0.304367019431513,1,1,"USP22",1
"GO:0001819","positive regulation of cytokine production","1/17","74/3464",0.0135135135135135,2.75357710651828,1.07070774092848,0.30785441567736,1,1,"USP22",1
"GO:0031669","cellular response to nutrient levels","1/17","76/3464",0.0131578947368421,2.68111455108359,1.04054883502384,0.314779901959129,1,1,"YWHAG",1
"GO:1904951","positive regulation of establishment of protein localization","1/17","76/3464",0.0131578947368421,2.68111455108359,1.04054883502384,0.314779901959129,1,1,"PGRMC1",1
"GO:0006260","DNA replication","1/17","77/3464",0.012987012987013,2.646294881589,1.02583014474919,0.318218137397941,1,1,"NFIX",1
"GO:0098771","inorganic ion homeostasis","1/17","78/3464",0.0128205128205128,2.61236802413273,1.01134205263192,0.321640130803384,1,1,"ATP1A3",1
"GO:0019221","cytokine-mediated signaling pathway","1/17","80/3464",0.0125,2.54705882352941,0.98302985603821,0.32843567902579,1,1,"CD24",1
"GO:0032868","response to insulin","1/17","80/3464",0.0125,2.54705882352941,0.98302985603821,0.32843567902579,1,1,"YWHAG",1
"GO:0002833","positive regulation of response to biotic stimulus","1/17","81/3464",0.0123456790123457,2.51561365286855,0.969192587882411,0.331809376855744,1,1,"YWHAG",1
"GO:0070482","response to oxygen levels","1/17","82/3464",0.0121951219512195,2.48493543758967,0.955559558280528,0.335167118680589,1,1,"CD24",1
"GO:2001233","regulation of apoptotic signaling pathway","1/17","82/3464",0.0121951219512195,2.48493543758967,0.955559558280528,0.335167118680589,1,1,"FAIM2",1
"GO:0051094","positive regulation of developmental process","2/17","243/3464",0.00823045267489712,1.67707576857904,0.768555280027307,0.337235887614023,1,1,"CD24/BCL11A",2
"GO:0043484","regulation of RNA splicing","1/17","83/3464",0.0120481927710843,2.45499645641389,0.942124854441572,0.338508975269125,1,1,"USP22",1
"GO:0032886","regulation of microtubule-based process","1/17","84/3464",0.0119047619047619,2.42577030812325,0.92888280576828,0.341835017097113,1,1,"STMN1",1
"GO:0097193","intrinsic apoptotic signaling pathway","1/17","84/3464",0.0119047619047619,2.42577030812325,0.92888280576828,0.341835017097113,1,1,"CD24",1
"GO:1902115","regulation of organelle assembly","1/17","84/3464",0.0119047619047619,2.42577030812325,0.92888280576828,0.341835017097113,1,1,"FSCN1",1
"GO:0007610","behavior","1/17","85/3464",0.0117647058823529,2.39723183391003,0.915827971142735,0.345145314348399,1,1,"PGRMC1",1
"GO:0007049","cell cycle","3/17","425/3464",0.00705882352941176,1.43833910034602,0.677437746545885,0.347687080514354,1,1,"SUN2/USP22/STMN1",3
"GO:0002252","immune effector process","1/17","86/3464",0.0116279069767442,2.36935704514364,0.902955127021536,0.348439936916046,1,1,"YWHAG",1
"GO:0002376","immune system process","3/17","426/3464",0.00704225352112676,1.43496271748136,0.673120803141503,0.349108883878528,1,1,"PODXL2/CD24/YWHAG",3
"GO:0042391","regulation of membrane potential","1/17","88/3464",0.0113636363636364,2.31550802139037,0.877735537751402,0.354982436125427,1,1,"ATP1A3",1
"GO:0032880","regulation of protein localization","2/17","253/3464",0.00790513833992095,1.6107881887933,0.708534175352251,0.355723961197267,1,1,"YWHAG/PGRMC1",2
"GO:0043207","response to external biotic stimulus","2/17","254/3464",0.0078740157480315,1.60444650301065,0.702671398193367,0.357565969237857,1,1,"CD24/STMN1",2
"GO:0051707","response to other organism","2/17","254/3464",0.0078740157480315,1.60444650301065,0.702671398193367,0.357565969237857,1,1,"CD24/STMN1",2
"GO:0030855","epithelial cell differentiation","1/17","89/3464",0.0112359550561798,2.28949107732981,0.865379336407018,0.358230451109393,1,1,"CD24",1
"GO:0051129","negative regulation of cellular component organization","2/17","255/3464",0.00784313725490196,1.59815455594002,0.696833003154838,0.359406616406637,1,1,"BCL11A/PGRMC1",2
"GO:0006259","DNA metabolic process","2/17","256/3464",0.0078125,1.59191176470588,0.691018762715422,0.361245872509128,1,1,"USP22/NFIX",2
"GO:0003013","circulatory system process","1/17","90/3464",0.0111111111111111,2.2640522875817,0.85318619413675,0.361463068096397,1,1,"ATP1A3",1
"GO:0098657","import into cell","2/17","258/3464",0.00775193798449612,1.57957136342909,0.679461850549882,0.364920092192036,1,1,"ATP1A3/APLP1",2
"GO:0009887","animal organ morphogenesis","1/17","93/3464",0.010752688172043,2.191018342821,0.817543016010609,0.371069214214326,1,1,"APLP1",1
"GO:0050767","regulation of neurogenesis","1/17","93/3464",0.010752688172043,2.191018342821,0.817543016010609,0.371069214214326,1,1,"BCL11A",1
"GO:0099173","postsynapse organization","1/17","93/3464",0.010752688172043,2.191018342821,0.817543016010609,0.371069214214326,1,1,"KIF1A",1
"GO:0032535","regulation of cellular component size","1/17","94/3464",0.0106382978723404,2.16770963704631,0.805960774537866,0.37424092093588,1,1,"BCL11A",1
"GO:0006325","chromatin organization","2/17","264/3464",0.00757575757575758,1.54367201426025,0.645348072300992,0.37590631489576,1,1,"USP22/PTMA",2
"GO:0001932","regulation of protein phosphorylation","1/17","95/3464",0.0105263157894737,2.14489164086687,0.794521669332473,0.3773975691092,1,1,"YWHAG",1
"GO:0010720","positive regulation of cell development","1/17","96/3464",0.0104166666666667,2.12254901960784,0.783222138635341,0.380539225780362,1,1,"BCL11A",1
"GO:0051650","establishment of vesicle localization","1/17","96/3464",0.0104166666666667,2.12254901960784,0.783222138635341,0.380539225780362,1,1,"KIF1A",1
"GO:0032956","regulation of actin cytoskeleton organization","1/17","97/3464",0.0103092783505155,2.10066707095209,0.772058746601414,0.383665957716744,1,1,"FSCN1",1
"GO:0002682","regulation of immune system process","2/17","269/3464",0.00743494423791822,1.5149792258911,0.617533445099942,0.385016398586553,1,1,"CD24/YWHAG",2
"GO:0034504","protein localization to nucleus","1/17","98/3464",0.0102040816326531,2.07923169267707,0.761028177578589,0.386777831408105,1,1,"SUN2",1
"GO:0071375","cellular response to peptide hormone stimulus","1/17","98/3464",0.0102040816326531,2.07923169267707,0.761028177578589,0.386777831408105,1,1,"YWHAG",1
"GO:2000026","regulation of multicellular organismal development","2/17","272/3464",0.00735294117647059,1.49826989619377,0.601101379667116,0.390461254533324,1,1,"CD24/BCL11A",2
"GO:0055085","transmembrane transport","2/17","273/3464",0.00732600732600733,1.49278172807585,0.59566568542379,0.392272518050475,1,1,"ATP1A3/FAIM2",2
"GO:0006873","intracellular monoatomic ion homeostasis","1/17","100/3464",0.01,2.03764705882353,0.739352814787392,0.392957268633144,1,1,"ATP1A3",1
"GO:0030003","intracellular monoatomic cation homeostasis","1/17","100/3464",0.01,2.03764705882353,0.739352814787392,0.392957268633144,1,1,"ATP1A3",1
"GO:0032984","protein-containing complex disassembly","1/17","100/3464",0.01,2.03764705882353,0.739352814787392,0.392957268633144,1,1,"STMN1",1
"GO:0044057","regulation of system process","1/17","101/3464",0.0099009900990099,2.01747233546884,0.728701943492029,0.396024963767875,1,1,"ATP1A3",1
"GO:0001558","regulation of cell growth","1/17","102/3464",0.00980392156862745,1.99769319492503,0.718171730746593,0.399078063861823,1,1,"BCL11A",1
"GO:0002764","immune response-regulating signaling pathway","1/17","102/3464",0.00980392156862745,1.99769319492503,0.718171730746593,0.399078063861823,1,1,"CD24",1
"GO:0051648","vesicle localization","1/17","102/3464",0.00980392156862745,1.99769319492503,0.718171730746593,0.399078063861823,1,1,"KIF1A",1
"GO:0071396","cellular response to lipid","1/17","102/3464",0.00980392156862745,1.99769319492503,0.718171730746593,0.399078063861823,1,1,"ATP1A3",1
"GO:0048589","developmental growth","1/17","103/3464",0.00970873786407767,1.97829811536265,0.707759386420775,0.402116634032658,1,1,"BCL11A",1
"GO:0018193","peptidyl-amino acid modification","1/17","106/3464",0.00943396226415094,1.92230854605993,0.677203017053563,0.411145812120857,1,1,"BCL11A",1
"GO:0042325","regulation of phosphorylation","1/17","106/3464",0.00943396226415094,1.92230854605993,0.677203017053563,0.411145812120857,1,1,"YWHAG",1
"GO:0050801","monoatomic ion homeostasis","1/17","106/3464",0.00943396226415094,1.92230854605993,0.677203017053563,0.411145812120857,1,1,"ATP1A3",1
"GO:0051223","regulation of protein transport","1/17","106/3464",0.00943396226415094,1.92230854605993,0.677203017053563,0.411145812120857,1,1,"PGRMC1",1
"GO:0051960","regulation of nervous system development","1/17","106/3464",0.00943396226415094,1.92230854605993,0.677203017053563,0.411145812120857,1,1,"BCL11A",1
"GO:0055080","monoatomic cation homeostasis","1/17","106/3464",0.00943396226415094,1.92230854605993,0.677203017053563,0.411145812120857,1,1,"ATP1A3",1
"GO:0007186","G protein-coupled receptor signaling pathway","1/17","108/3464",0.00925925925925926,1.88671023965142,0.657374252692664,0.417093796230318,1,1,"APLP1",1
"GO:0016055","Wnt signaling pathway","1/17","108/3464",0.00925925925925926,1.88671023965142,0.657374252692664,0.417093796230318,1,1,"CD24",1
"GO:0032970","regulation of actin filament-based process","1/17","108/3464",0.00925925925925926,1.88671023965142,0.657374252692664,0.417093796230318,1,1,"FSCN1",1
"GO:0006955","immune response","2/17","288/3464",0.00694444444444444,1.41503267973856,0.516497657566248,0.419201575197428,1,1,"CD24/YWHAG",2
"GO:0071495","cellular response to endogenous stimulus","2/17","293/3464",0.0068259385665529,1.39088536438466,0.491038069538897,0.42806993591196,1,1,"YWHAG/ATP1A3",2
"GO:0003008","system process","2/17","295/3464",0.00677966101694915,1.3814556331007,0.480976641868034,0.431601054206986,1,1,"ATP1A3/PGRMC1",2
"GO:0002831","regulation of response to biotic stimulus","1/17","113/3464",0.00884955752212389,1.80322748568454,0.609565857664139,0.43171732326314,1,1,"YWHAG",1
"GO:0009790","embryo development","1/17","113/3464",0.00884955752212389,1.80322748568454,0.609565857664139,0.43171732326314,1,1,"USP22",1
"GO:0031667","response to nutrient levels","1/17","114/3464",0.0087719298245614,1.78740970072239,0.600289639437635,0.434600285216147,1,1,"YWHAG",1
"GO:0090066","regulation of anatomical structure size","1/17","114/3464",0.0087719298245614,1.78740970072239,0.600289639437635,0.434600285216147,1,1,"BCL11A",1
"GO:0050790","regulation of catalytic activity","1/17","115/3464",0.00869565217391304,1.77186700767263,0.591103987725139,0.437469477798632,1,1,"YWHAG",1
"GO:0043434","response to peptide hormone","1/17","117/3464",0.00854700854700855,1.74157868275515,0.572997037569837,0.443166801283378,1,1,"YWHAG",1
"GO:0044772","mitotic cell cycle phase transition","1/17","117/3464",0.00854700854700855,1.74157868275515,0.572997037569837,0.443166801283378,1,1,"USP22",1
"GO:0042592","homeostatic process","2/17","303/3464",0.0066006600660066,1.34498155697923,0.441402724049503,0.445628841913452,1,1,"CD24/ATP1A3",2
"GO:0030335","positive regulation of cell migration","1/17","118/3464",0.00847457627118644,1.72681954137587,0.564072198854851,0.445995054757589,1,1,"SUN2",1
"GO:0070201","regulation of establishment of protein localization","1/17","119/3464",0.00840336134453781,1.71230845279288,0.555230842142681,0.448809784007176,1,1,"PGRMC1",1
"GO:0045892","negative regulation of DNA-templated transcription","2/17","306/3464",0.0065359477124183,1.33179546328335,0.42683021839388,0.450848033331932,1,1,"BCL11A/NFIX",2
"GO:0070647","protein modification by small protein conjugation or removal","2/17","306/3464",0.0065359477124183,1.33179546328335,0.42683021839388,0.450848033331932,1,1,"USP22/BCL11A",2
"GO:1902679","negative regulation of RNA biosynthetic process","2/17","306/3464",0.0065359477124183,1.33179546328335,0.42683021839388,0.450848033331932,1,1,"BCL11A/NFIX",2
"GO:0043408","regulation of MAPK cascade","1/17","120/3464",0.00833333333333333,1.69803921568627,0.546471321393701,0.451611049678889,1,1,"CD24",1
"GO:0051130","positive regulation of cellular component organization","2/17","307/3464",0.00651465798045603,1.32745736731175,0.422004155413859,0.452582621791689,1,1,"BCL11A/FSCN1",2
"GO:2000147","positive regulation of cell motility","1/17","121/3464",0.00826446280991736,1.68400583373845,0.537792036944711,0.454398912165569,1,1,"SUN2",1
"GO:0044419","biological process involved in interspecies interaction between organisms","2/17","309/3464",0.00647249190938511,1.31886541024177,0.412398458483287,0.456043981721098,1,1,"CD24/STMN1",2
"GO:0040008","regulation of growth","1/17","122/3464",0.00819672131147541,1.6702025072324,0.529191433822379,0.457173431607144,1,1,"BCL11A",1
"GO:0045596","negative regulation of cell differentiation","1/17","122/3464",0.00819672131147541,1.6702025072324,0.529191433822379,0.457173431607144,1,1,"BCL11A",1
"GO:0016049","cell growth","1/17","123/3464",0.00813008130081301,1.65662362505978,0.520668000131462,0.459934667891608,1,1,"BCL11A",1
"GO:0042981","regulation of apoptotic process","2/17","313/3464",0.00638977635782748,1.30201090020673,0.393369469226126,0.462934962904976,1,1,"PTMA/FAIM2",2
"GO:0050877","nervous system process","1/17","125/3464",0.008,1.63011764705882,0.503846799675178,0.465417529287394,1,1,"PGRMC1",1
"GO:0007346","regulation of mitotic cell cycle","1/17","126/3464",0.00793650793650794,1.6171802054155,0.495546210974315,0.468139272923846,1,1,"USP22",1
"GO:0040017","positive regulation of locomotion","1/17","126/3464",0.00793650793650794,1.6171802054155,0.495546210974315,0.468139272923846,1,1,"SUN2",1
"GO:0043687","post-translational protein modification","2/17","320/3464",0.00625,1.27352941176471,0.360634953155124,0.47488966511071,1,1,"USP22/BCL11A",2
"GO:0140694","membraneless organelle assembly","1/17","129/3464",0.00775193798449612,1.57957136342909,0.471068343155255,0.476226461529511,1,1,"FSCN1",1
"GO:0050778","positive regulation of immune response","1/17","130/3464",0.00769230769230769,1.56742081447964,0.463046073625955,0.478896371620665,1,1,"YWHAG",1
"GO:0044087","regulation of cellular component biogenesis","2/17","323/3464",0.00619195046439629,1.26170096521581,0.346818840660635,0.479971316903333,1,1,"BCL11A/FSCN1",2
"GO:0051052","regulation of DNA metabolic process","1/17","131/3464",0.00763358778625954,1.5554557700943,0.455090257556607,0.481553468705982,1,1,"USP22",1
"GO:0043067","regulation of programmed cell death","2/17","326/3464",0.00613496932515337,1.25009022013713,0.33312644023464,0.485027328179081,1,1,"PTMA/FAIM2",2
"GO:0050804","modulation of chemical synaptic transmission","1/17","133/3464",0.0075187969924812,1.53206545776205,0.439373271545578,0.486829454273992,1,1,"YWHAG",1
"GO:1903829","positive regulation of protein localization","1/17","133/3464",0.0075187969924812,1.53206545776205,0.439373271545578,0.486829454273992,1,1,"PGRMC1",1
"GO:0099177","regulation of trans-synaptic signaling","1/17","135/3464",0.00740740740740741,1.50936819172113,0.423908253838763,0.492054876646108,1,1,"YWHAG",1
"GO:0071345","cellular response to cytokine stimulus","1/17","137/3464",0.0072992700729927,1.48733361957922,0.408686527148157,0.497230190388486,1,1,"CD24",1
"GO:0055082","intracellular chemical homeostasis","1/17","138/3464",0.0072463768115942,1.4765558397272,0.401164303241049,0.499799197531075,1,1,"ATP1A3",1
"GO:0044770","cell cycle phase transition","1/17","140/3464",0.00714285714285714,1.45546218487395,0.386292165502817,0.504900192300094,1,1,"USP22",1
"GO:0044089","positive regulation of cellular component biogenesis","1/17","141/3464",0.00709219858156028,1.44513975803087,0.378940335978949,0.507432291196273,1,1,"FSCN1",1
"GO:0008284","positive regulation of cell population proliferation","1/17","143/3464",0.00699300699300699,1.42492801316331,0.364400537057604,0.512459968430724,1,1,"CD24",1
"GO:0035295","tube development","1/17","143/3464",0.00699300699300699,1.42492801316331,0.364400537057604,0.512459968430724,1,1,"CD24",1
"GO:0060429","epithelium development","1/17","143/3464",0.00699300699300699,1.42492801316331,0.364400537057604,0.512459968430724,1,1,"CD24",1
"GO:0007169","cell surface receptor protein tyrosine kinase signaling pathway","1/17","144/3464",0.00694444444444444,1.41503267973856,0.357210785563084,0.514955656638095,1,1,"STMN1",1
"GO:0010638","positive regulation of organelle organization","1/17","144/3464",0.00694444444444444,1.41503267973856,0.357210785563084,0.514955656638095,1,1,"FSCN1",1
"GO:0000165","MAPK cascade","1/17","145/3464",0.00689655172413793,1.4052738336714,0.35007331272422,0.517439317432418,1,1,"CD24",1
"GO:0034329","cell junction assembly","1/17","146/3464",0.00684931506849315,1.39564867042707,0.342987278659511,0.519911005170787,1,1,"FSCN1",1
"GO:0006508","proteolysis","1/17","147/3464",0.00680272108843537,1.38615446178471,0.335951862850179,0.522370773980943,1,1,"USP22",1
"GO:0051253","negative regulation of RNA metabolic process","2/17","350/3464",0.00571428571428571,1.16436974789916,0.227733369471581,0.524510849843379,1,1,"BCL11A/NFIX",2
"GO:0051174","regulation of phosphorus metabolic process","1/17","149/3464",0.00671140939597315,1.36754836162653,0.322029697287026,0.527254770186186,1,1,"YWHAG",1
"GO:0033043","regulation of organelle organization","2/17","356/3464",0.00561797752808989,1.1447455386649,0.202450915720924,0.534102638311028,1,1,"STMN1/FSCN1",2
"GO:0065009","regulation of molecular function","1/17","153/3464",0.0065359477124183,1.33179546328335,0.294758700586298,0.53688209182992,1,1,"YWHAG",1
"GO:0033993","response to lipid","1/17","155/3464",0.00645161290322581,1.3146110056926,0.281398281757537,0.541626263397042,1,1,"ATP1A3",1
"GO:0034097","response to cytokine","1/17","155/3464",0.00645161290322581,1.3146110056926,0.281398281757537,0.541626263397042,1,1,"CD24",1
"GO:0120031","plasma membrane bounded cell projection assembly","1/17","155/3464",0.00645161290322581,1.3146110056926,0.281398281757537,0.541626263397042,1,1,"FSCN1",1
"GO:1901652","response to peptide","1/17","157/3464",0.00636942675159236,1.29786436867741,0.26821394154277,0.546324666934539,1,1,"CD24",1
"GO:0030031","cell projection assembly","1/17","158/3464",0.00632911392405063,1.28965003723008,0.26168617078576,0.548656835262968,1,1,"FSCN1",1
"GO:0080135","regulation of cellular response to stress","1/17","158/3464",0.00632911392405063,1.28965003723008,0.26168617078576,0.548656835262968,1,1,"USP22",1
"GO:0040007","growth","1/17","161/3464",0.0062111801242236,1.26561929119474,0.242352960553884,0.555585823171856,1,1,"BCL11A",1
"GO:0019725","cellular homeostasis","1/17","162/3464",0.00617283950617284,1.25780682643428,0.235989918543214,0.557873150149173,1,1,"ATP1A3",1
"GO:0045934","negative regulation of nucleobase-containing compound metabolic process","2/17","377/3464",0.00530503978779841,1.08097987205492,0.116952500424445,0.566750739755313,1,1,"BCL11A/NFIX",2
"GO:0060341","regulation of cellular localization","1/17","167/3464",0.00598802395209581,1.22014793941529,0.204759212965415,0.569144538813022,1,1,"PGRMC1",1
"GO:0051248","negative regulation of protein metabolic process","1/17","168/3464",0.00595238095238095,1.21288515406162,0.198626175424474,0.571366116865851,1,1,"YWHAG",1
"GO:0006281","DNA repair","1/17","169/3464",0.00591715976331361,1.20570831883049,0.192529623918392,0.573576910559201,1,1,"USP22",1
"GO:0006468","protein phosphorylation","1/17","173/3464",0.00578034682080925,1.17783066984019,0.168498422585999,0.582313220496894,1,1,"YWHAG",1
"GO:0008380","RNA splicing","1/17","173/3464",0.00578034682080925,1.17783066984019,0.168498422585999,0.582313220496894,1,1,"USP22",1
"GO:0009605","response to external stimulus","2/17","388/3464",0.00515463917525773,1.05033353547605,0.0738771611681005,0.58326363353929,1,1,"CD24/STMN1",2
"GO:0019953","sexual reproduction","1/17","179/3464",0.00558659217877095,1.13835031219192,0.133465505835572,0.59510240580954,1,1,"SUN2",1
"GO:0140352","export from cell","1/17","179/3464",0.00558659217877095,1.13835031219192,0.133465505835572,0.59510240580954,1,1,"ATP1A3",1
"GO:0007268","chemical synaptic transmission","1/17","180/3464",0.00555555555555556,1.13202614379085,0.127739344055922,0.597197766266538,1,1,"YWHAG",1
"GO:0098916","anterograde trans-synaptic signaling","1/17","180/3464",0.00555555555555556,1.13202614379085,0.127739344055922,0.597197766266538,1,1,"YWHAG",1
"GO:0031399","regulation of protein modification process","1/17","183/3464",0.00546448087431694,1.11346833815493,0.110745780616526,0.603422781090191,1,1,"YWHAG",1
"GO:0060284","regulation of cell development","1/17","183/3464",0.00546448087431694,1.11346833815493,0.110745780616526,0.603422781090191,1,1,"BCL11A",1
"GO:0051301","cell division","1/17","184/3464",0.00543478260869565,1.1074168797954,0.10514160139692,0.605477585333247,1,1,"STMN1",1
"GO:0051050","positive regulation of transport","1/17","185/3464",0.00540540540540541,1.10143084260731,0.0995669615005523,0.607522366140971,1,1,"PGRMC1",1
"GO:0099537","trans-synaptic signaling","1/17","185/3464",0.00540540540540541,1.10143084260731,0.0995669615005523,0.607522366140971,1,1,"YWHAG",1
"GO:0016310","phosphorylation","1/17","192/3464",0.00520833333333333,1.06127450980392,0.0613414273299217,0.621559002668746,1,1,"YWHAG",1
"GO:0030334","regulation of cell migration","1/17","195/3464",0.00512820512820513,1.04494720965309,0.045367269966092,0.627428876579698,1,1,"SUN2",1
"GO:0048646","anatomical structure formation involved in morphogenesis","1/17","196/3464",0.00510204081632653,1.03961584633854,0.0400946119872855,0.629366383186656,1,1,"FAIM2",1
"GO:0099536","synaptic signaling","1/17","196/3464",0.00510204081632653,1.03961584633854,0.0400946119872855,0.629366383186656,1,1,"YWHAG",1
"GO:1902532","negative regulation of intracellular signal transduction","1/17","201/3464",0.00497512437810945,1.0137547556336,0.0141082268994747,0.638912495148944,1,1,"YWHAG",1
"GO:0051093","negative regulation of developmental process","1/17","207/3464",0.00483091787439614,0.98437055981813,-0.0162835758271543,0.650062372682711,1,1,"BCL11A",1
"GO:2000145","regulation of cell motility","1/17","207/3464",0.00483091787439614,0.98437055981813,-0.0162835758271543,0.650062372682711,1,1,"SUN2",1
"GO:0006338","chromatin remodeling","1/17","214/3464",0.00467289719626168,0.952171522814733,-0.050720301268035,0.662660891853415,1,1,"USP22",1
"GO:0006897","endocytosis","1/17","214/3464",0.00467289719626168,0.952171522814733,-0.050720301268035,0.662660891853415,1,1,"APLP1",1
"GO:0065003","protein-containing complex assembly","2/17","446/3464",0.00448430493273543,0.913743075705619,-0.137035107439242,0.66340029377905,1,1,"BCL11A/FSCN1",2
"GO:0040012","regulation of locomotion","1/17","220/3464",0.00454545454545455,0.92620320855615,-0.0794215689668911,0.673118605219421,1,1,"SUN2",1
"GO:0007167","enzyme-linked receptor protein signaling pathway","1/17","222/3464",0.0045045045045045,0.917859035506094,-0.0888300373539501,0.676536160988017,1,1,"STMN1",1
"GO:0009628","response to abiotic stimulus","1/17","223/3464",0.00448430493273543,0.913743075705619,-0.0935054552482045,0.678232300797765,1,1,"CD24",1
"GO:0022414","reproductive process","1/17","225/3464",0.00444444444444444,0.90562091503268,-0.102799644366148,0.681599498939051,1,1,"SUN2",1
"GO:0015031","protein transport","2/17","469/3464",0.00426439232409382,0.86893264768594,-0.214344625831402,0.691918422603469,1,1,"CD24/PGRMC1",2
"GO:0040011","locomotion","1/17","236/3464",0.00423728813559322,0.863409770687936,-0.152629660201746,0.699534081957049,1,1,"SUN2",1
"GO:0032879","regulation of localization","2/17","486/3464",0.00411522633744856,0.838537884289518,-0.269560647948118,0.711818470985238,1,1,"YWHAG/PGRMC1",2
"GO:1902531","regulation of intracellular signal transduction","2/17","487/3464",0.00410677618069815,0.836816040584612,-0.272761201280064,0.712958193068215,1,1,"CD24/YWHAG",2
"GO:0007267","cell-cell signaling","1/17","248/3464",0.00403225806451613,0.821631878557875,-0.204698718366562,0.718012766061392,1,1,"YWHAG",1
"GO:0006974","DNA damage response","1/17","251/3464",0.00398406374501992,0.81181157722053,-0.217372432391512,0.722462358418179,1,1,"USP22",1
"GO:0061024","membrane organization","1/17","257/3464",0.00389105058365759,0.792858777752346,-0.24233362617811,0.731164035857954,1,1,"CD24",1
"GO:0006886","intracellular protein transport","1/17","264/3464",0.00378787878787879,0.771836007130125,-0.270834600834515,0.740991359049544,1,1,"CD24",1
"GO:0042127","regulation of cell population proliferation","1/17","267/3464",0.00374531835205993,0.763163692443269,-0.282854217590642,0.745098695341545,1,1,"CD24",1
"GO:0009888","tissue development","1/17","272/3464",0.00367647058823529,0.749134948096886,-0.302637847401847,0.751808326204851,1,1,"CD24",1
"GO:0032446","protein modification by small protein conjugation","1/17","280/3464",0.00357142857142857,0.727731092436975,-0.333672641720914,0.762199067360033,1,1,"BCL11A",1
"GO:0051726","regulation of cell cycle","1/17","287/3464",0.00348432055749129,0.709981553597049,-0.360236759643619,0.770953749305143,1,1,"USP22",1
"GO:0080134","regulation of response to stress","1/17","301/3464",0.00332225913621262,0.676959155755325,-0.411833009191805,0.787561012303444,1,1,"USP22",1
"GO:0008283","cell population proliferation","1/17","306/3464",0.00326797385620915,0.665897731641676,-0.429797751777847,0.793212430576334,1,1,"CD24",1
"GO:0010629","negative regulation of gene expression","1/17","311/3464",0.00321543408360129,0.655191980329109,-0.447533584791993,0.798722128107176,1,1,"CD24",1
"GO:0070925","organelle assembly","1/17","314/3464",0.00318471337579618,0.648932184338704,-0.458068712352234,0.801961311957852,1,1,"FSCN1",1
"GO:0006396","RNA processing","1/17","317/3464",0.00315457413249211,0.642790870291334,-0.468526192444544,0.805151387150446,1,1,"USP22",1
"GO:0033365","protein localization to organelle","1/17","328/3464",0.00304878048780488,0.621233859397417,-0.506232599157647,0.816439368683037,1,1,"SUN2",1
"GO:0051049","regulation of transport","1/17","374/3464",0.00267379679144385,0.544825416797735,-0.654432154175422,0.857308073885508,1,1,"PGRMC1",1
"GO:0141124","intracellular signaling cassette","1/17","435/3464",0.00229885057471264,0.4684246112238,-0.832510887844283,0.898420384417023,1,1,"CD24",1
"GO:0051246","regulation of protein metabolic process","1/17","451/3464",0.00221729490022173,0.451806443198122,-0.876501566503363,0.907188833870276,1,1,"YWHAG",1
"GO:0006793","phosphorus metabolic process","1/17","480/3464",0.00208333333333333,0.424509803921569,-0.953870029544072,0.921294751157348,1,1,"YWHAG",1
"GO:0006796","phosphate-containing compound metabolic process","1/17","480/3464",0.00208333333333333,0.424509803921569,-0.953870029544072,0.921294751157348,1,1,"YWHAG",1
"GO:0048584","positive regulation of response to stimulus","1/17","487/3464",0.00205338809034908,0.418408020292306,-0.972128189610296,0.924383381643682,1,1,"YWHAG",1
"GO:0000018","regulation of DNA recombination","0/17","30/3464",0,0,-0.386269614985065,1,1,1,"",0
"GO:0000027","ribosomal large subunit assembly","0/17","5/3464",0,0,-0.15712300842042,1,1,1,"",0
"GO:0000028","ribosomal small subunit assembly","0/17","11/3464",0,0,-0.233253472635466,1,1,1,"",0
"GO:0000038","very long-chain fatty acid metabolic process","0/17","5/3464",0,0,-0.15712300842042,1,1,1,"",0
"GO:0000041","transition metal ion transport","0/17","30/3464",0,0,-0.386269614985065,1,1,1,"",0
"GO:0000045","autophagosome assembly","0/17","60/3464",0,0,-0.548669620503115,1,1,1,"",0
"GO:0000054","ribosomal subunit export from nucleus","0/17","7/3464",0,0,-0.185964220911726,1,1,1,"",0
"GO:0000055","ribosomal large subunit export from nucleus","0/17","6/3464",0,0,-0.17214451739573,1,1,1,"",0
"GO:0000070","mitotic sister chromatid segregation","0/17","59/3464",0,0,-0.5439982623352,1,1,1,"",0
"GO:0000075","cell cycle checkpoint signaling","0/17","44/3464",0,0,-0.468752233411199,1,1,1,"",0
"GO:0000077","DNA damage checkpoint signaling","0/17","22/3464",0,0,-0.330396906346997,1,1,1,"",0
"GO:0000079","regulation of cyclin-dependent protein serine/threonine kinase activity","0/17","8/3464",0,0,-0.198832874617629,1,1,1,"",0
"GO:0000082","G1/S transition of mitotic cell cycle","0/17","65/3464",0,0,-0.571493323100444,1,1,1,"",0
"GO:0000096","sulfur amino acid metabolic process","0/17","6/3464",0,0,-0.17214451739573,1,1,1,"",0
"GO:0000132","establishment of mitotic spindle orientation","0/17","8/3464",0,0,-0.198832874617629,1,1,1,"",0
"GO:0000154","rRNA modification","0/17","7/3464",0,0,-0.185964220911726,1,1,1,"",0
"GO:0000184","nuclear-transcribed mRNA catabolic process, nonsense-mediated decay","0/17","17/3464",0,0,-0.29022437442028,1,1,1,"",0
"GO:0000209","protein polyubiquitination","0/17","104/3464",0,0,-0.727071457078448,1,1,1,"",0
"GO:0000244","spliceosomal tri-snRNP complex assembly","0/17","10/3464",0,0,-0.222366263304878,1,1,1,"",0
"GO:0000245","spliceosomal complex assembly","0/17","32/3464",0,0,-0.399053766541762,1,1,1,"",0
"GO:0000266","mitochondrial fission","0/17","15/3464",0,0,-0.272539275511706,1,1,1,"",0
"GO:0000271","polysaccharide biosynthetic process","0/17","14/3464",0,0,-0.263259792748828,1,1,1,"",0
"GO:0000272","polysaccharide catabolic process","0/17","10/3464",0,0,-0.222366263304878,1,1,1,"",0
"GO:0000280","nuclear division","0/17","86/3464",0,0,-0.659400797055687,1,1,1,"",0
"GO:0000288","nuclear-transcribed mRNA catabolic process, deadenylation-dependent decay","0/17","29/3464",0,0,-0.379721941742842,1,1,1,"",0
"GO:0000289","nuclear-transcribed mRNA poly(A) tail shortening","0/17","13/3464",0,0,-0.253646726191546,1,1,1,"",0
"GO:0000290","deadenylation-dependent decapping of nuclear-transcribed mRNA","0/17","8/3464",0,0,-0.198832874617629,1,1,1,"",0
"GO:0000301","retrograde transport, vesicle recycling within Golgi","0/17","5/3464",0,0,-0.15712300842042,1,1,1,"",0
"GO:0000302","response to reactive oxygen species","0/17","52/3464",0,0,-0.510184459151963,1,1,1,"",0
"GO:0000303","response to superoxide","0/17","6/3464",0,0,-0.17214451739573,1,1,1,"",0
"GO:0000305","response to oxygen radical","0/17","6/3464",0,0,-0.17214451739573,1,1,1,"",0
"GO:0000338","protein deneddylation","0/17","5/3464",0,0,-0.15712300842042,1,1,1,"",0
"GO:0000375","RNA splicing, via transesterification reactions","0/17","127/3464",0,0,-0.806220472196145,1,1,1,"",0
"GO:0000377","RNA splicing, via transesterification reactions with bulged adenosine as nucleophile","0/17","127/3464",0,0,-0.806220472196145,1,1,1,"",0
"GO:0000380","alternative mRNA splicing, via spliceosome","0/17","41/3464",0,0,-0.452291622376296,1,1,1,"",0
"GO:0000381","regulation of alternative mRNA splicing, via spliceosome","0/17","34/3464",0,0,-0.411455112762703,1,1,1,"",0
"GO:0000387","spliceosomal snRNP assembly","0/17","20/3464",0,0,-0.314929606982663,1,1,1,"",0
"GO:0000388","spliceosome conformational change to release U4 (or U4atac) and U1 (or U11)","0/17","9/3464",0,0,-0.210924628871157,1,1,1,"",0
"GO:0000393","spliceosomal conformational changes to generate catalytic conformation","0/17","9/3464",0,0,-0.210924628871157,1,1,1,"",0
"GO:0000398","mRNA splicing, via spliceosome","0/17","127/3464",0,0,-0.806220472196145,1,1,1,"",0
"GO:0000422","autophagy of mitochondrion","0/17","49/3464",0,0,-0.495031404012546,1,1,1,"",0
"GO:0000423","mitophagy","0/17","44/3464",0,0,-0.468752233411199,1,1,1,"",0
"GO:0000425","pexophagy","0/17","6/3464",0,0,-0.17214451739573,1,1,1,"",0
"GO:0000448","cleavage in ITS2 between 5.8S rRNA and LSU-rRNA of tricistronic rRNA transcript (SSU-rRNA, 5.8S rRNA, LSU-rRNA)","0/17","5/3464",0,0,-0.15712300842042,1,1,1,"",0
"GO:0000460","maturation of 5.8S rRNA","0/17","12/3464",0,0,-0.243660591563121,1,1,1,"",0
"GO:0000463","maturation of LSU-rRNA from tricistronic rRNA transcript (SSU-rRNA, 5.8S rRNA, LSU-rRNA)","0/17","10/3464",0,0,-0.222366263304878,1,1,1,"",0
"GO:0000466","maturation of 5.8S rRNA from tricistronic rRNA transcript (SSU-rRNA, 5.8S rRNA, LSU-rRNA)","0/17","8/3464",0,0,-0.198832874617629,1,1,1,"",0
"GO:0000470","maturation of LSU-rRNA","0/17","14/3464",0,0,-0.263259792748828,1,1,1,"",0
"GO:0000479","endonucleolytic cleavage of tricistronic rRNA transcript (SSU-rRNA, 5.8S rRNA, LSU-rRNA)","0/17","5/3464",0,0,-0.15712300842042,1,1,1,"",0
"GO:0000722","telomere maintenance via recombination","0/17","5/3464",0,0,-0.15712300842042,1,1,1,"",0
"GO:0000723","telomere maintenance","0/17","52/3464",0,0,-0.510184459151963,1,1,1,"",0
"GO:0000724","double-strand break repair via homologous recombination","0/17","48/3464",0,0,-0.489882304792675,1,1,1,"",0
"GO:0000725","recombinational repair","0/17","50/3464",0,0,-0.500130463301569,1,1,1,"",0
"GO:0000729","DNA double-strand break processing","0/17","6/3464",0,0,-0.17214451739573,1,1,1,"",0
"GO:0000768","syncytium formation by plasma membrane fusion","0/17","43/3464",0,0,-0.463327156147038,1,1,1,"",0
"GO:0000819","sister chromatid segregation","0/17","75/3464",0,0,-0.614787334791332,1,1,1,"",0
"GO:0000956","nuclear-transcribed mRNA catabolic process","0/17","53/3464",0,0,-0.515142213632887,1,1,1,"",0
"GO:0000959","mitochondrial RNA metabolic process","0/17","16/3464",0,0,-0.281518167921038,1,1,1,"",0
"GO:0000963","mitochondrial RNA processing","0/17","10/3464",0,0,-0.222366263304878,1,1,1,"",0
"GO:0000966","RNA 5'-end processing","0/17","5/3464",0,0,-0.15712300842042,1,1,1,"",0
"GO:0001109","promoter clearance during DNA-templated transcription","0/17","6/3464",0,0,-0.17214451739573,1,1,1,"",0
"GO:0001111","RNA polymerase II promoter clearance","0/17","6/3464",0,0,-0.17214451739573,1,1,1,"",0
"GO:0001188","RNA polymerase I preinitiation complex assembly","0/17","5/3464",0,0,-0.15712300842042,1,1,1,"",0
"GO:0001325","formation of extrachromosomal circular DNA","0/17","6/3464",0,0,-0.17214451739573,1,1,1,"",0
"GO:0001501","skeletal system development","0/17","48/3464",0,0,-0.489882304792675,1,1,1,"",0
"GO:0001503","ossification","0/17","60/3464",0,0,-0.548669620503115,1,1,1,"",0
"GO:0001504","neurotransmitter uptake","0/17","7/3464",0,0,-0.185964220911726,1,1,1,"",0
"GO:0001508","action potential","0/17","28/3464",0,0,-0.373063278791047,1,1,1,"",0
"GO:0001510","RNA methylation","0/17","16/3464",0,0,-0.281518167921038,1,1,1,"",0
"GO:0001516","prostaglandin biosynthetic process","0/17","7/3464",0,0,-0.185964220911726,1,1,1,"",0
"GO:0001523","retinoid metabolic process","0/17","5/3464",0,0,-0.15712300842042,1,1,1,"",0
"GO:0001525","angiogenesis","0/17","92/3464",0,0,-0.682621865696522,1,1,1,"",0
"GO:0001539","cilium or flagellum-dependent cell motility","0/17","25/3464",0,0,-0.352357874193654,1,1,1,"",0
"GO:0001541","ovarian follicle development","0/17","5/3464",0,0,-0.15712300842042,1,1,1,"",0
"GO:0001568","blood vessel development","0/17","108/3464",0,0,-0.741363100702537,1,1,1,"",0
"GO:0001570","vasculogenesis","0/17","12/3464",0,0,-0.243660591563121,1,1,1,"",0
"GO:0001573","ganglioside metabolic process","0/17","5/3464",0,0,-0.15712300842042,1,1,1,"",0
"GO:0001578","microtubule bundle formation","0/17","20/3464",0,0,-0.314929606982663,1,1,1,"",0
"GO:0001649","osteoblast differentiation","0/17","35/3464",0,0,-0.41752294232855,1,1,1,"",0
"GO:0001654","eye development","0/17","48/3464",0,0,-0.489882304792675,1,1,1,"",0
"GO:0001656","metanephros development","0/17","10/3464",0,0,-0.222366263304878,1,1,1,"",0
"GO:0001657","ureteric bud development","0/17","8/3464",0,0,-0.198832874617629,1,1,1,"",0
"GO:0001659","temperature homeostasis","0/17","41/3464",0,0,-0.452291622376296,1,1,1,"",0
"GO:0001667","ameboidal-type cell migration","0/17","50/3464",0,0,-0.500130463301569,1,1,1,"",0
"GO:0001676","long-chain fatty acid metabolic process","0/17","21/3464",0,0,-0.322753678537855,1,1,1,"",0
"GO:0001678","intracellular glucose homeostasis","0/17","29/3464",0,0,-0.379721941742842,1,1,1,"",0
"GO:0001701","in utero embryonic development","0/17","19/3464",0,0,-0.306910857143731,1,1,1,"",0
"GO:0001704","formation of primary germ layer","0/17","9/3464",0,0,-0.210924628871157,1,1,1,"",0
"GO:0001706","endoderm formation","0/17","7/3464",0,0,-0.185964220911726,1,1,1,"",0
"GO:0001708","cell fate specification","0/17","12/3464",0,0,-0.243660591563121,1,1,1,"",0
"GO:0001731","formation of translation preinitiation complex","0/17","5/3464",0,0,-0.15712300842042,1,1,1,"",0
"GO:0001732","formation of cytoplasmic translation initiation complex","0/17","9/3464",0,0,-0.210924628871157,1,1,1,"",0
"GO:0001738","morphogenesis of a polarized epithelium","0/17","8/3464",0,0,-0.198832874617629,1,1,1,"",0
"GO:0001754","eye photoreceptor cell differentiation","0/17","5/3464",0,0,-0.15712300842042,1,1,1,"",0
"GO:0001755","neural crest cell migration","0/17","10/3464",0,0,-0.222366263304878,1,1,1,"",0
"GO:0001764","neuron migration","0/17","49/3464",0,0,-0.495031404012546,1,1,1,"",0
"GO:0001774","microglial cell activation","0/17","6/3464",0,0,-0.17214451739573,1,1,1,"",0
"GO:0001776","leukocyte homeostasis","0/17","16/3464",0,0,-0.281518167921038,1,1,1,"",0
"GO:0001778","plasma membrane repair","0/17","7/3464",0,0,-0.185964220911726,1,1,1,"",0
"GO:0001823","mesonephros development","0/17","10/3464",0,0,-0.222366263304878,1,1,1,"",0
"GO:0001824","blastocyst development","0/17","6/3464",0,0,-0.17214451739573,1,1,1,"",0
"GO:0001836","release of cytochrome c from mitochondria","0/17","15/3464",0,0,-0.272539275511706,1,1,1,"",0
"GO:0001837","epithelial to mesenchymal transition","0/17","32/3464",0,0,-0.399053766541762,1,1,1,"",0
"GO:0001838","embryonic epithelial tube formation","0/17","10/3464",0,0,-0.222366263304878,1,1,1,"",0
"GO:0001841","neural tube formation","0/17","9/3464",0,0,-0.210924628871157,1,1,1,"",0
"GO:0001843","neural tube closure","0/17","9/3464",0,0,-0.210924628871157,1,1,1,"",0
"GO:0001845","phagolysosome assembly","0/17","6/3464",0,0,-0.17214451739573,1,1,1,"",0
"GO:0001881","receptor recycling","0/17","15/3464",0,0,-0.272539275511706,1,1,1,"",0
"GO:0001885","endothelial cell development","0/17","11/3464",0,0,-0.233253472635466,1,1,1,"",0
"GO:0001889","liver development","0/17","15/3464",0,0,-0.272539275511706,1,1,1,"",0
"GO:0001890","placenta development","0/17","11/3464",0,0,-0.233253472635466,1,1,1,"",0
"GO:0001894","tissue homeostasis","0/17","34/3464",0,0,-0.411455112762703,1,1,1,"",0
"GO:0001895","retina homeostasis","0/17","9/3464",0,0,-0.210924628871157,1,1,1,"",0
"GO:0001906","cell killing","0/17","18/3464",0,0,-0.29868174554767,1,1,1,"",0
"GO:0001909","leukocyte mediated cytotoxicity","0/17","13/3464",0,0,-0.253646726191546,1,1,1,"",0
"GO:0001910","regulation of leukocyte mediated cytotoxicity","0/17","6/3464",0,0,-0.17214451739573,1,1,1,"",0
"GO:0001919","regulation of receptor recycling","0/17","6/3464",0,0,-0.17214451739573,1,1,1,"",0
"GO:0001921","positive regulation of receptor recycling","0/17","5/3464",0,0,-0.15712300842042,1,1,1,"",0
"GO:0001934","positive regulation of protein phosphorylation","0/17","50/3464",0,0,-0.500130463301569,1,1,1,"",0
"GO:0001935","endothelial cell proliferation","0/17","30/3464",0,0,-0.386269614985065,1,1,1,"",0
"GO:0001936","regulation of endothelial cell proliferation","0/17","26/3464",0,0,-0.359388190900476,1,1,1,"",0
"GO:0001937","negative regulation of endothelial cell proliferation","0/17","7/3464",0,0,-0.185964220911726,1,1,1,"",0
"GO:0001938","positive regulation of endothelial cell proliferation","0/17","19/3464",0,0,-0.306910857143731,1,1,1,"",0
"GO:0001941","postsynaptic membrane organization","0/17","10/3464",0,0,-0.222366263304878,1,1,1,"",0
"GO:0001942","hair follicle development","0/17","6/3464",0,0,-0.17214451739573,1,1,1,"",0
"GO:0001944","vasculature development","0/17","112/3464",0,0,-0.755417551561235,1,1,1,"",0
"GO:0001947","heart looping","0/17","5/3464",0,0,-0.15712300842042,1,1,1,"",0
"GO:0001952","regulation of cell-matrix adhesion","0/17","37/3464",0,0,-0.429411701263547,1,1,1,"",0
"GO:0001953","negative regulation of cell-matrix adhesion","0/17","10/3464",0,0,-0.222366263304878,1,1,1,"",0
"GO:0001954","positive regulation of cell-matrix adhesion","0/17","16/3464",0,0,-0.281518167921038,1,1,1,"",0
"GO:0001956","positive regulation of neurotransmitter secretion","0/17","7/3464",0,0,-0.185964220911726,1,1,1,"",0
"GO:0001960","negative regulation of cytokine-mediated signaling pathway","0/17","18/3464",0,0,-0.29868174554767,1,1,1,"",0
"GO:0001961","positive regulation of cytokine-mediated signaling pathway","0/17","13/3464",0,0,-0.253646726191546,1,1,1,"",0
"GO:0001964","startle response","0/17","5/3464",0,0,-0.15712300842042,1,1,1,"",0
"GO:0001975","response to amphetamine","0/17","5/3464",0,0,-0.15712300842042,1,1,1,"",0
"GO:0002009","morphogenesis of an epithelium","0/17","52/3464",0,0,-0.510184459151963,1,1,1,"",0
"GO:0002011","morphogenesis of an epithelial sheet","0/17","15/3464",0,0,-0.272539275511706,1,1,1,"",0
"GO:0002027","regulation of heart rate","0/17","16/3464",0,0,-0.281518167921038,1,1,1,"",0
"GO:0002028","regulation of sodium ion transport","0/17","19/3464",0,0,-0.306910857143731,1,1,1,"",0
"GO:0002040","sprouting angiogenesis","0/17","28/3464",0,0,-0.373063278791047,1,1,1,"",0
"GO:0002042","cell migration involved in sprouting angiogenesis","0/17","16/3464",0,0,-0.281518167921038,1,1,1,"",0
"GO:0002062","chondrocyte differentiation","0/17","15/3464",0,0,-0.272539275511706,1,1,1,"",0
"GO:0002064","epithelial cell development","0/17","31/3464",0,0,-0.39271185338966,1,1,1,"",0
"GO:0002065","columnar/cuboidal epithelial cell differentiation","0/17","10/3464",0,0,-0.222366263304878,1,1,1,"",0
"GO:0002088","lens development in camera-type eye","0/17","10/3464",0,0,-0.222366263304878,1,1,1,"",0
"GO:0002089","lens morphogenesis in camera-type eye","0/17","5/3464",0,0,-0.15712300842042,1,1,1,"",0
"GO:0002090","regulation of receptor internalization","0/17","27/3464",0,0,-0.366287569727191,1,1,1,"",0
"GO:0002091","negative regulation of receptor internalization","0/17","5/3464",0,0,-0.15712300842042,1,1,1,"",0
"GO:0002092","positive regulation of receptor internalization","0/17","8/3464",0,0,-0.198832874617629,1,1,1,"",0
"GO:0002097","tRNA wobble base modification","0/17","6/3464",0,0,-0.17214451739573,1,1,1,"",0
"GO:0002098","tRNA wobble uridine modification","0/17","5/3464",0,0,-0.15712300842042,1,1,1,"",0
"GO:0002181","cytoplasmic translation","0/17","114/3464",0,0,-0.762359974593799,1,1,1,"",0
"GO:0002182","cytoplasmic translational elongation","0/17","18/3464",0,0,-0.29868174554767,1,1,1,"",0
"GO:0002183","cytoplasmic translational initiation","0/17","24/3464",0,0,-0.3451886157451,1,1,1,"",0
"GO:0002200","somatic diversification of immune receptors","0/17","14/3464",0,0,-0.263259792748828,1,1,1,"",0
"GO:0002204","somatic recombination of immunoglobulin genes involved in immune response","0/17","8/3464",0,0,-0.198832874617629,1,1,1,"",0
"GO:0002208","somatic diversification of immunoglobulins involved in immune response","0/17","8/3464",0,0,-0.198832874617629,1,1,1,"",0
"GO:0002218","activation of innate immune response","0/17","70/3464",0,0,-0.593503337871722,1,1,1,"",0
"GO:0002220","innate immune response activating cell surface receptor signaling pathway","0/17","17/3464",0,0,-0.29022437442028,1,1,1,"",0
"GO:0002221","pattern recognition receptor signaling pathway","0/17","58/3464",0,0,-0.539289220725874,1,1,1,"",0
"GO:0002223","stimulatory C-type lectin receptor signaling pathway","0/17","6/3464",0,0,-0.17214451739573,1,1,1,"",0
"GO:0002224","toll-like receptor signaling pathway","0/17","10/3464",0,0,-0.222366263304878,1,1,1,"",0
"GO:0002228","natural killer cell mediated immunity","0/17","12/3464",0,0,-0.243660591563121,1,1,1,"",0
"GO:0002244","hematopoietic progenitor cell differentiation","0/17","21/3464",0,0,-0.322753678537855,1,1,1,"",0
"GO:0002253","activation of immune response","0/17","110/3464",0,0,-0.748419127296097,1,1,1,"",0
"GO:0002260","lymphocyte homeostasis","0/17","12/3464",0,0,-0.243660591563121,1,1,1,"",0
"GO:0002262","myeloid cell homeostasis","0/17","33/3464",0,0,-0.405300067126917,1,1,1,"",0
"GO:0002263","cell activation involved in immune response","0/17","50/3464",0,0,-0.500130463301569,1,1,1,"",0
"GO:0002269","leukocyte activation involved in inflammatory response","0/17","6/3464",0,0,-0.17214451739573,1,1,1,"",0
"GO:0002274","myeloid leukocyte activation","0/17","27/3464",0,0,-0.366287569727191,1,1,1,"",0
"GO:0002275","myeloid cell activation involved in immune response","0/17","11/3464",0,0,-0.233253472635466,1,1,1,"",0
"GO:0002279","mast cell activation involved in immune response","0/17","9/3464",0,0,-0.210924628871157,1,1,1,"",0
"GO:0002285","lymphocyte activation involved in immune response","0/17","36/3464",0,0,-0.423507307653009,1,1,1,"",0
"GO:0002286","T cell activation involved in immune response","0/17","22/3464",0,0,-0.330396906346997,1,1,1,"",0
"GO:0002287","alpha-beta T cell activation involved in immune response","0/17","18/3464",0,0,-0.29868174554767,1,1,1,"",0
"GO:0002292","T cell differentiation involved in immune response","0/17","19/3464",0,0,-0.306910857143731,1,1,1,"",0
"GO:0002295","T-helper cell lineage commitment","0/17","7/3464",0,0,-0.185964220911726,1,1,1,"",0
"GO:0002312","B cell activation involved in immune response","0/17","13/3464",0,0,-0.253646726191546,1,1,1,"",0
"GO:0002313","mature B cell differentiation involved in immune response","0/17","5/3464",0,0,-0.15712300842042,1,1,1,"",0
"GO:0002335","mature B cell differentiation","0/17","5/3464",0,0,-0.15712300842042,1,1,1,"",0
"GO:0002360","T cell lineage commitment","0/17","9/3464",0,0,-0.210924628871157,1,1,1,"",0
"GO:0002363","alpha-beta T cell lineage commitment","0/17","9/3464",0,0,-0.210924628871157,1,1,1,"",0
"GO:0002366","leukocyte activation involved in immune response","0/17","46/3464",0,0,-0.479427510851292,1,1,1,"",0
"GO:0002367","cytokine production involved in immune response","0/17","10/3464",0,0,-0.222366263304878,1,1,1,"",0
"GO:0002377","immunoglobulin production","0/17","16/3464",0,0,-0.281518167921038,1,1,1,"",0
"GO:0002381","immunoglobulin production involved in immunoglobulin-mediated immune response","0/17","8/3464",0,0,-0.198832874617629,1,1,1,"",0
"GO:0002429","immune response-activating cell surface receptor signaling pathway","0/17","55/3464",0,0,-0.524925788047709,1,1,1,"",0
"GO:0002431","Fc receptor mediated stimulatory signaling pathway","0/17","9/3464",0,0,-0.210924628871157,1,1,1,"",0
"GO:0002437","inflammatory response to antigenic stimulus","0/17","11/3464",0,0,-0.233253472635466,1,1,1,"",0
"GO:0002440","production of molecular mediator of immune response","0/17","26/3464",0,0,-0.359388190900476,1,1,1,"",0
"GO:0002444","myeloid leukocyte mediated immunity","0/17","14/3464",0,0,-0.263259792748828,1,1,1,"",0
"GO:0002448","mast cell mediated immunity","0/17","8/3464",0,0,-0.198832874617629,1,1,1,"",0
"GO:0002474","antigen processing and presentation of peptide antigen via MHC class I","0/17","5/3464",0,0,-0.15712300842042,1,1,1,"",0
"GO:0002504","antigen processing and presentation of peptide or polysaccharide antigen via MHC class II","0/17","5/3464",0,0,-0.15712300842042,1,1,1,"",0
"GO:0002520","immune system development","0/17","20/3464",0,0,-0.314929606982663,1,1,1,"",0
"GO:0002521","leukocyte differentiation","0/17","101/3464",0,0,-0.716188458486441,1,1,1,"",0
"GO:0002526","acute inflammatory response","0/17","5/3464",0,0,-0.15712300842042,1,1,1,"",0
"GO:0002532","production of molecular mediator involved in inflammatory response","0/17","11/3464",0,0,-0.233253472635466,1,1,1,"",0
"GO:0002534","cytokine production involved in inflammatory response","0/17","7/3464",0,0,-0.185964220911726,1,1,1,"",0
"GO:0002548","monocyte chemotaxis","0/17","6/3464",0,0,-0.17214451739573,1,1,1,"",0
"GO:0002562","somatic diversification of immune receptors via germline recombination within a single locus","0/17","13/3464",0,0,-0.253646726191546,1,1,1,"",0
"GO:0002573","myeloid leukocyte differentiation","0/17","31/3464",0,0,-0.39271185338966,1,1,1,"",0
"GO:0002637","regulation of immunoglobulin production","0/17","8/3464",0,0,-0.198832874617629,1,1,1,"",0
"GO:0002639","positive regulation of immunoglobulin production","0/17","6/3464",0,0,-0.17214451739573,1,1,1,"",0
"GO:0002683","negative regulation of immune system process","0/17","96/3464",0,0,-0.69771753834764,1,1,1,"",0
"GO:0002685","regulation of leukocyte migration","0/17","29/3464",0,0,-0.379721941742842,1,1,1,"",0
"GO:0002687","positive regulation of leukocyte migration","0/17","25/3464",0,0,-0.352357874193654,1,1,1,"",0
"GO:0002688","regulation of leukocyte chemotaxis","0/17","17/3464",0,0,-0.29022437442028,1,1,1,"",0
"GO:0002690","positive regulation of leukocyte chemotaxis","0/17","16/3464",0,0,-0.281518167921038,1,1,1,"",0
"GO:0002695","negative regulation of leukocyte activation","0/17","30/3464",0,0,-0.386269614985065,1,1,1,"",0
"GO:0002698","negative regulation of immune effector process","0/17","14/3464",0,0,-0.263259792748828,1,1,1,"",0
"GO:0002700","regulation of production of molecular mediator of immune response","0/17","18/3464",0,0,-0.29868174554767,1,1,1,"",0
"GO:0002702","positive regulation of production of molecular mediator of immune response","0/17","16/3464",0,0,-0.281518167921038,1,1,1,"",0
"GO:0002704","negative regulation of leukocyte mediated immunity","0/17","6/3464",0,0,-0.17214451739573,1,1,1,"",0
"GO:0002707","negative regulation of lymphocyte mediated immunity","0/17","6/3464",0,0,-0.17214451739573,1,1,1,"",0
"GO:0002712","regulation of B cell mediated immunity","0/17","6/3464",0,0,-0.17214451739573,1,1,1,"",0
"GO:0002715","regulation of natural killer cell mediated immunity","0/17","5/3464",0,0,-0.15712300842042,1,1,1,"",0
"GO:0002718","regulation of cytokine production involved in immune response","0/17","10/3464",0,0,-0.222366263304878,1,1,1,"",0
"GO:0002720","positive regulation of cytokine production involved in immune response","0/17","10/3464",0,0,-0.222366263304878,1,1,1,"",0
"GO:0002752","cell surface pattern recognition receptor signaling pathway","0/17","12/3464",0,0,-0.243660591563121,1,1,1,"",0
"GO:0002753","cytoplasmic pattern recognition receptor signaling pathway","0/17","42/3464",0,0,-0.457841027287798,1,1,1,"",0
"GO:0002757","immune response-activating signaling pathway","0/17","99/3464",0,0,-0.708851279771183,1,1,1,"",0
"GO:0002758","innate immune response-activating signaling pathway","0/17","63/3464",0,0,-0.562466969038577,1,1,1,"",0
"GO:0002761","regulation of myeloid leukocyte differentiation","0/17","15/3464",0,0,-0.272539275511706,1,1,1,"",0
"GO:0002762","negative regulation of myeloid leukocyte differentiation","0/17","6/3464",0,0,-0.17214451739573,1,1,1,"",0
"GO:0002763","positive regulation of myeloid leukocyte differentiation","0/17","6/3464",0,0,-0.17214451739573,1,1,1,"",0
"GO:0002790","peptide secretion","0/17","37/3464",0,0,-0.429411701263547,1,1,1,"",0
"GO:0002791","regulation of peptide secretion","0/17","31/3464",0,0,-0.39271185338966,1,1,1,"",0
"GO:0002793","positive regulation of peptide secretion","0/17","20/3464",0,0,-0.314929606982663,1,1,1,"",0
"GO:0002820","negative regulation of adaptive immune response","0/17","7/3464",0,0,-0.185964220911726,1,1,1,"",0
"GO:0002823","negative regulation of adaptive immune response based on somatic recombination of immune receptors built from immunoglobulin superfamily domains","0/17","7/3464",0,0,-0.185964220911726,1,1,1,"",0
"GO:0002832","negative regulation of response to biotic stimulus","0/17","23/3464",0,0,-0.337871567350104,1,1,1,"",0
"GO:0002861","regulation of inflammatory response to antigenic stimulus","0/17","9/3464",0,0,-0.210924628871157,1,1,1,"",0
"GO:0002862","negative regulation of inflammatory response to antigenic stimulus","0/17","8/3464",0,0,-0.198832874617629,1,1,1,"",0
"GO:0002886","regulation of myeloid leukocyte mediated immunity","0/17","8/3464",0,0,-0.198832874617629,1,1,1,"",0
"GO:0002889","regulation of immunoglobulin mediated immune response","0/17","6/3464",0,0,-0.17214451739573,1,1,1,"",0
"GO:0002931","response to ischemia","0/17","12/3464",0,0,-0.243660591563121,1,1,1,"",0
"GO:0003002","regionalization","0/17","28/3464",0,0,-0.373063278791047,1,1,1,"",0
"GO:0003006","developmental process involved in reproduction","0/17","159/3464",0,0,-0.906447999870036,1,1,1,"",0
"GO:0003007","heart morphogenesis","0/17","27/3464",0,0,-0.366287569727191,1,1,1,"",0
"GO:0003009","skeletal muscle contraction","0/17","5/3464",0,0,-0.15712300842042,1,1,1,"",0
"GO:0003012","muscle system process","0/17","116/3464",0,0,-0.769247927258184,1,1,1,"",0
"GO:0003014","renal system process","0/17","13/3464",0,0,-0.253646726191546,1,1,1,"",0
"GO:0003018","vascular process in circulatory system","0/17","47/3464",0,0,-0.484681568129949,1,1,1,"",0
"GO:0003044","regulation of systemic arterial blood pressure mediated by a chemical signal","0/17","5/3464",0,0,-0.15712300842042,1,1,1,"",0
"GO:0003073","regulation of systemic arterial blood pressure","0/17","8/3464",0,0,-0.198832874617629,1,1,1,"",0
"GO:0003091","renal water homeostasis","0/17","6/3464",0,0,-0.17214451739573,1,1,1,"",0
"GO:0003143","embryonic heart tube morphogenesis","0/17","6/3464",0,0,-0.17214451739573,1,1,1,"",0
"GO:0003151","outflow tract morphogenesis","0/17","10/3464",0,0,-0.222366263304878,1,1,1,"",0
"GO:0003158","endothelium development","0/17","24/3464",0,0,-0.3451886157451,1,1,1,"",0
"GO:0003159","morphogenesis of an endothelium","0/17","7/3464",0,0,-0.185964220911726,1,1,1,"",0
"GO:0003161","cardiac conduction system development","0/17","5/3464",0,0,-0.15712300842042,1,1,1,"",0
"GO:0003170","heart valve development","0/17","15/3464",0,0,-0.272539275511706,1,1,1,"",0
"GO:0003176","aortic valve development","0/17","9/3464",0,0,-0.210924628871157,1,1,1,"",0
"GO:0003177","pulmonary valve development","0/17","5/3464",0,0,-0.15712300842042,1,1,1,"",0
"GO:0003179","heart valve morphogenesis","0/17","12/3464",0,0,-0.243660591563121,1,1,1,"",0
"GO:0003180","aortic valve morphogenesis","0/17","7/3464",0,0,-0.185964220911726,1,1,1,"",0
"GO:0003197","endocardial cushion development","0/17","9/3464",0,0,-0.210924628871157,1,1,1,"",0
"GO:0003203","endocardial cushion morphogenesis","0/17","7/3464",0,0,-0.185964220911726,1,1,1,"",0
"GO:0003205","cardiac chamber development","0/17","16/3464",0,0,-0.281518167921038,1,1,1,"",0
"GO:0003206","cardiac chamber morphogenesis","0/17","10/3464",0,0,-0.222366263304878,1,1,1,"",0
"GO:0003208","cardiac ventricle morphogenesis","0/17","5/3464",0,0,-0.15712300842042,1,1,1,"",0
"GO:0003229","ventricular cardiac muscle tissue development","0/17","6/3464",0,0,-0.17214451739573,1,1,1,"",0
"GO:0003231","cardiac ventricle development","0/17","12/3464",0,0,-0.243660591563121,1,1,1,"",0
"GO:0003254","regulation of membrane depolarization","0/17","9/3464",0,0,-0.210924628871157,1,1,1,"",0
"GO:0003279","cardiac septum development","0/17","12/3464",0,0,-0.243660591563121,1,1,1,"",0
"GO:0003281","ventricular septum development","0/17","8/3464",0,0,-0.198832874617629,1,1,1,"",0
"GO:0003300","cardiac muscle hypertrophy","0/17","13/3464",0,0,-0.253646726191546,1,1,1,"",0
"GO:0003309","type B pancreatic cell differentiation","0/17","8/3464",0,0,-0.198832874617629,1,1,1,"",0
"GO:0003323","type B pancreatic cell development","0/17","8/3464",0,0,-0.198832874617629,1,1,1,"",0
"GO:0003333","amino acid transmembrane transport","0/17","22/3464",0,0,-0.330396906346997,1,1,1,"",0
"GO:0003341","cilium movement","0/17","26/3464",0,0,-0.359388190900476,1,1,1,"",0
"GO:0003407","neural retina development","0/17","14/3464",0,0,-0.263259792748828,1,1,1,"",0
"GO:0005513","detection of calcium ion","0/17","5/3464",0,0,-0.15712300842042,1,1,1,"",0
"GO:0005975","carbohydrate metabolic process","0/17","119/3464",0,0,-0.779480911627095,1,1,1,"",0
"GO:0005976","polysaccharide metabolic process","0/17","25/3464",0,0,-0.352357874193654,1,1,1,"",0
"GO:0005977","glycogen metabolic process","0/17","22/3464",0,0,-0.330396906346997,1,1,1,"",0
"GO:0005978","glycogen biosynthetic process","0/17","11/3464",0,0,-0.233253472635466,1,1,1,"",0
"GO:0005979","regulation of glycogen biosynthetic process","0/17","7/3464",0,0,-0.185964220911726,1,1,1,"",0
"GO:0005980","glycogen catabolic process","0/17","10/3464",0,0,-0.222366263304878,1,1,1,"",0
"GO:0005996","monosaccharide metabolic process","0/17","55/3464",0,0,-0.524925788047709,1,1,1,"",0
"GO:0006002","fructose 6-phosphate metabolic process","0/17","6/3464",0,0,-0.17214451739573,1,1,1,"",0
"GO:0006006","glucose metabolic process","0/17","47/3464",0,0,-0.484681568129949,1,1,1,"",0
"GO:0006007","glucose catabolic process","0/17","12/3464",0,0,-0.243660591563121,1,1,1,"",0
"GO:0006022","aminoglycan metabolic process","0/17","10/3464",0,0,-0.222366263304878,1,1,1,"",0
"GO:0006023","aminoglycan biosynthetic process","0/17","7/3464",0,0,-0.185964220911726,1,1,1,"",0
"GO:0006024","glycosaminoglycan biosynthetic process","0/17","7/3464",0,0,-0.185964220911726,1,1,1,"",0
"GO:0006029","proteoglycan metabolic process","0/17","24/3464",0,0,-0.3451886157451,1,1,1,"",0
"GO:0006040","amino sugar metabolic process","0/17","10/3464",0,0,-0.222366263304878,1,1,1,"",0
"GO:0006054","N-acetylneuraminate metabolic process","0/17","5/3464",0,0,-0.15712300842042,1,1,1,"",0
"GO:0006066","alcohol metabolic process","0/17","56/3464",0,0,-0.529754049529149,1,1,1,"",0
"GO:0006081","aldehyde metabolic process","0/17","8/3464",0,0,-0.198832874617629,1,1,1,"",0
"GO:0006082","organic acid metabolic process","0/17","185/3464",0,0,-0.981624118869081,1,1,1,"",0
"GO:0006084","acetyl-CoA metabolic process","0/17","12/3464",0,0,-0.243660591563121,1,1,1,"",0
"GO:0006085","acetyl-CoA biosynthetic process","0/17","8/3464",0,0,-0.198832874617629,1,1,1,"",0
"GO:0006086","pyruvate decarboxylation to acetyl-CoA","0/17","6/3464",0,0,-0.17214451739573,1,1,1,"",0
"GO:0006090","pyruvate metabolic process","0/17","42/3464",0,0,-0.457841027287798,1,1,1,"",0
"GO:0006091","generation of precursor metabolites and energy","0/17","126/3464",0,0,-0.802919806283647,1,1,1,"",0
"GO:0006094","gluconeogenesis","0/17","26/3464",0,0,-0.359388190900476,1,1,1,"",0
"GO:0006096","glycolytic process","0/17","34/3464",0,0,-0.411455112762703,1,1,1,"",0
"GO:0006099","tricarboxylic acid cycle","0/17","10/3464",0,0,-0.222366263304878,1,1,1,"",0
"GO:0006103","2-oxoglutarate metabolic process","0/17","5/3464",0,0,-0.15712300842042,1,1,1,"",0
"GO:0006109","regulation of carbohydrate metabolic process","0/17","43/3464",0,0,-0.463327156147038,1,1,1,"",0
"GO:0006110","regulation of glycolytic process","0/17","17/3464",0,0,-0.29022437442028,1,1,1,"",0
"GO:0006111","regulation of gluconeogenesis","0/17","15/3464",0,0,-0.272539275511706,1,1,1,"",0
"GO:0006112","energy reserve metabolic process","0/17","26/3464",0,0,-0.359388190900476,1,1,1,"",0
"GO:0006119","oxidative phosphorylation","0/17","34/3464",0,0,-0.411455112762703,1,1,1,"",0
"GO:0006120","mitochondrial electron transport, NADH to ubiquinone","0/17","13/3464",0,0,-0.253646726191546,1,1,1,"",0
"GO:0006122","mitochondrial electron transport, ubiquinol to cytochrome c","0/17","6/3464",0,0,-0.17214451739573,1,1,1,"",0
"GO:0006123","mitochondrial electron transport, cytochrome c to oxygen","0/17","7/3464",0,0,-0.185964220911726,1,1,1,"",0
"GO:0006140","regulation of nucleotide metabolic process","0/17","26/3464",0,0,-0.359388190900476,1,1,1,"",0
"GO:0006144","purine nucleobase metabolic process","0/17","5/3464",0,0,-0.15712300842042,1,1,1,"",0
"GO:0006163","purine nucleotide metabolic process","0/17","115/3464",0,0,-0.765810666668421,1,1,1,"",0
"GO:0006164","purine nucleotide biosynthetic process","0/17","47/3464",0,0,-0.484681568129949,1,1,1,"",0
"GO:0006195","purine nucleotide catabolic process","0/17","40/3464",0,0,-0.446676580142383,1,1,1,"",0
"GO:0006220","pyrimidine nucleotide metabolic process","0/17","13/3464",0,0,-0.253646726191546,1,1,1,"",0
"GO:0006221","pyrimidine nucleotide biosynthetic process","0/17","10/3464",0,0,-0.222366263304878,1,1,1,"",0
"GO:0006241","CTP biosynthetic process","0/17","5/3464",0,0,-0.15712300842042,1,1,1,"",0
"GO:0006244","pyrimidine nucleotide catabolic process","0/17","5/3464",0,0,-0.15712300842042,1,1,1,"",0
"GO:0006261","DNA-templated DNA replication","0/17","28/3464",0,0,-0.373063278791047,1,1,1,"",0
"GO:0006265","DNA topological change","0/17","6/3464",0,0,-0.17214451739573,1,1,1,"",0
"GO:0006270","DNA replication initiation","0/17","10/3464",0,0,-0.222366263304878,1,1,1,"",0
"GO:0006275","regulation of DNA replication","0/17","31/3464",0,0,-0.39271185338966,1,1,1,"",0
"GO:0006278","RNA-templated DNA biosynthetic process","0/17","25/3464",0,0,-0.352357874193654,1,1,1,"",0
"GO:0006284","base-excision repair","0/17","13/3464",0,0,-0.253646726191546,1,1,1,"",0
"GO:0006289","nucleotide-excision repair","0/17","32/3464",0,0,-0.399053766541762,1,1,1,"",0
"GO:0006298","mismatch repair","0/17","8/3464",0,0,-0.198832874617629,1,1,1,"",0
"GO:0006301","DNA damage tolerance","0/17","13/3464",0,0,-0.253646726191546,1,1,1,"",0
"GO:0006302","double-strand break repair","0/17","82/3464",0,0,-0.643502427170558,1,1,1,"",0
"GO:0006303","double-strand break repair via nonhomologous end joining","0/17","18/3464",0,0,-0.29868174554767,1,1,1,"",0
"GO:0006307","DNA alkylation repair","0/17","6/3464",0,0,-0.17214451739573,1,1,1,"",0
"GO:0006310","DNA recombination","0/17","70/3464",0,0,-0.593503337871722,1,1,1,"",0
"GO:0006312","mitotic recombination","0/17","7/3464",0,0,-0.185964220911726,1,1,1,"",0
"GO:0006334","nucleosome assembly","0/17","21/3464",0,0,-0.322753678537855,1,1,1,"",0
"GO:0006337","nucleosome disassembly","0/17","8/3464",0,0,-0.198832874617629,1,1,1,"",0
"GO:0006346","DNA methylation-dependent constitutive heterochromatin formation","0/17","10/3464",0,0,-0.222366263304878,1,1,1,"",0
"GO:0006352","DNA-templated transcription initiation","0/17","79/3464",0,0,-0.631341407150529,1,1,1,"",0
"GO:0006353","DNA-templated transcription termination","0/17","19/3464",0,0,-0.306910857143731,1,1,1,"",0
"GO:0006354","DNA-templated transcription elongation","0/17","63/3464",0,0,-0.562466969038577,1,1,1,"",0
"GO:0006356","regulation of transcription by RNA polymerase I","0/17","11/3464",0,0,-0.233253472635466,1,1,1,"",0
"GO:0006359","regulation of transcription by RNA polymerase III","0/17","12/3464",0,0,-0.243660591563121,1,1,1,"",0
"GO:0006360","transcription by RNA polymerase I","0/17","19/3464",0,0,-0.306910857143731,1,1,1,"",0
"GO:0006361","transcription initiation at RNA polymerase I promoter","0/17","9/3464",0,0,-0.210924628871157,1,1,1,"",0
"GO:0006363","termination of RNA polymerase I transcription","0/17","5/3464",0,0,-0.15712300842042,1,1,1,"",0
"GO:0006364","rRNA processing","0/17","63/3464",0,0,-0.562466969038577,1,1,1,"",0
"GO:0006367","transcription initiation at RNA polymerase II promoter","0/17","63/3464",0,0,-0.562466969038577,1,1,1,"",0
"GO:0006368","transcription elongation by RNA polymerase II","0/17","57/3464",0,0,-0.534541497290977,1,1,1,"",0
"GO:0006369","termination of RNA polymerase II transcription","0/17","12/3464",0,0,-0.243660591563121,1,1,1,"",0
"GO:0006376","mRNA splice site recognition","0/17","16/3464",0,0,-0.281518167921038,1,1,1,"",0
"GO:0006383","transcription by RNA polymerase III","0/17","20/3464",0,0,-0.314929606982663,1,1,1,"",0
"GO:0006384","transcription initiation at RNA polymerase III promoter","0/17","7/3464",0,0,-0.185964220911726,1,1,1,"",0
"GO:0006397","mRNA processing","0/17","189/3464",0,0,-0.992785246662576,1,1,1,"",0
"GO:0006399","tRNA metabolic process","0/17","47/3464",0,0,-0.484681568129949,1,1,1,"",0
"GO:0006400","tRNA modification","0/17","24/3464",0,0,-0.3451886157451,1,1,1,"",0
"GO:0006401","RNA catabolic process","0/17","117/3464",0,0,-0.772671937441631,1,1,1,"",0
"GO:0006402","mRNA catabolic process","0/17","97/3464",0,0,-0.701446211099576,1,1,1,"",0
"GO:0006403","RNA localization","0/17","84/3464",0,0,-0.651495406010365,1,1,1,"",0
"GO:0006405","RNA export from nucleus","0/17","43/3464",0,0,-0.463327156147038,1,1,1,"",0
"GO:0006406","mRNA export from nucleus","0/17","30/3464",0,0,-0.386269614985065,1,1,1,"",0
"GO:0006412","translation","0/17","245/3464",0,0,-1.14012539342946,1,1,1,"",0
"GO:0006413","translational initiation","0/17","58/3464",0,0,-0.539289220725874,1,1,1,"",0
"GO:0006414","translational elongation","0/17","29/3464",0,0,-0.379721941742842,1,1,1,"",0
"GO:0006417","regulation of translation","0/17","133/3464",0,0,-0.825788002464299,1,1,1,"",0
"GO:0006418","tRNA aminoacylation for protein translation","0/17","7/3464",0,0,-0.185964220911726,1,1,1,"",0
"GO:0006446","regulation of translational initiation","0/17","45/3464",0,0,-0.47411835755977,1,1,1,"",0
"GO:0006457","protein folding","0/17","80/3464",0,0,-0.635418538123558,1,1,1,"",0
"GO:0006470","protein dephosphorylation","0/17","37/3464",0,0,-0.429411701263547,1,1,1,"",0
"GO:0006473","protein acetylation","0/17","9/3464",0,0,-0.210924628871157,1,1,1,"",0
"GO:0006476","protein deacetylation","0/17","12/3464",0,0,-0.243660591563121,1,1,1,"",0
"GO:0006479","protein methylation","0/17","14/3464",0,0,-0.263259792748828,1,1,1,"",0
"GO:0006487","protein N-linked glycosylation","0/17","16/3464",0,0,-0.281518167921038,1,1,1,"",0
"GO:0006491","N-glycan processing","0/17","8/3464",0,0,-0.198832874617629,1,1,1,"",0
"GO:0006493","protein O-linked glycosylation","0/17","30/3464",0,0,-0.386269614985065,1,1,1,"",0
"GO:0006505","GPI anchor metabolic process","0/17","11/3464",0,0,-0.233253472635466,1,1,1,"",0
"GO:0006506","GPI anchor biosynthetic process","0/17","11/3464",0,0,-0.233253472635466,1,1,1,"",0
"GO:0006509","membrane protein ectodomain proteolysis","0/17","16/3464",0,0,-0.281518167921038,1,1,1,"",0
"GO:0006511","ubiquitin-dependent protein catabolic process","0/17","270/3464",0,0,-1.20155731278258,1,1,1,"",0
"GO:0006513","protein monoubiquitination","0/17","24/3464",0,0,-0.3451886157451,1,1,1,"",0
"GO:0006515","protein quality control for misfolded or incompletely synthesized proteins","0/17","8/3464",0,0,-0.198832874617629,1,1,1,"",0
"GO:0006516","glycoprotein catabolic process","0/17","10/3464",0,0,-0.222366263304878,1,1,1,"",0
"GO:0006517","protein deglycosylation","0/17","5/3464",0,0,-0.15712300842042,1,1,1,"",0
"GO:0006518","peptide metabolic process","0/17","16/3464",0,0,-0.281518167921038,1,1,1,"",0
"GO:0006520","amino acid metabolic process","0/17","51/3464",0,0,-0.505181000485228,1,1,1,"",0
"GO:0006536","glutamate metabolic process","0/17","8/3464",0,0,-0.198832874617629,1,1,1,"",0
"GO:0006555","methionine metabolic process","0/17","5/3464",0,0,-0.15712300842042,1,1,1,"",0
"GO:0006575","modified amino acid metabolic process","0/17","29/3464",0,0,-0.379721941742842,1,1,1,"",0
"GO:0006576","biogenic amine metabolic process","0/17","14/3464",0,0,-0.263259792748828,1,1,1,"",0
"GO:0006584","catecholamine metabolic process","0/17","7/3464",0,0,-0.185964220911726,1,1,1,"",0
"GO:0006595","polyamine metabolic process","0/17","7/3464",0,0,-0.185964220911726,1,1,1,"",0
"GO:0006596","polyamine biosynthetic process","0/17","6/3464",0,0,-0.17214451739573,1,1,1,"",0
"GO:0006606","protein import into nucleus","0/17","58/3464",0,0,-0.539289220725874,1,1,1,"",0
"GO:0006607","NLS-bearing protein import into nucleus","0/17","9/3464",0,0,-0.210924628871157,1,1,1,"",0
"GO:0006611","protein export from nucleus","0/17","19/3464",0,0,-0.306910857143731,1,1,1,"",0
"GO:0006613","cotranslational protein targeting to membrane","0/17","10/3464",0,0,-0.222366263304878,1,1,1,"",0
"GO:0006614","SRP-dependent cotranslational protein targeting to membrane","0/17","7/3464",0,0,-0.185964220911726,1,1,1,"",0
"GO:0006620","post-translational protein targeting to endoplasmic reticulum membrane","0/17","9/3464",0,0,-0.210924628871157,1,1,1,"",0
"GO:0006622","protein targeting to lysosome","0/17","15/3464",0,0,-0.272539275511706,1,1,1,"",0
"GO:0006623","protein targeting to vacuole","0/17","21/3464",0,0,-0.322753678537855,1,1,1,"",0
"GO:0006625","protein targeting to peroxisome","0/17","5/3464",0,0,-0.15712300842042,1,1,1,"",0
"GO:0006629","lipid metabolic process","0/17","260/3464",0,0,-1.17725484114802,1,1,1,"",0
"GO:0006631","fatty acid metabolic process","0/17","75/3464",0,0,-0.614787334791332,1,1,1,"",0
"GO:0006633","fatty acid biosynthetic process","0/17","27/3464",0,0,-0.366287569727191,1,1,1,"",0
"GO:0006635","fatty acid beta-oxidation","0/17","20/3464",0,0,-0.314929606982663,1,1,1,"",0
"GO:0006636","unsaturated fatty acid biosynthetic process","0/17","10/3464",0,0,-0.222366263304878,1,1,1,"",0
"GO:0006637","acyl-CoA metabolic process","0/17","27/3464",0,0,-0.366287569727191,1,1,1,"",0
"GO:0006638","neutral lipid metabolic process","0/17","20/3464",0,0,-0.314929606982663,1,1,1,"",0
"GO:0006639","acylglycerol metabolic process","0/17","20/3464",0,0,-0.314929606982663,1,1,1,"",0
"GO:0006641","triglyceride metabolic process","0/17","14/3464",0,0,-0.263259792748828,1,1,1,"",0
"GO:0006644","phospholipid metabolic process","0/17","106/3464",0,0,-0.734247795866739,1,1,1,"",0
"GO:0006650","glycerophospholipid metabolic process","0/17","88/3464",0,0,-0.667221729916716,1,1,1,"",0
"GO:0006654","phosphatidic acid biosynthetic process","0/17","8/3464",0,0,-0.198832874617629,1,1,1,"",0
"GO:0006656","phosphatidylcholine biosynthetic process","0/17","7/3464",0,0,-0.185964220911726,1,1,1,"",0
"GO:0006658","phosphatidylserine metabolic process","0/17","7/3464",0,0,-0.185964220911726,1,1,1,"",0
"GO:0006661","phosphatidylinositol biosynthetic process","0/17","45/3464",0,0,-0.47411835755977,1,1,1,"",0
"GO:0006664","glycolipid metabolic process","0/17","28/3464",0,0,-0.373063278791047,1,1,1,"",0
"GO:0006665","sphingolipid metabolic process","0/17","31/3464",0,0,-0.39271185338966,1,1,1,"",0
"GO:0006672","ceramide metabolic process","0/17","20/3464",0,0,-0.314929606982663,1,1,1,"",0
"GO:0006684","sphingomyelin metabolic process","0/17","7/3464",0,0,-0.185964220911726,1,1,1,"",0
"GO:0006686","sphingomyelin biosynthetic process","0/17","5/3464",0,0,-0.15712300842042,1,1,1,"",0
"GO:0006687","glycosphingolipid metabolic process","0/17","16/3464",0,0,-0.281518167921038,1,1,1,"",0
"GO:0006688","glycosphingolipid biosynthetic process","0/17","8/3464",0,0,-0.198832874617629,1,1,1,"",0
"GO:0006690","icosanoid metabolic process","0/17","17/3464",0,0,-0.29022437442028,1,1,1,"",0
"GO:0006692","prostanoid metabolic process","0/17","10/3464",0,0,-0.222366263304878,1,1,1,"",0
"GO:0006693","prostaglandin metabolic process","0/17","9/3464",0,0,-0.210924628871157,1,1,1,"",0
"GO:0006694","steroid biosynthetic process","0/17","29/3464",0,0,-0.379721941742842,1,1,1,"",0
"GO:0006695","cholesterol biosynthetic process","0/17","19/3464",0,0,-0.306910857143731,1,1,1,"",0
"GO:0006699","bile acid biosynthetic process","0/17","6/3464",0,0,-0.17214451739573,1,1,1,"",0
"GO:0006720","isoprenoid metabolic process","0/17","14/3464",0,0,-0.263259792748828,1,1,1,"",0
"GO:0006721","terpenoid metabolic process","0/17","13/3464",0,0,-0.253646726191546,1,1,1,"",0
"GO:0006730","one-carbon metabolic process","0/17","7/3464",0,0,-0.185964220911726,1,1,1,"",0
"GO:0006739","NADP+ metabolic process","0/17","7/3464",0,0,-0.185964220911726,1,1,1,"",0
"GO:0006749","glutathione metabolic process","0/17","8/3464",0,0,-0.198832874617629,1,1,1,"",0
"GO:0006750","glutathione biosynthetic process","0/17","5/3464",0,0,-0.15712300842042,1,1,1,"",0
"GO:0006753","nucleoside phosphate metabolic process","0/17","167/3464",0,0,-0.930098248974102,1,1,1,"",0
"GO:0006754","ATP biosynthetic process","0/17","24/3464",0,0,-0.3451886157451,1,1,1,"",0
"GO:0006790","sulfur compound metabolic process","0/17","54/3464",0,0,-0.520055573560295,1,1,1,"",0
"GO:0006801","superoxide metabolic process","0/17","13/3464",0,0,-0.253646726191546,1,1,1,"",0
"GO:0006805","xenobiotic metabolic process","0/17","10/3464",0,0,-0.222366263304878,1,1,1,"",0
"GO:0006809","nitric oxide biosynthetic process","0/17","16/3464",0,0,-0.281518167921038,1,1,1,"",0
"GO:0006817","phosphate ion transport","0/17","5/3464",0,0,-0.15712300842042,1,1,1,"",0
"GO:0006820","monoatomic anion transport","0/17","23/3464",0,0,-0.337871567350104,1,1,1,"",0
"GO:0006821","chloride transport","0/17","13/3464",0,0,-0.253646726191546,1,1,1,"",0
"GO:0006826","iron ion transport","0/17","16/3464",0,0,-0.281518167921038,1,1,1,"",0
"GO:0006828","manganese ion transport","0/17","6/3464",0,0,-0.17214451739573,1,1,1,"",0
"GO:0006829","zinc ion transport","0/17","12/3464",0,0,-0.243660591563121,1,1,1,"",0
"GO:0006835","dicarboxylic acid transport","0/17","19/3464",0,0,-0.306910857143731,1,1,1,"",0
"GO:0006836","neurotransmitter transport","0/17","47/3464",0,0,-0.484681568129949,1,1,1,"",0
"GO:0006839","mitochondrial transport","0/17","15/3464",0,0,-0.272539275511706,1,1,1,"",0
"GO:0006851","mitochondrial calcium ion transmembrane transport","0/17","6/3464",0,0,-0.17214451739573,1,1,1,"",0
"GO:0006857","oligopeptide transport","0/17","5/3464",0,0,-0.15712300842042,1,1,1,"",0
"GO:0006858","extracellular transport","0/17","5/3464",0,0,-0.15712300842042,1,1,1,"",0
"GO:0006862","nucleotide transport","0/17","9/3464",0,0,-0.210924628871157,1,1,1,"",0
"GO:0006865","amino acid transport","0/17","31/3464",0,0,-0.39271185338966,1,1,1,"",0
"GO:0006869","lipid transport","0/17","80/3464",0,0,-0.635418538123558,1,1,1,"",0
"GO:0006874","intracellular calcium ion homeostasis","0/17","32/3464",0,0,-0.399053766541762,1,1,1,"",0
"GO:0006879","intracellular iron ion homeostasis","0/17","22/3464",0,0,-0.330396906346997,1,1,1,"",0
"GO:0006882","intracellular zinc ion homeostasis","0/17","6/3464",0,0,-0.17214451739573,1,1,1,"",0
"GO:0006884","cell volume homeostasis","0/17","6/3464",0,0,-0.17214451739573,1,1,1,"",0
"GO:0006885","regulation of pH","0/17","33/3464",0,0,-0.405300067126917,1,1,1,"",0
"GO:0006887","exocytosis","0/17","95/3464",0,0,-0.693971063262274,1,1,1,"",0
"GO:0006888","endoplasmic reticulum to Golgi vesicle-mediated transport","0/17","69/3464",0,0,-0.589161990559319,1,1,1,"",0
"GO:0006890","retrograde vesicle-mediated transport, Golgi to endoplasmic reticulum","0/17","27/3464",0,0,-0.366287569727191,1,1,1,"",0
"GO:0006891","intra-Golgi vesicle-mediated transport","0/17","20/3464",0,0,-0.314929606982663,1,1,1,"",0
"GO:0006892","post-Golgi vesicle-mediated transport","0/17","55/3464",0,0,-0.524925788047709,1,1,1,"",0
"GO:0006893","Golgi to plasma membrane transport","0/17","32/3464",0,0,-0.399053766541762,1,1,1,"",0
"GO:0006895","Golgi to endosome transport","0/17","9/3464",0,0,-0.210924628871157,1,1,1,"",0
"GO:0006896","Golgi to vacuole transport","0/17","11/3464",0,0,-0.233253472635466,1,1,1,"",0
"GO:0006898","receptor-mediated endocytosis","0/17","84/3464",0,0,-0.651495406010365,1,1,1,"",0
"GO:0006900","vesicle budding from membrane","0/17","48/3464",0,0,-0.489882304792675,1,1,1,"",0
"GO:0006901","vesicle coating","0/17","26/3464",0,0,-0.359388190900476,1,1,1,"",0
"GO:0006903","vesicle targeting","0/17","40/3464",0,0,-0.446676580142383,1,1,1,"",0
"GO:0006904","vesicle docking involved in exocytosis","0/17","13/3464",0,0,-0.253646726191546,1,1,1,"",0
"GO:0006906","vesicle fusion","0/17","41/3464",0,0,-0.452291622376296,1,1,1,"",0
"GO:0006907","pinocytosis","0/17","5/3464",0,0,-0.15712300842042,1,1,1,"",0
"GO:0006909","phagocytosis","0/17","43/3464",0,0,-0.463327156147038,1,1,1,"",0
"GO:0006911","phagocytosis, engulfment","0/17","8/3464",0,0,-0.198832874617629,1,1,1,"",0
"GO:0006913","nucleocytoplasmic transport","0/17","108/3464",0,0,-0.741363100702537,1,1,1,"",0
"GO:0006914","autophagy","0/17","243/3464",0,0,-1.13510971104498,1,1,1,"",0
"GO:0006929","substrate-dependent cell migration","0/17","6/3464",0,0,-0.17214451739573,1,1,1,"",0
"GO:0006935","chemotaxis","0/17","65/3464",0,0,-0.571493323100444,1,1,1,"",0
"GO:0006936","muscle contraction","0/17","99/3464",0,0,-0.708851279771183,1,1,1,"",0
"GO:0006937","regulation of muscle contraction","0/17","32/3464",0,0,-0.399053766541762,1,1,1,"",0
"GO:0006939","smooth muscle contraction","0/17","17/3464",0,0,-0.29022437442028,1,1,1,"",0
"GO:0006940","regulation of smooth muscle contraction","0/17","10/3464",0,0,-0.222366263304878,1,1,1,"",0
"GO:0006941","striated muscle contraction","0/17","68/3464",0,0,-0.584791000225259,1,1,1,"",0
"GO:0006942","regulation of striated muscle contraction","0/17","19/3464",0,0,-0.306910857143731,1,1,1,"",0
"GO:0006949","syncytium formation","0/17","43/3464",0,0,-0.463327156147038,1,1,1,"",0
"GO:0006952","defense response","0/17","285/3464",0,0,-1.23739179177771,1,1,1,"",0
"GO:0006954","inflammatory response","0/17","113/3464",0,0,-0.758895665957752,1,1,1,"",0
"GO:0006959","humoral immune response","0/17","16/3464",0,0,-0.281518167921038,1,1,1,"",0
"GO:0006970","response to osmotic stress","0/17","17/3464",0,0,-0.29022437442028,1,1,1,"",0
"GO:0006972","hyperosmotic response","0/17","7/3464",0,0,-0.185964220911726,1,1,1,"",0
"GO:0006979","response to oxidative stress","0/17","118/3464",0,0,-0.776082874418952,1,1,1,"",0
"GO:0006984","ER-nucleus signaling pathway","0/17","23/3464",0,0,-0.337871567350104,1,1,1,"",0
"GO:0006986","response to unfolded protein","0/17","55/3464",0,0,-0.524925788047709,1,1,1,"",0
"GO:0006991","response to sterol depletion","0/17","5/3464",0,0,-0.15712300842042,1,1,1,"",0
"GO:0006995","cellular response to nitrogen starvation","0/17","7/3464",0,0,-0.185964220911726,1,1,1,"",0
"GO:0006998","nuclear envelope organization","0/17","16/3464",0,0,-0.281518167921038,1,1,1,"",0
"GO:0006999","nuclear pore organization","0/17","8/3464",0,0,-0.198832874617629,1,1,1,"",0
"GO:0007000","nucleolus organization","0/17","5/3464",0,0,-0.15712300842042,1,1,1,"",0
"GO:0007004","telomere maintenance via telomerase","0/17","25/3464",0,0,-0.352357874193654,1,1,1,"",0
"GO:0007005","mitochondrion organization","0/17","99/3464",0,0,-0.708851279771183,1,1,1,"",0
"GO:0007006","mitochondrial membrane organization","0/17","24/3464",0,0,-0.3451886157451,1,1,1,"",0
"GO:0007007","inner mitochondrial membrane organization","0/17","15/3464",0,0,-0.272539275511706,1,1,1,"",0
"GO:0007008","outer mitochondrial membrane organization","0/17","6/3464",0,0,-0.17214451739573,1,1,1,"",0
"GO:0007009","plasma membrane organization","0/17","41/3464",0,0,-0.452291622376296,1,1,1,"",0
"GO:0007020","microtubule nucleation","0/17","23/3464",0,0,-0.337871567350104,1,1,1,"",0
"GO:0007026","negative regulation of microtubule depolymerization","0/17","8/3464",0,0,-0.198832874617629,1,1,1,"",0
"GO:0007029","endoplasmic reticulum organization","0/17","33/3464",0,0,-0.405300067126917,1,1,1,"",0
"GO:0007030","Golgi organization","0/17","62/3464",0,0,-0.557903074676928,1,1,1,"",0
"GO:0007031","peroxisome organization","0/17","13/3464",0,0,-0.253646726191546,1,1,1,"",0
"GO:0007032","endosome organization","0/17","45/3464",0,0,-0.47411835755977,1,1,1,"",0
"GO:0007033","vacuole organization","0/17","100/3464",0,0,-0.712528222867668,1,1,1,"",0
"GO:0007034","vacuolar transport","0/17","78/3464",0,0,-0.627240206637006,1,1,1,"",0
"GO:0007035","vacuolar acidification","0/17","18/3464",0,0,-0.29868174554767,1,1,1,"",0
"GO:0007039","protein catabolic process in the vacuole","0/17","6/3464",0,0,-0.17214451739573,1,1,1,"",0
"GO:0007040","lysosome organization","0/17","39/3464",0,0,-0.440993390439803,1,1,1,"",0
"GO:0007041","lysosomal transport","0/17","57/3464",0,0,-0.534541497290977,1,1,1,"",0
"GO:0007042","lysosomal lumen acidification","0/17","12/3464",0,0,-0.243660591563121,1,1,1,"",0
"GO:0007044","cell-substrate junction assembly","0/17","39/3464",0,0,-0.440993390439803,1,1,1,"",0
"GO:0007059","chromosome segregation","0/17","123/3464",0,0,-0.792947405881199,1,1,1,"",0
"GO:0007062","sister chromatid cohesion","0/17","22/3464",0,0,-0.330396906346997,1,1,1,"",0
"GO:0007063","regulation of sister chromatid cohesion","0/17","7/3464",0,0,-0.185964220911726,1,1,1,"",0
"GO:0007064","mitotic sister chromatid cohesion","0/17","16/3464",0,0,-0.281518167921038,1,1,1,"",0
"GO:0007080","mitotic metaphase chromosome alignment","0/17","14/3464",0,0,-0.263259792748828,1,1,1,"",0
"GO:0007084","mitotic nuclear membrane reassembly","0/17","5/3464",0,0,-0.15712300842042,1,1,1,"",0
"GO:0007088","regulation of mitotic nuclear division","0/17","27/3464",0,0,-0.366287569727191,1,1,1,"",0
"GO:0007091","metaphase/anaphase transition of mitotic cell cycle","0/17","33/3464",0,0,-0.405300067126917,1,1,1,"",0
"GO:0007093","mitotic cell cycle checkpoint signaling","0/17","32/3464",0,0,-0.399053766541762,1,1,1,"",0
"GO:0007094","mitotic spindle assembly checkpoint signaling","0/17","14/3464",0,0,-0.263259792748828,1,1,1,"",0
"GO:0007095","mitotic G2 DNA damage checkpoint signaling","0/17","7/3464",0,0,-0.185964220911726,1,1,1,"",0
"GO:0007098","centrosome cycle","0/17","40/3464",0,0,-0.446676580142383,1,1,1,"",0
"GO:0007099","centriole replication","0/17","9/3464",0,0,-0.210924628871157,1,1,1,"",0
"GO:0007100","mitotic centrosome separation","0/17","5/3464",0,0,-0.15712300842042,1,1,1,"",0
"GO:0007127","meiosis I","0/17","8/3464",0,0,-0.198832874617629,1,1,1,"",0
"GO:0007131","reciprocal meiotic recombination","0/17","5/3464",0,0,-0.15712300842042,1,1,1,"",0
"GO:0007156","homophilic cell-cell adhesion","0/17","25/3464",0,0,-0.352357874193654,1,1,1,"",0
"GO:0007157","heterophilic cell-cell adhesion","0/17","9/3464",0,0,-0.210924628871157,1,1,1,"",0
"GO:0007158","neuron cell-cell adhesion","0/17","9/3464",0,0,-0.210924628871157,1,1,1,"",0
"GO:0007160","cell-matrix adhesion","0/17","59/3464",0,0,-0.5439982623352,1,1,1,"",0
"GO:0007162","negative regulation of cell adhesion","0/17","62/3464",0,0,-0.557903074676928,1,1,1,"",0
"GO:0007173","epidermal growth factor receptor signaling pathway","0/17","39/3464",0,0,-0.440993390439803,1,1,1,"",0
"GO:0007178","cell surface receptor protein serine/threonine kinase signaling pathway","0/17","83/3464",0,0,-0.64751006800636,1,1,1,"",0
"GO:0007179","transforming growth factor beta receptor signaling pathway","0/17","53/3464",0,0,-0.515142213632887,1,1,1,"",0
"GO:0007193","adenylate cyclase-inhibiting G protein-coupled receptor signaling pathway","0/17","11/3464",0,0,-0.233253472635466,1,1,1,"",0
"GO:0007200","phospholipase C-activating G protein-coupled receptor signaling pathway","0/17","12/3464",0,0,-0.243660591563121,1,1,1,"",0
"GO:0007212","G protein-coupled dopamine receptor signaling pathway","0/17","10/3464",0,0,-0.222366263304878,1,1,1,"",0
"GO:0007215","glutamate receptor signaling pathway","0/17","18/3464",0,0,-0.29868174554767,1,1,1,"",0
"GO:0007218","neuropeptide signaling pathway","0/17","9/3464",0,0,-0.210924628871157,1,1,1,"",0
"GO:0007219","Notch signaling pathway","0/17","36/3464",0,0,-0.423507307653009,1,1,1,"",0
"GO:0007220","Notch receptor processing","0/17","5/3464",0,0,-0.15712300842042,1,1,1,"",0
"GO:0007224","smoothened signaling pathway","0/17","23/3464",0,0,-0.337871567350104,1,1,1,"",0
"GO:0007229","integrin-mediated signaling pathway","0/17","25/3464",0,0,-0.352357874193654,1,1,1,"",0
"GO:0007249","canonical NF-kappaB signal transduction","0/17","83/3464",0,0,-0.64751006800636,1,1,1,"",0
"GO:0007254","JNK cascade","0/17","50/3464",0,0,-0.500130463301569,1,1,1,"",0
"GO:0007259","cell surface receptor signaling pathway via JAK-STAT","0/17","28/3464",0,0,-0.373063278791047,1,1,1,"",0
"GO:0007260","tyrosine phosphorylation of STAT protein","0/17","5/3464",0,0,-0.15712300842042,1,1,1,"",0
"GO:0007263","nitric oxide mediated signal transduction","0/17","5/3464",0,0,-0.15712300842042,1,1,1,"",0
"GO:0007264","small GTPase-mediated signal transduction","0/17","146/3464",0,0,-0.866898600440841,1,1,1,"",0
"GO:0007265","Ras protein signal transduction","0/17","32/3464",0,0,-0.399053766541762,1,1,1,"",0
"GO:0007266","Rho protein signal transduction","0/17","41/3464",0,0,-0.452291622376296,1,1,1,"",0
"GO:0007269","neurotransmitter secretion","0/17","37/3464",0,0,-0.429411701263547,1,1,1,"",0
"GO:0007272","ensheathment of neurons","0/17","35/3464",0,0,-0.41752294232855,1,1,1,"",0
"GO:0007274","neuromuscular synaptic transmission","0/17","5/3464",0,0,-0.15712300842042,1,1,1,"",0
"GO:0007276","gamete generation","0/17","143/3464",0,0,-0.857558282272056,1,1,1,"",0
"GO:0007281","germ cell development","0/17","32/3464",0,0,-0.399053766541762,1,1,1,"",0
"GO:0007283","spermatogenesis","0/17","126/3464",0,0,-0.802919806283647,1,1,1,"",0
"GO:0007286","spermatid development","0/17","22/3464",0,0,-0.330396906346997,1,1,1,"",0
"GO:0007292","female gamete generation","0/17","10/3464",0,0,-0.222366263304878,1,1,1,"",0
"GO:0007338","single fertilization","0/17","12/3464",0,0,-0.243660591563121,1,1,1,"",0
"GO:0007368","determination of left/right symmetry","0/17","13/3464",0,0,-0.253646726191546,1,1,1,"",0
"GO:0007369","gastrulation","0/17","16/3464",0,0,-0.281518167921038,1,1,1,"",0
"GO:0007389","pattern specification process","0/17","36/3464",0,0,-0.423507307653009,1,1,1,"",0
"GO:0007405","neuroblast proliferation","0/17","14/3464",0,0,-0.263259792748828,1,1,1,"",0
"GO:0007413","axonal fasciculation","0/17","8/3464",0,0,-0.198832874617629,1,1,1,"",0
"GO:0007416","synapse assembly","0/17","80/3464",0,0,-0.635418538123558,1,1,1,"",0
"GO:0007422","peripheral nervous system development","0/17","21/3464",0,0,-0.322753678537855,1,1,1,"",0
"GO:0007423","sensory organ development","0/17","63/3464",0,0,-0.562466969038577,1,1,1,"",0
"GO:0007492","endoderm development","0/17","8/3464",0,0,-0.198832874617629,1,1,1,"",0
"GO:0007498","mesoderm development","0/17","6/3464",0,0,-0.17214451739573,1,1,1,"",0
"GO:0007507","heart development","0/17","83/3464",0,0,-0.64751006800636,1,1,1,"",0
"GO:0007517","muscle organ development","0/17","40/3464",0,0,-0.446676580142383,1,1,1,"",0
"GO:0007519","skeletal muscle tissue development","0/17","23/3464",0,0,-0.337871567350104,1,1,1,"",0
"GO:0007520","myoblast fusion","0/17","42/3464",0,0,-0.457841027287798,1,1,1,"",0
"GO:0007528","neuromuscular junction development","0/17","10/3464",0,0,-0.222366263304878,1,1,1,"",0
"GO:0007548","sex differentiation","0/17","24/3464",0,0,-0.3451886157451,1,1,1,"",0
"GO:0007549","sex-chromosome dosage compensation","0/17","9/3464",0,0,-0.210924628871157,1,1,1,"",0
"GO:0007565","female pregnancy","0/17","17/3464",0,0,-0.29022437442028,1,1,1,"",0
"GO:0007566","embryo implantation","0/17","9/3464",0,0,-0.210924628871157,1,1,1,"",0
"GO:0007584","response to nutrient","0/17","27/3464",0,0,-0.366287569727191,1,1,1,"",0
"GO:0007585","respiratory gaseous exchange by respiratory system","0/17","5/3464",0,0,-0.15712300842042,1,1,1,"",0
"GO:0007586","digestion","0/17","9/3464",0,0,-0.210924628871157,1,1,1,"",0
"GO:0007589","body fluid secretion","0/17","5/3464",0,0,-0.15712300842042,1,1,1,"",0
"GO:0007596","blood coagulation","0/17","28/3464",0,0,-0.373063278791047,1,1,1,"",0
"GO:0007599","hemostasis","0/17","30/3464",0,0,-0.386269614985065,1,1,1,"",0
"GO:0007600","sensory perception","0/17","39/3464",0,0,-0.440993390439803,1,1,1,"",0
"GO:0007601","visual perception","0/17","17/3464",0,0,-0.29022437442028,1,1,1,"",0
"GO:0007605","sensory perception of sound","0/17","9/3464",0,0,-0.210924628871157,1,1,1,"",0
"GO:0007616","long-term memory","0/17","7/3464",0,0,-0.185964220911726,1,1,1,"",0
"GO:0007622","rhythmic behavior","0/17","12/3464",0,0,-0.243660591563121,1,1,1,"",0
"GO:0007623","circadian rhythm","0/17","55/3464",0,0,-0.524925788047709,1,1,1,"",0
"GO:0007626","locomotory behavior","0/17","25/3464",0,0,-0.352357874193654,1,1,1,"",0
"GO:0007631","feeding behavior","0/17","8/3464",0,0,-0.198832874617629,1,1,1,"",0
"GO:0007632","visual behavior","0/17","7/3464",0,0,-0.185964220911726,1,1,1,"",0
"GO:0008033","tRNA processing","0/17","32/3464",0,0,-0.399053766541762,1,1,1,"",0
"GO:0008037","cell recognition","0/17","24/3464",0,0,-0.3451886157451,1,1,1,"",0
"GO:0008038","neuron recognition","0/17","19/3464",0,0,-0.306910857143731,1,1,1,"",0
"GO:0008045","motor neuron axon guidance","0/17","6/3464",0,0,-0.17214451739573,1,1,1,"",0
"GO:0008053","mitochondrial fusion","0/17","13/3464",0,0,-0.253646726191546,1,1,1,"",0
"GO:0008064","regulation of actin polymerization or depolymerization","0/17","40/3464",0,0,-0.446676580142383,1,1,1,"",0
"GO:0008154","actin polymerization or depolymerization","0/17","54/3464",0,0,-0.520055573560295,1,1,1,"",0
"GO:0008156","negative regulation of DNA replication","0/17","7/3464",0,0,-0.185964220911726,1,1,1,"",0
"GO:0008202","steroid metabolic process","0/17","48/3464",0,0,-0.489882304792675,1,1,1,"",0
"GO:0008203","cholesterol metabolic process","0/17","27/3464",0,0,-0.366287569727191,1,1,1,"",0
"GO:0008206","bile acid metabolic process","0/17","8/3464",0,0,-0.198832874617629,1,1,1,"",0
"GO:0008213","protein alkylation","0/17","14/3464",0,0,-0.263259792748828,1,1,1,"",0
"GO:0008217","regulation of blood pressure","0/17","17/3464",0,0,-0.29022437442028,1,1,1,"",0
"GO:0008285","negative regulation of cell population proliferation","0/17","108/3464",0,0,-0.741363100702537,1,1,1,"",0
"GO:0008286","insulin receptor signaling pathway","0/17","50/3464",0,0,-0.500130463301569,1,1,1,"",0
"GO:0008298","intracellular mRNA localization","0/17","10/3464",0,0,-0.222366263304878,1,1,1,"",0
"GO:0008299","isoprenoid biosynthetic process","0/17","8/3464",0,0,-0.198832874617629,1,1,1,"",0
"GO:0008333","endosome to lysosome transport","0/17","26/3464",0,0,-0.359388190900476,1,1,1,"",0
"GO:0008334","histone mRNA metabolic process","0/17","7/3464",0,0,-0.185964220911726,1,1,1,"",0
"GO:0008344","adult locomotory behavior","0/17","8/3464",0,0,-0.198832874617629,1,1,1,"",0
"GO:0008356","asymmetric cell division","0/17","5/3464",0,0,-0.15712300842042,1,1,1,"",0
"GO:0008360","regulation of cell shape","0/17","28/3464",0,0,-0.373063278791047,1,1,1,"",0
"GO:0008366","axon ensheathment","0/17","35/3464",0,0,-0.41752294232855,1,1,1,"",0
"GO:0008406","gonad development","0/17","18/3464",0,0,-0.29868174554767,1,1,1,"",0
"GO:0008535","respiratory chain complex IV assembly","0/17","5/3464",0,0,-0.15712300842042,1,1,1,"",0
"GO:0008542","visual learning","0/17","6/3464",0,0,-0.17214451739573,1,1,1,"",0
"GO:0008543","fibroblast growth factor receptor signaling pathway","0/17","10/3464",0,0,-0.222366263304878,1,1,1,"",0
"GO:0008544","epidermis development","0/17","30/3464",0,0,-0.386269614985065,1,1,1,"",0
"GO:0008584","male gonad development","0/17","11/3464",0,0,-0.233253472635466,1,1,1,"",0
"GO:0008585","female gonad development","0/17","7/3464",0,0,-0.185964220911726,1,1,1,"",0
"GO:0008589","regulation of smoothened signaling pathway","0/17","16/3464",0,0,-0.281518167921038,1,1,1,"",0
"GO:0008593","regulation of Notch signaling pathway","0/17","24/3464",0,0,-0.3451886157451,1,1,1,"",0
"GO:0008608","attachment of spindle microtubules to kinetochore","0/17","9/3464",0,0,-0.210924628871157,1,1,1,"",0
"GO:0008610","lipid biosynthetic process","0/17","166/3464",0,0,-0.927168745121029,1,1,1,"",0
"GO:0008630","intrinsic apoptotic signaling pathway in response to DNA damage","0/17","15/3464",0,0,-0.272539275511706,1,1,1,"",0
"GO:0008631","intrinsic apoptotic signaling pathway in response to oxidative stress","0/17","22/3464",0,0,-0.330396906346997,1,1,1,"",0
"GO:0008637","apoptotic mitochondrial changes","0/17","25/3464",0,0,-0.352357874193654,1,1,1,"",0
"GO:0008643","carbohydrate transport","0/17","25/3464",0,0,-0.352357874193654,1,1,1,"",0
"GO:0008645","hexose transmembrane transport","0/17","23/3464",0,0,-0.337871567350104,1,1,1,"",0
"GO:0008652","amino acid biosynthetic process","0/17","16/3464",0,0,-0.281518167921038,1,1,1,"",0
"GO:0008654","phospholipid biosynthetic process","0/17","87/3464",0,0,-0.663321632261148,1,1,1,"",0
"GO:0009048","dosage compensation by inactivation of X chromosome","0/17","9/3464",0,0,-0.210924628871157,1,1,1,"",0
"GO:0009057","macromolecule catabolic process","0/17","493/3464",0,0,-1.68345766158809,1,1,1,"",0
"GO:0009060","aerobic respiration","0/17","82/3464",0,0,-0.643502427170558,1,1,1,"",0
"GO:0009062","fatty acid catabolic process","0/17","28/3464",0,0,-0.373063278791047,1,1,1,"",0
"GO:0009063","amino acid catabolic process","0/17","21/3464",0,0,-0.322753678537855,1,1,1,"",0
"GO:0009067","aspartate family amino acid biosynthetic process","0/17","5/3464",0,0,-0.15712300842042,1,1,1,"",0
"GO:0009081","branched-chain amino acid metabolic process","0/17","11/3464",0,0,-0.233253472635466,1,1,1,"",0
"GO:0009083","branched-chain amino acid catabolic process","0/17","9/3464",0,0,-0.210924628871157,1,1,1,"",0
"GO:0009084","L-glutamine family amino acid biosynthetic process","0/17","6/3464",0,0,-0.17214451739573,1,1,1,"",0
"GO:0009100","glycoprotein metabolic process","0/17","79/3464",0,0,-0.631341407150529,1,1,1,"",0
"GO:0009101","glycoprotein biosynthetic process","0/17","64/3464",0,0,-0.566996780925028,1,1,1,"",0
"GO:0009112","nucleobase metabolic process","0/17","8/3464",0,0,-0.198832874617629,1,1,1,"",0
"GO:0009116","nucleoside metabolic process","0/17","7/3464",0,0,-0.185964220911726,1,1,1,"",0
"GO:0009117","nucleotide metabolic process","0/17","125/3464",0,0,-0.7996075050857,1,1,1,"",0
"GO:0009123","nucleoside monophosphate metabolic process","0/17","19/3464",0,0,-0.306910857143731,1,1,1,"",0
"GO:0009124","nucleoside monophosphate biosynthetic process","0/17","11/3464",0,0,-0.233253472635466,1,1,1,"",0
"GO:0009126","purine nucleoside monophosphate metabolic process","0/17","12/3464",0,0,-0.243660591563121,1,1,1,"",0
"GO:0009127","purine nucleoside monophosphate biosynthetic process","0/17","5/3464",0,0,-0.15712300842042,1,1,1,"",0
"GO:0009129","pyrimidine nucleoside monophosphate metabolic process","0/17","5/3464",0,0,-0.15712300842042,1,1,1,"",0
"GO:0009132","nucleoside diphosphate metabolic process","0/17","44/3464",0,0,-0.468752233411199,1,1,1,"",0
"GO:0009134","nucleoside diphosphate catabolic process","0/17","35/3464",0,0,-0.41752294232855,1,1,1,"",0
"GO:0009135","purine nucleoside diphosphate metabolic process","0/17","41/3464",0,0,-0.452291622376296,1,1,1,"",0
"GO:0009137","purine nucleoside diphosphate catabolic process","0/17","34/3464",0,0,-0.411455112762703,1,1,1,"",0
"GO:0009141","nucleoside triphosphate metabolic process","0/17","80/3464",0,0,-0.635418538123558,1,1,1,"",0
"GO:0009142","nucleoside triphosphate biosynthetic process","0/17","31/3464",0,0,-0.39271185338966,1,1,1,"",0
"GO:0009144","purine nucleoside triphosphate metabolic process","0/17","78/3464",0,0,-0.627240206637006,1,1,1,"",0
"GO:0009145","purine nucleoside triphosphate biosynthetic process","0/17","28/3464",0,0,-0.373063278791047,1,1,1,"",0
"GO:0009147","pyrimidine nucleoside triphosphate metabolic process","0/17","6/3464",0,0,-0.17214451739573,1,1,1,"",0
"GO:0009148","pyrimidine nucleoside triphosphate biosynthetic process","0/17","5/3464",0,0,-0.15712300842042,1,1,1,"",0
"GO:0009150","purine ribonucleotide metabolic process","0/17","93/3464",0,0,-0.686423530702482,1,1,1,"",0
"GO:0009152","purine ribonucleotide biosynthetic process","0/17","37/3464",0,0,-0.429411701263547,1,1,1,"",0
"GO:0009154","purine ribonucleotide catabolic process","0/17","40/3464",0,0,-0.446676580142383,1,1,1,"",0
"GO:0009156","ribonucleoside monophosphate biosynthetic process","0/17","9/3464",0,0,-0.210924628871157,1,1,1,"",0
"GO:0009165","nucleotide biosynthetic process","0/17","53/3464",0,0,-0.515142213632887,1,1,1,"",0
"GO:0009166","nucleotide catabolic process","0/17","47/3464",0,0,-0.484681568129949,1,1,1,"",0
"GO:0009167","purine ribonucleoside monophosphate metabolic process","0/17","11/3464",0,0,-0.233253472635466,1,1,1,"",0
"GO:0009179","purine ribonucleoside diphosphate metabolic process","0/17","41/3464",0,0,-0.452291622376296,1,1,1,"",0
"GO:0009181","purine ribonucleoside diphosphate catabolic process","0/17","34/3464",0,0,-0.411455112762703,1,1,1,"",0
"GO:0009185","ribonucleoside diphosphate metabolic process","0/17","44/3464",0,0,-0.468752233411199,1,1,1,"",0
"GO:0009187","cyclic nucleotide metabolic process","0/17","5/3464",0,0,-0.15712300842042,1,1,1,"",0
"GO:0009191","ribonucleoside diphosphate catabolic process","0/17","35/3464",0,0,-0.41752294232855,1,1,1,"",0
"GO:0009201","ribonucleoside triphosphate biosynthetic process","0/17","29/3464",0,0,-0.379721941742842,1,1,1,"",0
"GO:0009205","purine ribonucleoside triphosphate metabolic process","0/17","77/3464",0,0,-0.623114459153914,1,1,1,"",0
"GO:0009206","purine ribonucleoside triphosphate biosynthetic process","0/17","28/3464",0,0,-0.373063278791047,1,1,1,"",0
"GO:0009208","pyrimidine ribonucleoside triphosphate metabolic process","0/17","5/3464",0,0,-0.15712300842042,1,1,1,"",0
"GO:0009209","pyrimidine ribonucleoside triphosphate biosynthetic process","0/17","5/3464",0,0,-0.15712300842042,1,1,1,"",0
"GO:0009218","pyrimidine ribonucleotide metabolic process","0/17","8/3464",0,0,-0.198832874617629,1,1,1,"",0
"GO:0009219","pyrimidine deoxyribonucleotide metabolic process","0/17","6/3464",0,0,-0.17214451739573,1,1,1,"",0
"GO:0009220","pyrimidine ribonucleotide biosynthetic process","0/17","7/3464",0,0,-0.185964220911726,1,1,1,"",0
"GO:0009223","pyrimidine deoxyribonucleotide catabolic process","0/17","5/3464",0,0,-0.15712300842042,1,1,1,"",0
"GO:0009225","nucleotide-sugar metabolic process","0/17","16/3464",0,0,-0.281518167921038,1,1,1,"",0
"GO:0009226","nucleotide-sugar biosynthetic process","0/17","8/3464",0,0,-0.198832874617629,1,1,1,"",0
"GO:0009247","glycolipid biosynthetic process","0/17","20/3464",0,0,-0.314929606982663,1,1,1,"",0
"GO:0009250","glucan biosynthetic process","0/17","11/3464",0,0,-0.233253472635466,1,1,1,"",0
"GO:0009251","glucan catabolic process","0/17","10/3464",0,0,-0.222366263304878,1,1,1,"",0
"GO:0009259","ribonucleotide metabolic process","0/17","98/3464",0,0,-0.70515736587649,1,1,1,"",0
"GO:0009260","ribonucleotide biosynthetic process","0/17","41/3464",0,0,-0.452291622376296,1,1,1,"",0
"GO:0009261","ribonucleotide catabolic process","0/17","42/3464",0,0,-0.457841027287798,1,1,1,"",0
"GO:0009262","deoxyribonucleotide metabolic process","0/17","11/3464",0,0,-0.233253472635466,1,1,1,"",0
"GO:0009263","deoxyribonucleotide biosynthetic process","0/17","6/3464",0,0,-0.17214451739573,1,1,1,"",0
"GO:0009264","deoxyribonucleotide catabolic process","0/17","6/3464",0,0,-0.17214451739573,1,1,1,"",0
"GO:0009265","2'-deoxyribonucleotide biosynthetic process","0/17","6/3464",0,0,-0.17214451739573,1,1,1,"",0
"GO:0009266","response to temperature stimulus","0/17","35/3464",0,0,-0.41752294232855,1,1,1,"",0
"GO:0009268","response to pH","0/17","6/3464",0,0,-0.17214451739573,1,1,1,"",0
"GO:0009299","mRNA transcription","0/17","14/3464",0,0,-0.263259792748828,1,1,1,"",0
"GO:0009303","rRNA transcription","0/17","13/3464",0,0,-0.253646726191546,1,1,1,"",0
"GO:0009304","tRNA transcription","0/17","5/3464",0,0,-0.15712300842042,1,1,1,"",0
"GO:0009306","protein secretion","0/17","65/3464",0,0,-0.571493323100444,1,1,1,"",0
"GO:0009308","amine metabolic process","0/17","16/3464",0,0,-0.281518167921038,1,1,1,"",0
"GO:0009309","amine biosynthetic process","0/17","7/3464",0,0,-0.185964220911726,1,1,1,"",0
"GO:0009310","amine catabolic process","0/17","5/3464",0,0,-0.15712300842042,1,1,1,"",0
"GO:0009311","oligosaccharide metabolic process","0/17","9/3464",0,0,-0.210924628871157,1,1,1,"",0
"GO:0009314","response to radiation","0/17","72/3464",0,0,-0.602099672779663,1,1,1,"",0
"GO:0009394","2'-deoxyribonucleotide metabolic process","0/17","11/3464",0,0,-0.233253472635466,1,1,1,"",0
"GO:0009395","phospholipid catabolic process","0/17","13/3464",0,0,-0.253646726191546,1,1,1,"",0
"GO:0009408","response to heat","0/17","27/3464",0,0,-0.366287569727191,1,1,1,"",0
"GO:0009409","response to cold","0/17","5/3464",0,0,-0.15712300842042,1,1,1,"",0
"GO:0009410","response to xenobiotic stimulus","0/17","51/3464",0,0,-0.505181000485228,1,1,1,"",0
"GO:0009411","response to UV","0/17","31/3464",0,0,-0.39271185338966,1,1,1,"",0
"GO:0009416","response to light stimulus","0/17","52/3464",0,0,-0.510184459151963,1,1,1,"",0
"GO:0009451","RNA modification","0/17","36/3464",0,0,-0.423507307653009,1,1,1,"",0
"GO:0009566","fertilization","0/17","13/3464",0,0,-0.253646726191546,1,1,1,"",0
"GO:0009581","detection of external stimulus","0/17","15/3464",0,0,-0.272539275511706,1,1,1,"",0
"GO:0009582","detection of abiotic stimulus","0/17","15/3464",0,0,-0.272539275511706,1,1,1,"",0
"GO:0009583","detection of light stimulus","0/17","5/3464",0,0,-0.15712300842042,1,1,1,"",0
"GO:0009593","detection of chemical stimulus","0/17","8/3464",0,0,-0.198832874617629,1,1,1,"",0
"GO:0009595","detection of biotic stimulus","0/17","6/3464",0,0,-0.17214451739573,1,1,1,"",0
"GO:0009611","response to wounding","0/17","92/3464",0,0,-0.682621865696522,1,1,1,"",0
"GO:0009612","response to mechanical stimulus","0/17","33/3464",0,0,-0.405300067126917,1,1,1,"",0
"GO:0009636","response to toxic substance","0/17","41/3464",0,0,-0.452291622376296,1,1,1,"",0
"GO:0009648","photoperiodism","0/17","6/3464",0,0,-0.17214451739573,1,1,1,"",0
"GO:0009649","entrainment of circadian clock","0/17","6/3464",0,0,-0.17214451739573,1,1,1,"",0
"GO:0009651","response to salt stress","0/17","5/3464",0,0,-0.15712300842042,1,1,1,"",0
"GO:0009712","catechol-containing compound metabolic process","0/17","7/3464",0,0,-0.185964220911726,1,1,1,"",0
"GO:0009743","response to carbohydrate","0/17","35/3464",0,0,-0.41752294232855,1,1,1,"",0
"GO:0009746","response to hexose","0/17","29/3464",0,0,-0.379721941742842,1,1,1,"",0
"GO:0009749","response to glucose","0/17","29/3464",0,0,-0.379721941742842,1,1,1,"",0
"GO:0009755","hormone-mediated signaling pathway","0/17","51/3464",0,0,-0.505181000485228,1,1,1,"",0
"GO:0009798","axis specification","0/17","6/3464",0,0,-0.17214451739573,1,1,1,"",0
"GO:0009799","specification of symmetry","0/17","13/3464",0,0,-0.253646726191546,1,1,1,"",0
"GO:0009855","determination of bilateral symmetry","0/17","13/3464",0,0,-0.253646726191546,1,1,1,"",0
"GO:0009880","embryonic pattern specification","0/17","8/3464",0,0,-0.198832874617629,1,1,1,"",0
"GO:0009894","regulation of catabolic process","0/17","382/3464",0,0,-1.45494115620398,1,1,1,"",0
"GO:0009895","negative regulation of catabolic process","0/17","119/3464",0,0,-0.779480911627095,1,1,1,"",0
"GO:0009896","positive regulation of catabolic process","0/17","200/3464",0,0,-1.02298670030224,1,1,1,"",0
"GO:0009913","epidermal cell differentiation","0/17","19/3464",0,0,-0.306910857143731,1,1,1,"",0
"GO:0009914","hormone transport","0/17","42/3464",0,0,-0.457841027287798,1,1,1,"",0
"GO:0009952","anterior/posterior pattern specification","0/17","7/3464",0,0,-0.185964220911726,1,1,1,"",0
"GO:0009953","dorsal/ventral pattern formation","0/17","5/3464",0,0,-0.15712300842042,1,1,1,"",0
"GO:0009967","positive regulation of signal transduction","0/17","358/3464",0,0,-1.40304258337505,1,1,1,"",0
"GO:0010001","glial cell differentiation","0/17","49/3464",0,0,-0.495031404012546,1,1,1,"",0
"GO:0010038","response to metal ion","0/17","75/3464",0,0,-0.614787334791332,1,1,1,"",0
"GO:0010039","response to iron ion","0/17","10/3464",0,0,-0.222366263304878,1,1,1,"",0
"GO:0010042","response to manganese ion","0/17","8/3464",0,0,-0.198832874617629,1,1,1,"",0
"GO:0010165","response to X-ray","0/17","6/3464",0,0,-0.17214451739573,1,1,1,"",0
"GO:0010171","body morphogenesis","0/17","8/3464",0,0,-0.198832874617629,1,1,1,"",0
"GO:0010212","response to ionizing radiation","0/17","26/3464",0,0,-0.359388190900476,1,1,1,"",0
"GO:0010232","vascular transport","0/17","21/3464",0,0,-0.322753678537855,1,1,1,"",0
"GO:0010256","endomembrane system organization","0/17","198/3464",0,0,-1.01754721433505,1,1,1,"",0
"GO:0010257","NADH dehydrogenase complex assembly","0/17","13/3464",0,0,-0.253646726191546,1,1,1,"",0
"GO:0010288","response to lead ion","0/17","9/3464",0,0,-0.210924628871157,1,1,1,"",0
"GO:0010310","regulation of hydrogen peroxide metabolic process","0/17","7/3464",0,0,-0.185964220911726,1,1,1,"",0
"GO:0010324","membrane invagination","0/17","15/3464",0,0,-0.272539275511706,1,1,1,"",0
"GO:0010332","response to gamma radiation","0/17","10/3464",0,0,-0.222366263304878,1,1,1,"",0
"GO:0010389","regulation of G2/M transition of mitotic cell cycle","0/17","22/3464",0,0,-0.330396906346997,1,1,1,"",0
"GO:0010421","hydrogen peroxide-mediated programmed cell death","0/17","7/3464",0,0,-0.185964220911726,1,1,1,"",0
"GO:0010447","response to acidic pH","0/17","5/3464",0,0,-0.15712300842042,1,1,1,"",0
"GO:0010453","regulation of cell fate commitment","0/17","9/3464",0,0,-0.210924628871157,1,1,1,"",0
"GO:0010457","centriole-centriole cohesion","0/17","7/3464",0,0,-0.185964220911726,1,1,1,"",0
"GO:0010458","exit from mitosis","0/17","5/3464",0,0,-0.15712300842042,1,1,1,"",0
"GO:0010460","positive regulation of heart rate","0/17","5/3464",0,0,-0.15712300842042,1,1,1,"",0
"GO:0010469","regulation of signaling receptor activity","0/17","7/3464",0,0,-0.185964220911726,1,1,1,"",0
"GO:0010498","proteasomal protein catabolic process","0/17","237/3464",0,0,-1.11996578475276,1,1,1,"",0
"GO:0010499","proteasomal ubiquitin-independent protein catabolic process","0/17","10/3464",0,0,-0.222366263304878,1,1,1,"",0
"GO:0010506","regulation of autophagy","0/17","159/3464",0,0,-0.906447999870036,1,1,1,"",0
"GO:0010507","negative regulation of autophagy","0/17","39/3464",0,0,-0.440993390439803,1,1,1,"",0
"GO:0010508","positive regulation of autophagy","0/17","69/3464",0,0,-0.589161990559319,1,1,1,"",0
"GO:0010510","regulation of pyruvate decarboxylation to acetyl-CoA","0/17","5/3464",0,0,-0.15712300842042,1,1,1,"",0
"GO:0010526","transposable element silencing","0/17","7/3464",0,0,-0.185964220911726,1,1,1,"",0
"GO:0010543","regulation of platelet activation","0/17","8/3464",0,0,-0.198832874617629,1,1,1,"",0
"GO:0010559","regulation of glycoprotein biosynthetic process","0/17","11/3464",0,0,-0.233253472635466,1,1,1,"",0
"GO:0010561","negative regulation of glycoprotein biosynthetic process","0/17","5/3464",0,0,-0.15712300842042,1,1,1,"",0
"GO:0010562","positive regulation of phosphorus metabolic process","0/17","77/3464",0,0,-0.623114459153914,1,1,1,"",0
"GO:0010564","regulation of cell cycle process","0/17","190/3464",0,0,-0.995560203252774,1,1,1,"",0
"GO:0010565","regulation of ketone metabolic process","0/17","24/3464",0,0,-0.3451886157451,1,1,1,"",0
"GO:0010569","regulation of double-strand break repair via homologous recombination","0/17","23/3464",0,0,-0.337871567350104,1,1,1,"",0
"GO:0010573","vascular endothelial growth factor production","0/17","6/3464",0,0,-0.17214451739573,1,1,1,"",0
"GO:0010574","regulation of vascular endothelial growth factor production","0/17","6/3464",0,0,-0.17214451739573,1,1,1,"",0
"GO:0010575","positive regulation of vascular endothelial growth factor production","0/17","6/3464",0,0,-0.17214451739573,1,1,1,"",0
"GO:0010586","miRNA metabolic process","0/17","31/3464",0,0,-0.39271185338966,1,1,1,"",0
"GO:0010587","miRNA catabolic process","0/17","5/3464",0,0,-0.15712300842042,1,1,1,"",0
"GO:0010594","regulation of endothelial cell migration","0/17","46/3464",0,0,-0.479427510851292,1,1,1,"",0
"GO:0010595","positive regulation of endothelial cell migration","0/17","32/3464",0,0,-0.399053766541762,1,1,1,"",0
"GO:0010596","negative regulation of endothelial cell migration","0/17","13/3464",0,0,-0.253646726191546,1,1,1,"",0
"GO:0010608","post-transcriptional regulation of gene expression","0/17","186/3464",0,0,-0.984423703299409,1,1,1,"",0
"GO:0010611","regulation of cardiac muscle hypertrophy","0/17","11/3464",0,0,-0.233253472635466,1,1,1,"",0
"GO:0010613","positive regulation of cardiac muscle hypertrophy","0/17","7/3464",0,0,-0.185964220911726,1,1,1,"",0
"GO:0010631","epithelial cell migration","0/17","23/3464",0,0,-0.337871567350104,1,1,1,"",0
"GO:0010632","regulation of epithelial cell migration","0/17","19/3464",0,0,-0.306910857143731,1,1,1,"",0
"GO:0010633","negative regulation of epithelial cell migration","0/17","5/3464",0,0,-0.15712300842042,1,1,1,"",0
"GO:0010634","positive regulation of epithelial cell migration","0/17","13/3464",0,0,-0.253646726191546,1,1,1,"",0
"GO:0010635","regulation of mitochondrial fusion","0/17","6/3464",0,0,-0.17214451739573,1,1,1,"",0
"GO:0010639","negative regulation of organelle organization","0/17","111/3464",0,0,-0.751925437953249,1,1,1,"",0
"GO:0010640","regulation of platelet-derived growth factor receptor signaling pathway","0/17","12/3464",0,0,-0.243660591563121,1,1,1,"",0
"GO:0010642","negative regulation of platelet-derived growth factor receptor signaling pathway","0/17","8/3464",0,0,-0.198832874617629,1,1,1,"",0
"GO:0010647","positive regulation of cell communication","0/17","396/3464",0,0,-1.48473853397438,1,1,1,"",0
"GO:0010649","regulation of cell communication by electrical coupling","0/17","7/3464",0,0,-0.185964220911726,1,1,1,"",0
"GO:0010656","negative regulation of muscle cell apoptotic process","0/17","12/3464",0,0,-0.243660591563121,1,1,1,"",0
"GO:0010657","muscle cell apoptotic process","0/17","19/3464",0,0,-0.306910857143731,1,1,1,"",0
"GO:0010658","striated muscle cell apoptotic process","0/17","10/3464",0,0,-0.222366263304878,1,1,1,"",0
"GO:0010659","cardiac muscle cell apoptotic process","0/17","9/3464",0,0,-0.210924628871157,1,1,1,"",0
"GO:0010660","regulation of muscle cell apoptotic process","0/17","18/3464",0,0,-0.29868174554767,1,1,1,"",0
"GO:0010661","positive regulation of muscle cell apoptotic process","0/17","6/3464",0,0,-0.17214451739573,1,1,1,"",0
"GO:0010662","regulation of striated muscle cell apoptotic process","0/17","9/3464",0,0,-0.210924628871157,1,1,1,"",0
"GO:0010664","negative regulation of striated muscle cell apoptotic process","0/17","6/3464",0,0,-0.17214451739573,1,1,1,"",0
"GO:0010665","regulation of cardiac muscle cell apoptotic process","0/17","8/3464",0,0,-0.198832874617629,1,1,1,"",0
"GO:0010667","negative regulation of cardiac muscle cell apoptotic process","0/17","5/3464",0,0,-0.15712300842042,1,1,1,"",0
"GO:0010717","regulation of epithelial to mesenchymal transition","0/17","17/3464",0,0,-0.29022437442028,1,1,1,"",0
"GO:0010718","positive regulation of epithelial to mesenchymal transition","0/17","7/3464",0,0,-0.185964220911726,1,1,1,"",0
"GO:0010719","negative regulation of epithelial to mesenchymal transition","0/17","9/3464",0,0,-0.210924628871157,1,1,1,"",0
"GO:0010758","regulation of macrophage chemotaxis","0/17","6/3464",0,0,-0.17214451739573,1,1,1,"",0
"GO:0010759","positive regulation of macrophage chemotaxis","0/17","5/3464",0,0,-0.15712300842042,1,1,1,"",0
"GO:0010761","fibroblast migration","0/17","15/3464",0,0,-0.272539275511706,1,1,1,"",0
"GO:0010762","regulation of fibroblast migration","0/17","13/3464",0,0,-0.253646726191546,1,1,1,"",0
"GO:0010763","positive regulation of fibroblast migration","0/17","5/3464",0,0,-0.15712300842042,1,1,1,"",0
"GO:0010765","positive regulation of sodium ion transport","0/17","7/3464",0,0,-0.185964220911726,1,1,1,"",0
"GO:0010770","positive regulation of cell morphogenesis","0/17","18/3464",0,0,-0.29868174554767,1,1,1,"",0
"GO:0010793","regulation of mRNA export from nucleus","0/17","6/3464",0,0,-0.17214451739573,1,1,1,"",0
"GO:0010803","regulation of tumor necrosis factor-mediated signaling pathway","0/17","21/3464",0,0,-0.322753678537855,1,1,1,"",0
"GO:0010804","negative regulation of tumor necrosis factor-mediated signaling pathway","0/17","10/3464",0,0,-0.222366263304878,1,1,1,"",0
"GO:0010810","regulation of cell-substrate adhesion","0/17","56/3464",0,0,-0.529754049529149,1,1,1,"",0
"GO:0010811","positive regulation of cell-substrate adhesion","0/17","27/3464",0,0,-0.366287569727191,1,1,1,"",0
"GO:0010812","negative regulation of cell-substrate adhesion","0/17","18/3464",0,0,-0.29868174554767,1,1,1,"",0
"GO:0010817","regulation of hormone levels","0/17","66/3464",0,0,-0.575957377090023,1,1,1,"",0
"GO:0010821","regulation of mitochondrion organization","0/17","38/3464",0,0,-0.435239380780737,1,1,1,"",0
"GO:0010824","regulation of centrosome duplication","0/17","13/3464",0,0,-0.253646726191546,1,1,1,"",0
"GO:0010827","regulation of D-glucose transmembrane transport","0/17","19/3464",0,0,-0.306910857143731,1,1,1,"",0
"GO:0010828","positive regulation of D-glucose transmembrane transport","0/17","14/3464",0,0,-0.263259792748828,1,1,1,"",0
"GO:0010830","regulation of myotube differentiation","0/17","6/3464",0,0,-0.17214451739573,1,1,1,"",0
"GO:0010833","telomere maintenance via telomere lengthening","0/17","27/3464",0,0,-0.366287569727191,1,1,1,"",0
"GO:0010837","regulation of keratinocyte proliferation","0/17","6/3464",0,0,-0.17214451739573,1,1,1,"",0
"GO:0010874","regulation of cholesterol efflux","0/17","6/3464",0,0,-0.17214451739573,1,1,1,"",0
"GO:0010876","lipid localization","0/17","82/3464",0,0,-0.643502427170558,1,1,1,"",0
"GO:0010880","regulation of release of sequestered calcium ion into cytosol by sarcoplasmic reticulum","0/17","9/3464",0,0,-0.210924628871157,1,1,1,"",0
"GO:0010881","regulation of cardiac muscle contraction by regulation of the release of sequestered calcium ion","0/17","7/3464",0,0,-0.185964220911726,1,1,1,"",0
"GO:0010882","regulation of cardiac muscle contraction by calcium ion signaling","0/17","9/3464",0,0,-0.210924628871157,1,1,1,"",0
"GO:0010883","regulation of lipid storage","0/17","9/3464",0,0,-0.210924628871157,1,1,1,"",0
"GO:0010893","positive regulation of steroid biosynthetic process","0/17","7/3464",0,0,-0.185964220911726,1,1,1,"",0
"GO:0010906","regulation of glucose metabolic process","0/17","25/3464",0,0,-0.352357874193654,1,1,1,"",0
"GO:0010907","positive regulation of glucose metabolic process","0/17","15/3464",0,0,-0.272539275511706,1,1,1,"",0
"GO:0010927","cellular component assembly involved in morphogenesis","0/17","17/3464",0,0,-0.29022437442028,1,1,1,"",0
"GO:0010948","negative regulation of cell cycle process","0/17","67/3464",0,0,-0.580389694833055,1,1,1,"",0
"GO:0010959","regulation of metal ion transport","0/17","66/3464",0,0,-0.575957377090023,1,1,1,"",0
"GO:0010962","regulation of glucan biosynthetic process","0/17","7/3464",0,0,-0.185964220911726,1,1,1,"",0
"GO:0010965","regulation of mitotic sister chromatid separation","0/17","20/3464",0,0,-0.314929606982663,1,1,1,"",0
"GO:0010968","regulation of microtubule nucleation","0/17","8/3464",0,0,-0.198832874617629,1,1,1,"",0
"GO:0010971","positive regulation of G2/M transition of mitotic cell cycle","0/17","5/3464",0,0,-0.15712300842042,1,1,1,"",0
"GO:0010972","negative regulation of G2/M transition of mitotic cell cycle","0/17","16/3464",0,0,-0.281518167921038,1,1,1,"",0
"GO:0014002","astrocyte development","0/17","8/3464",0,0,-0.198832874617629,1,1,1,"",0
"GO:0014003","oligodendrocyte development","0/17","9/3464",0,0,-0.210924628871157,1,1,1,"",0
"GO:0014009","glial cell proliferation","0/17","8/3464",0,0,-0.198832874617629,1,1,1,"",0
"GO:0014013","regulation of gliogenesis","0/17","15/3464",0,0,-0.272539275511706,1,1,1,"",0
"GO:0014014","negative regulation of gliogenesis","0/17","6/3464",0,0,-0.17214451739573,1,1,1,"",0
"GO:0014015","positive regulation of gliogenesis","0/17","10/3464",0,0,-0.222366263304878,1,1,1,"",0
"GO:0014020","primary neural tube formation","0/17","9/3464",0,0,-0.210924628871157,1,1,1,"",0
"GO:0014032","neural crest cell development","0/17","15/3464",0,0,-0.272539275511706,1,1,1,"",0
"GO:0014033","neural crest cell differentiation","0/17","21/3464",0,0,-0.322753678537855,1,1,1,"",0
"GO:0014037","Schwann cell differentiation","0/17","15/3464",0,0,-0.272539275511706,1,1,1,"",0
"GO:0014044","Schwann cell development","0/17","14/3464",0,0,-0.263259792748828,1,1,1,"",0
"GO:0014046","dopamine secretion","0/17","7/3464",0,0,-0.185964220911726,1,1,1,"",0
"GO:0014047","glutamate secretion","0/17","5/3464",0,0,-0.15712300842042,1,1,1,"",0
"GO:0014048","regulation of glutamate secretion","0/17","5/3464",0,0,-0.15712300842042,1,1,1,"",0
"GO:0014049","positive regulation of glutamate secretion","0/17","5/3464",0,0,-0.15712300842042,1,1,1,"",0
"GO:0014059","regulation of dopamine secretion","0/17","7/3464",0,0,-0.185964220911726,1,1,1,"",0
"GO:0014074","response to purine-containing compound","0/17","24/3464",0,0,-0.3451886157451,1,1,1,"",0
"GO:0014075","response to amine","0/17","7/3464",0,0,-0.185964220911726,1,1,1,"",0
"GO:0014706","striated muscle tissue development","0/17","48/3464",0,0,-0.489882304792675,1,1,1,"",0
"GO:0014742","positive regulation of muscle hypertrophy","0/17","7/3464",0,0,-0.185964220911726,1,1,1,"",0
"GO:0014743","regulation of muscle hypertrophy","0/17","11/3464",0,0,-0.233253472635466,1,1,1,"",0
"GO:0014808","release of sequestered calcium ion into cytosol by sarcoplasmic reticulum","0/17","9/3464",0,0,-0.210924628871157,1,1,1,"",0
"GO:0014812","muscle cell migration","0/17","20/3464",0,0,-0.314929606982663,1,1,1,"",0
"GO:0014823","response to activity","0/17","12/3464",0,0,-0.243660591563121,1,1,1,"",0
"GO:0014829","vascular associated smooth muscle contraction","0/17","7/3464",0,0,-0.185964220911726,1,1,1,"",0
"GO:0014841","skeletal muscle satellite cell proliferation","0/17","5/3464",0,0,-0.15712300842042,1,1,1,"",0
"GO:0014842","regulation of skeletal muscle satellite cell proliferation","0/17","5/3464",0,0,-0.15712300842042,1,1,1,"",0
"GO:0014855","striated muscle cell proliferation","0/17","13/3464",0,0,-0.253646726191546,1,1,1,"",0
"GO:0014856","skeletal muscle cell proliferation","0/17","6/3464",0,0,-0.17214451739573,1,1,1,"",0
"GO:0014857","regulation of skeletal muscle cell proliferation","0/17","5/3464",0,0,-0.15712300842042,1,1,1,"",0
"GO:0014888","striated muscle adaptation","0/17","6/3464",0,0,-0.17214451739573,1,1,1,"",0
"GO:0014896","muscle hypertrophy","0/17","13/3464",0,0,-0.253646726191546,1,1,1,"",0
"GO:0014897","striated muscle hypertrophy","0/17","13/3464",0,0,-0.253646726191546,1,1,1,"",0
"GO:0014902","myotube differentiation","0/17","53/3464",0,0,-0.515142213632887,1,1,1,"",0
"GO:0014904","myotube cell development","0/17","5/3464",0,0,-0.15712300842042,1,1,1,"",0
"GO:0014909","smooth muscle cell migration","0/17","17/3464",0,0,-0.29022437442028,1,1,1,"",0
"GO:0014910","regulation of smooth muscle cell migration","0/17","17/3464",0,0,-0.29022437442028,1,1,1,"",0
"GO:0014911","positive regulation of smooth muscle cell migration","0/17","7/3464",0,0,-0.185964220911726,1,1,1,"",0
"GO:0014912","negative regulation of smooth muscle cell migration","0/17","8/3464",0,0,-0.198832874617629,1,1,1,"",0
"GO:0015012","heparan sulfate proteoglycan biosynthetic process","0/17","10/3464",0,0,-0.222366263304878,1,1,1,"",0
"GO:0015693","magnesium ion transport","0/17","5/3464",0,0,-0.15712300842042,1,1,1,"",0
"GO:0015695","organic cation transport","0/17","19/3464",0,0,-0.306910857143731,1,1,1,"",0
"GO:0015698","inorganic anion transport","0/17","18/3464",0,0,-0.29868174554767,1,1,1,"",0
"GO:0015701","bicarbonate transport","0/17","7/3464",0,0,-0.185964220911726,1,1,1,"",0
"GO:0015711","organic anion transport","0/17","75/3464",0,0,-0.614787334791332,1,1,1,"",0
"GO:0015718","monocarboxylic acid transport","0/17","21/3464",0,0,-0.322753678537855,1,1,1,"",0
"GO:0015740","C4-dicarboxylate transport","0/17","8/3464",0,0,-0.198832874617629,1,1,1,"",0
"GO:0015748","organophosphate ester transport","0/17","37/3464",0,0,-0.429411701263547,1,1,1,"",0
"GO:0015749","monosaccharide transmembrane transport","0/17","24/3464",0,0,-0.3451886157451,1,1,1,"",0
"GO:0015800","acidic amino acid transport","0/17","17/3464",0,0,-0.29022437442028,1,1,1,"",0
"GO:0015804","neutral amino acid transport","0/17","14/3464",0,0,-0.263259792748828,1,1,1,"",0
"GO:0015807","L-amino acid transport","0/17","24/3464",0,0,-0.3451886157451,1,1,1,"",0
"GO:0015810","aspartate transmembrane transport","0/17","5/3464",0,0,-0.15712300842042,1,1,1,"",0
"GO:0015813","L-glutamate transmembrane transport","0/17","10/3464",0,0,-0.222366263304878,1,1,1,"",0
"GO:0015833","peptide transport","0/17","42/3464",0,0,-0.457841027287798,1,1,1,"",0
"GO:0015837","amine transport","0/17","17/3464",0,0,-0.29022437442028,1,1,1,"",0
"GO:0015844","monoamine transport","0/17","9/3464",0,0,-0.210924628871157,1,1,1,"",0
"GO:0015849","organic acid transport","0/17","55/3464",0,0,-0.524925788047709,1,1,1,"",0
"GO:0015850","organic hydroxy compound transport","0/17","40/3464",0,0,-0.446676580142383,1,1,1,"",0
"GO:0015865","purine nucleotide transport","0/17","7/3464",0,0,-0.185964220911726,1,1,1,"",0
"GO:0015867","ATP transport","0/17","5/3464",0,0,-0.15712300842042,1,1,1,"",0
"GO:0015868","purine ribonucleotide transport","0/17","7/3464",0,0,-0.185964220911726,1,1,1,"",0
"GO:0015871","choline transport","0/17","5/3464",0,0,-0.15712300842042,1,1,1,"",0
"GO:0015872","dopamine transport","0/17","7/3464",0,0,-0.185964220911726,1,1,1,"",0
"GO:0015908","fatty acid transport","0/17","16/3464",0,0,-0.281518167921038,1,1,1,"",0
"GO:0015909","long-chain fatty acid transport","0/17","12/3464",0,0,-0.243660591563121,1,1,1,"",0
"GO:0015914","phospholipid transport","0/17","26/3464",0,0,-0.359388190900476,1,1,1,"",0
"GO:0015918","sterol transport","0/17","26/3464",0,0,-0.359388190900476,1,1,1,"",0
"GO:0015919","peroxisomal membrane transport","0/17","9/3464",0,0,-0.210924628871157,1,1,1,"",0
"GO:0015931","nucleobase-containing compound transport","0/17","77/3464",0,0,-0.623114459153914,1,1,1,"",0
"GO:0015936","coenzyme A metabolic process","0/17","6/3464",0,0,-0.17214451739573,1,1,1,"",0
"GO:0015937","coenzyme A biosynthetic process","0/17","5/3464",0,0,-0.15712300842042,1,1,1,"",0
"GO:0015980","energy derivation by oxidation of organic compounds","0/17","117/3464",0,0,-0.772671937441631,1,1,1,"",0
"GO:0015986","proton motive force-driven ATP synthesis","0/17","14/3464",0,0,-0.263259792748828,1,1,1,"",0
"GO:0016024","CDP-diacylglycerol biosynthetic process","0/17","5/3464",0,0,-0.15712300842042,1,1,1,"",0
"GO:0016032","viral process","0/17","110/3464",0,0,-0.748419127296097,1,1,1,"",0
"GO:0016042","lipid catabolic process","0/17","65/3464",0,0,-0.571493323100444,1,1,1,"",0
"GO:0016050","vesicle organization","0/17","149/3464",0,0,-0.876155986281457,1,1,1,"",0
"GO:0016051","carbohydrate biosynthetic process","0/17","45/3464",0,0,-0.47411835755977,1,1,1,"",0
"GO:0016052","carbohydrate catabolic process","0/17","50/3464",0,0,-0.500130463301569,1,1,1,"",0
"GO:0016053","organic acid biosynthetic process","0/17","59/3464",0,0,-0.5439982623352,1,1,1,"",0
"GO:0016054","organic acid catabolic process","0/17","51/3464",0,0,-0.505181000485228,1,1,1,"",0
"GO:0016064","immunoglobulin mediated immune response","0/17","12/3464",0,0,-0.243660591563121,1,1,1,"",0
"GO:0016071","mRNA metabolic process","0/17","276/3464",0,0,-1.21597724925464,1,1,1,"",0
"GO:0016072","rRNA metabolic process","0/17","79/3464",0,0,-0.631341407150529,1,1,1,"",0
"GO:0016073","snRNA metabolic process","0/17","17/3464",0,0,-0.29022437442028,1,1,1,"",0
"GO:0016075","rRNA catabolic process","0/17","5/3464",0,0,-0.15712300842042,1,1,1,"",0
"GO:0016079","synaptic vesicle exocytosis","0/17","31/3464",0,0,-0.39271185338966,1,1,1,"",0
"GO:0016082","synaptic vesicle priming","0/17","8/3464",0,0,-0.198832874617629,1,1,1,"",0
"GO:0016101","diterpenoid metabolic process","0/17","6/3464",0,0,-0.17214451739573,1,1,1,"",0
"GO:0016114","terpenoid biosynthetic process","0/17","7/3464",0,0,-0.185964220911726,1,1,1,"",0
"GO:0016125","sterol metabolic process","0/17","29/3464",0,0,-0.379721941742842,1,1,1,"",0
"GO:0016126","sterol biosynthetic process","0/17","20/3464",0,0,-0.314929606982663,1,1,1,"",0
"GO:0016180","snRNA processing","0/17","11/3464",0,0,-0.233253472635466,1,1,1,"",0
"GO:0016185","synaptic vesicle budding from presynaptic endocytic zone membrane","0/17","5/3464",0,0,-0.15712300842042,1,1,1,"",0
"GO:0016188","synaptic vesicle maturation","0/17","16/3464",0,0,-0.281518167921038,1,1,1,"",0
"GO:0016197","endosomal transport","0/17","128/3464",0,0,-0.80950964691417,1,1,1,"",0
"GO:0016202","regulation of striated muscle tissue development","0/17","5/3464",0,0,-0.15712300842042,1,1,1,"",0
"GO:0016226","iron-sulfur cluster assembly","0/17","6/3464",0,0,-0.17214451739573,1,1,1,"",0
"GO:0016233","telomere capping","0/17","11/3464",0,0,-0.233253472635466,1,1,1,"",0
"GO:0016236","macroautophagy","0/17","167/3464",0,0,-0.930098248974102,1,1,1,"",0
"GO:0016237","microautophagy","0/17","12/3464",0,0,-0.243660591563121,1,1,1,"",0
"GO:0016239","positive regulation of macroautophagy","0/17","41/3464",0,0,-0.452291622376296,1,1,1,"",0
"GO:0016241","regulation of macroautophagy","0/17","97/3464",0,0,-0.701446211099576,1,1,1,"",0
"GO:0016242","negative regulation of macroautophagy","0/17","18/3464",0,0,-0.29868174554767,1,1,1,"",0
"GO:0016266","protein O-linked glycosylation via N-acetyl-galactosamine","0/17","6/3464",0,0,-0.17214451739573,1,1,1,"",0
"GO:0016311","dephosphorylation","0/17","50/3464",0,0,-0.500130463301569,1,1,1,"",0
"GO:0016331","morphogenesis of embryonic epithelium","0/17","10/3464",0,0,-0.222366263304878,1,1,1,"",0
"GO:0016339","calcium-dependent cell-cell adhesion","0/17","7/3464",0,0,-0.185964220911726,1,1,1,"",0
"GO:0016441","post-transcriptional gene silencing","0/17","33/3464",0,0,-0.405300067126917,1,1,1,"",0
"GO:0016444","somatic cell DNA recombination","0/17","13/3464",0,0,-0.253646726191546,1,1,1,"",0
"GO:0016445","somatic diversification of immunoglobulins","0/17","13/3464",0,0,-0.253646726191546,1,1,1,"",0
"GO:0016447","somatic recombination of immunoglobulin gene segments","0/17","12/3464",0,0,-0.243660591563121,1,1,1,"",0
"GO:0016485","protein processing","0/17","43/3464",0,0,-0.463327156147038,1,1,1,"",0
"GO:0016486","peptide hormone processing","0/17","9/3464",0,0,-0.210924628871157,1,1,1,"",0
"GO:0016525","negative regulation of angiogenesis","0/17","16/3464",0,0,-0.281518167921038,1,1,1,"",0
"GO:0016556","mRNA modification","0/17","7/3464",0,0,-0.185964220911726,1,1,1,"",0
"GO:0016558","protein import into peroxisome matrix","0/17","5/3464",0,0,-0.15712300842042,1,1,1,"",0
"GO:0016567","protein ubiquitination","0/17","247/3464",0,0,-1.14512530267046,1,1,1,"",0
"GO:0016601","Rac protein signal transduction","0/17","27/3464",0,0,-0.366287569727191,1,1,1,"",0
"GO:0016926","protein desumoylation","0/17","6/3464",0,0,-0.17214451739573,1,1,1,"",0
"GO:0016973","poly(A)+ mRNA export from nucleus","0/17","6/3464",0,0,-0.17214451739573,1,1,1,"",0
"GO:0017004","cytochrome complex assembly","0/17","6/3464",0,0,-0.17214451739573,1,1,1,"",0
"GO:0017015","regulation of transforming growth factor beta receptor signaling pathway","0/17","36/3464",0,0,-0.423507307653009,1,1,1,"",0
"GO:0017121","plasma membrane phospholipid scrambling","0/17","11/3464",0,0,-0.233253472635466,1,1,1,"",0
"GO:0017148","negative regulation of translation","0/17","49/3464",0,0,-0.495031404012546,1,1,1,"",0
"GO:0017156","calcium-ion regulated exocytosis","0/17","15/3464",0,0,-0.272539275511706,1,1,1,"",0
"GO:0017157","regulation of exocytosis","0/17","47/3464",0,0,-0.484681568129949,1,1,1,"",0
"GO:0017158","regulation of calcium ion-dependent exocytosis","0/17","11/3464",0,0,-0.233253472635466,1,1,1,"",0
"GO:0018105","peptidyl-serine phosphorylation","0/17","25/3464",0,0,-0.352357874193654,1,1,1,"",0
"GO:0018107","peptidyl-threonine phosphorylation","0/17","11/3464",0,0,-0.233253472635466,1,1,1,"",0
"GO:0018108","peptidyl-tyrosine phosphorylation","0/17","18/3464",0,0,-0.29868174554767,1,1,1,"",0
"GO:0018198","peptidyl-cysteine modification","0/17","5/3464",0,0,-0.15712300842042,1,1,1,"",0
"GO:0018209","peptidyl-serine modification","0/17","25/3464",0,0,-0.352357874193654,1,1,1,"",0
"GO:0018210","peptidyl-threonine modification","0/17","11/3464",0,0,-0.233253472635466,1,1,1,"",0
"GO:0018212","peptidyl-tyrosine modification","0/17","19/3464",0,0,-0.306910857143731,1,1,1,"",0
"GO:0018394","peptidyl-lysine acetylation","0/17","6/3464",0,0,-0.17214451739573,1,1,1,"",0
"GO:0018958","phenol-containing compound metabolic process","0/17","13/3464",0,0,-0.253646726191546,1,1,1,"",0
"GO:0019058","viral life cycle","0/17","83/3464",0,0,-0.64751006800636,1,1,1,"",0
"GO:0019068","virion assembly","0/17","15/3464",0,0,-0.272539275511706,1,1,1,"",0
"GO:0019076","viral release from host cell","0/17","12/3464",0,0,-0.243660591563121,1,1,1,"",0
"GO:0019079","viral genome replication","0/17","30/3464",0,0,-0.386269614985065,1,1,1,"",0
"GO:0019080","viral gene expression","0/17","26/3464",0,0,-0.359388190900476,1,1,1,"",0
"GO:0019081","viral translation","0/17","12/3464",0,0,-0.243660591563121,1,1,1,"",0
"GO:0019082","viral protein processing","0/17","9/3464",0,0,-0.210924628871157,1,1,1,"",0
"GO:0019083","viral transcription","0/17","5/3464",0,0,-0.15712300842042,1,1,1,"",0
"GO:0019184","nonribosomal peptide biosynthetic process","0/17","5/3464",0,0,-0.15712300842042,1,1,1,"",0
"GO:0019216","regulation of lipid metabolic process","0/17","64/3464",0,0,-0.566996780925028,1,1,1,"",0
"GO:0019217","regulation of fatty acid metabolic process","0/17","18/3464",0,0,-0.29868174554767,1,1,1,"",0
"GO:0019218","regulation of steroid metabolic process","0/17","18/3464",0,0,-0.29868174554767,1,1,1,"",0
"GO:0019226","transmission of nerve impulse","0/17","7/3464",0,0,-0.185964220911726,1,1,1,"",0
"GO:0019228","neuronal action potential","0/17","5/3464",0,0,-0.15712300842042,1,1,1,"",0
"GO:0019229","regulation of vasoconstriction","0/17","9/3464",0,0,-0.210924628871157,1,1,1,"",0
"GO:0019233","sensory perception of pain","0/17","8/3464",0,0,-0.198832874617629,1,1,1,"",0
"GO:0019318","hexose metabolic process","0/17","51/3464",0,0,-0.505181000485228,1,1,1,"",0
"GO:0019319","hexose biosynthetic process","0/17","26/3464",0,0,-0.359388190900476,1,1,1,"",0
"GO:0019320","hexose catabolic process","0/17","14/3464",0,0,-0.263259792748828,1,1,1,"",0
"GO:0019364","pyridine nucleotide catabolic process","0/17","34/3464",0,0,-0.411455112762703,1,1,1,"",0
"GO:0019369","arachidonate metabolic process","0/17","10/3464",0,0,-0.222366263304878,1,1,1,"",0
"GO:0019377","glycolipid catabolic process","0/17","6/3464",0,0,-0.17214451739573,1,1,1,"",0
"GO:0019395","fatty acid oxidation","0/17","26/3464",0,0,-0.359388190900476,1,1,1,"",0
"GO:0019430","removal of superoxide radicals","0/17","6/3464",0,0,-0.17214451739573,1,1,1,"",0
"GO:0019432","triglyceride biosynthetic process","0/17","5/3464",0,0,-0.15712300842042,1,1,1,"",0
"GO:0019433","triglyceride catabolic process","0/17","5/3464",0,0,-0.15712300842042,1,1,1,"",0
"GO:0019637","organophosphate metabolic process","0/17","274/3464",0,0,-1.21118366414031,1,1,1,"",0
"GO:0019646","aerobic electron transport chain","0/17","27/3464",0,0,-0.366287569727191,1,1,1,"",0
"GO:0019674","NAD+ metabolic process","0/17","13/3464",0,0,-0.253646726191546,1,1,1,"",0
"GO:0019693","ribose phosphate metabolic process","0/17","102/3464",0,0,-0.719832243418839,1,1,1,"",0
"GO:0019722","calcium-mediated signaling","0/17","41/3464",0,0,-0.452291622376296,1,1,1,"",0
"GO:0019724","B cell mediated immunity","0/17","12/3464",0,0,-0.243660591563121,1,1,1,"",0
"GO:0019730","antimicrobial humoral response","0/17","7/3464",0,0,-0.185964220911726,1,1,1,"",0
"GO:0019748","secondary metabolic process","0/17","6/3464",0,0,-0.17214451739573,1,1,1,"",0
"GO:0019751","polyol metabolic process","0/17","20/3464",0,0,-0.314929606982663,1,1,1,"",0
"GO:0019752","carboxylic acid metabolic process","0/17","180/3464",0,0,-0.967530675275052,1,1,1,"",0
"GO:0019827","stem cell population maintenance","0/17","37/3464",0,0,-0.429411701263547,1,1,1,"",0
"GO:0019882","antigen processing and presentation","0/17","14/3464",0,0,-0.263259792748828,1,1,1,"",0
"GO:0019896","axonal transport of mitochondrion","0/17","12/3464",0,0,-0.243660591563121,1,1,1,"",0
"GO:0019915","lipid storage","0/17","14/3464",0,0,-0.263259792748828,1,1,1,"",0
"GO:0019941","modification-dependent protein catabolic process","0/17","276/3464",0,0,-1.21597724925464,1,1,1,"",0
"GO:0019985","translesion synthesis","0/17","7/3464",0,0,-0.185964220911726,1,1,1,"",0
"GO:0021510","spinal cord development","0/17","9/3464",0,0,-0.210924628871157,1,1,1,"",0
"GO:0021535","cell migration in hindbrain","0/17","6/3464",0,0,-0.17214451739573,1,1,1,"",0
"GO:0021536","diencephalon development","0/17","7/3464",0,0,-0.185964220911726,1,1,1,"",0
"GO:0021544","subpallium development","0/17","5/3464",0,0,-0.15712300842042,1,1,1,"",0
"GO:0021675","nerve development","0/17","7/3464",0,0,-0.185964220911726,1,1,1,"",0
"GO:0021756","striatum development","0/17","5/3464",0,0,-0.15712300842042,1,1,1,"",0
"GO:0021761","limbic system development","0/17","22/3464",0,0,-0.330396906346997,1,1,1,"",0
"GO:0021762","substantia nigra development","0/17","25/3464",0,0,-0.352357874193654,1,1,1,"",0
"GO:0021766","hippocampus development","0/17","17/3464",0,0,-0.29022437442028,1,1,1,"",0
"GO:0021772","olfactory bulb development","0/17","6/3464",0,0,-0.17214451739573,1,1,1,"",0
"GO:0021782","glial cell development","0/17","30/3464",0,0,-0.386269614985065,1,1,1,"",0
"GO:0021846","cell proliferation in forebrain","0/17","7/3464",0,0,-0.185964220911726,1,1,1,"",0
"GO:0021854","hypothalamus development","0/17","5/3464",0,0,-0.15712300842042,1,1,1,"",0
"GO:0021872","forebrain generation of neurons","0/17","12/3464",0,0,-0.243660591563121,1,1,1,"",0
"GO:0021879","forebrain neuron differentiation","0/17","11/3464",0,0,-0.233253472635466,1,1,1,"",0
"GO:0021884","forebrain neuron development","0/17","8/3464",0,0,-0.198832874617629,1,1,1,"",0
"GO:0021915","neural tube development","0/17","15/3464",0,0,-0.272539275511706,1,1,1,"",0
"GO:0021932","hindbrain radial glia guided cell migration","0/17","5/3464",0,0,-0.15712300842042,1,1,1,"",0
"GO:0021954","central nervous system neuron development","0/17","20/3464",0,0,-0.314929606982663,1,1,1,"",0
"GO:0021955","central nervous system neuron axonogenesis","0/17","8/3464",0,0,-0.198832874617629,1,1,1,"",0
"GO:0021988","olfactory lobe development","0/17","6/3464",0,0,-0.17214451739573,1,1,1,"",0
"GO:0022010","central nervous system myelination","0/17","6/3464",0,0,-0.17214451739573,1,1,1,"",0
"GO:0022011","myelination in peripheral nervous system","0/17","6/3464",0,0,-0.17214451739573,1,1,1,"",0
"GO:0022404","molting cycle process","0/17","6/3464",0,0,-0.17214451739573,1,1,1,"",0
"GO:0022405","hair cycle process","0/17","6/3464",0,0,-0.17214451739573,1,1,1,"",0
"GO:0022406","membrane docking","0/17","33/3464",0,0,-0.405300067126917,1,1,1,"",0
"GO:0022408","negative regulation of cell-cell adhesion","0/17","34/3464",0,0,-0.411455112762703,1,1,1,"",0
"GO:0022412","cellular process involved in reproduction in multicellular organism","0/17","33/3464",0,0,-0.405300067126917,1,1,1,"",0
"GO:0022600","digestive system process","0/17","8/3464",0,0,-0.198832874617629,1,1,1,"",0
"GO:0022613","ribonucleoprotein complex biogenesis","0/17","156/3464",0,0,-0.897448660109811,1,1,1,"",0
"GO:0022616","DNA strand elongation","0/17","9/3464",0,0,-0.210924628871157,1,1,1,"",0
"GO:0022618","protein-RNA complex assembly","0/17","84/3464",0,0,-0.651495406010365,1,1,1,"",0
"GO:0022898","regulation of transmembrane transporter activity","0/17","14/3464",0,0,-0.263259792748828,1,1,1,"",0
"GO:0022900","electron transport chain","0/17","37/3464",0,0,-0.429411701263547,1,1,1,"",0
"GO:0022904","respiratory electron transport chain","0/17","36/3464",0,0,-0.423507307653009,1,1,1,"",0
"GO:0023056","positive regulation of signaling","0/17","401/3464",0,0,-1.49530144386256,1,1,1,"",0
"GO:0023061","signal release","0/17","79/3464",0,0,-0.631341407150529,1,1,1,"",0
"GO:0030038","contractile actin filament bundle assembly","0/17","29/3464",0,0,-0.379721941742842,1,1,1,"",0
"GO:0030041","actin filament polymerization","0/17","44/3464",0,0,-0.468752233411199,1,1,1,"",0
"GO:0030042","actin filament depolymerization","0/17","19/3464",0,0,-0.306910857143731,1,1,1,"",0
"GO:0030071","regulation of mitotic metaphase/anaphase transition","0/17","32/3464",0,0,-0.399053766541762,1,1,1,"",0
"GO:0030072","peptide hormone secretion","0/17","37/3464",0,0,-0.429411701263547,1,1,1,"",0
"GO:0030073","insulin secretion","0/17","33/3464",0,0,-0.405300067126917,1,1,1,"",0
"GO:0030097","hemopoiesis","0/17","156/3464",0,0,-0.897448660109811,1,1,1,"",0
"GO:0030098","lymphocyte differentiation","0/17","74/3464",0,0,-0.610584922070728,1,1,1,"",0
"GO:0030099","myeloid cell differentiation","0/17","70/3464",0,0,-0.593503337871722,1,1,1,"",0
"GO:0030100","regulation of endocytosis","0/17","93/3464",0,0,-0.686423530702482,1,1,1,"",0
"GO:0030101","natural killer cell activation","0/17","14/3464",0,0,-0.263259792748828,1,1,1,"",0
"GO:0030111","regulation of Wnt signaling pathway","0/17","83/3464",0,0,-0.64751006800636,1,1,1,"",0
"GO:0030148","sphingolipid biosynthetic process","0/17","18/3464",0,0,-0.29868174554767,1,1,1,"",0
"GO:0030149","sphingolipid catabolic process","0/17","11/3464",0,0,-0.233253472635466,1,1,1,"",0
"GO:0030150","protein import into mitochondrial matrix","0/17","8/3464",0,0,-0.198832874617629,1,1,1,"",0
"GO:0030162","regulation of proteolysis","0/17","32/3464",0,0,-0.399053766541762,1,1,1,"",0
"GO:0030163","protein catabolic process","0/17","369/3464",0,0,-1.42696368607631,1,1,1,"",0
"GO:0030166","proteoglycan biosynthetic process","0/17","17/3464",0,0,-0.29022437442028,1,1,1,"",0
"GO:0030167","proteoglycan catabolic process","0/17","6/3464",0,0,-0.17214451739573,1,1,1,"",0
"GO:0030168","platelet activation","0/17","21/3464",0,0,-0.322753678537855,1,1,1,"",0
"GO:0030174","regulation of DNA-templated DNA replication initiation","0/17","5/3464",0,0,-0.15712300842042,1,1,1,"",0
"GO:0030177","positive regulation of Wnt signaling pathway","0/17","44/3464",0,0,-0.468752233411199,1,1,1,"",0
"GO:0030178","negative regulation of Wnt signaling pathway","0/17","29/3464",0,0,-0.379721941742842,1,1,1,"",0
"GO:0030183","B cell differentiation","0/17","22/3464",0,0,-0.330396906346997,1,1,1,"",0
"GO:0030193","regulation of blood coagulation","0/17","5/3464",0,0,-0.15712300842042,1,1,1,"",0
"GO:0030201","heparan sulfate proteoglycan metabolic process","0/17","14/3464",0,0,-0.263259792748828,1,1,1,"",0
"GO:0030203","glycosaminoglycan metabolic process","0/17","10/3464",0,0,-0.222366263304878,1,1,1,"",0
"GO:0030216","keratinocyte differentiation","0/17","12/3464",0,0,-0.243660591563121,1,1,1,"",0
"GO:0030217","T cell differentiation","0/17","55/3464",0,0,-0.524925788047709,1,1,1,"",0
"GO:0030218","erythrocyte differentiation","0/17","26/3464",0,0,-0.359388190900476,1,1,1,"",0
"GO:0030219","megakaryocyte differentiation","0/17","7/3464",0,0,-0.185964220911726,1,1,1,"",0
"GO:0030220","platelet formation","0/17","6/3464",0,0,-0.17214451739573,1,1,1,"",0
"GO:0030224","monocyte differentiation","0/17","6/3464",0,0,-0.17214451739573,1,1,1,"",0
"GO:0030225","macrophage differentiation","0/17","8/3464",0,0,-0.198832874617629,1,1,1,"",0
"GO:0030239","myofibril assembly","0/17","8/3464",0,0,-0.198832874617629,1,1,1,"",0
"GO:0030242","autophagy of peroxisome","0/17","6/3464",0,0,-0.17214451739573,1,1,1,"",0
"GO:0030258","lipid modification","0/17","44/3464",0,0,-0.468752233411199,1,1,1,"",0
"GO:0030261","chromosome condensation","0/17","8/3464",0,0,-0.198832874617629,1,1,1,"",0
"GO:0030278","regulation of ossification","0/17","19/3464",0,0,-0.306910857143731,1,1,1,"",0
"GO:0030279","negative regulation of ossification","0/17","6/3464",0,0,-0.17214451739573,1,1,1,"",0
"GO:0030282","bone mineralization","0/17","14/3464",0,0,-0.263259792748828,1,1,1,"",0
"GO:0030301","cholesterol transport","0/17","24/3464",0,0,-0.3451886157451,1,1,1,"",0
"GO:0030316","osteoclast differentiation","0/17","17/3464",0,0,-0.29022437442028,1,1,1,"",0
"GO:0030317","flagellated sperm motility","0/17","23/3464",0,0,-0.337871567350104,1,1,1,"",0
"GO:0030323","respiratory tube development","0/17","9/3464",0,0,-0.210924628871157,1,1,1,"",0
"GO:0030324","lung development","0/17","9/3464",0,0,-0.210924628871157,1,1,1,"",0
"GO:0030326","embryonic limb morphogenesis","0/17","8/3464",0,0,-0.198832874617629,1,1,1,"",0
"GO:0030330","DNA damage response, signal transduction by p53 class mediator","0/17","18/3464",0,0,-0.29868174554767,1,1,1,"",0
"GO:0030336","negative regulation of cell migration","0/17","71/3464",0,0,-0.597815690203231,1,1,1,"",0
"GO:0030488","tRNA methylation","0/17","8/3464",0,0,-0.198832874617629,1,1,1,"",0
"GO:0030490","maturation of SSU-rRNA","0/17","13/3464",0,0,-0.253646726191546,1,1,1,"",0
"GO:0030500","regulation of bone mineralization","0/17","12/3464",0,0,-0.243660591563121,1,1,1,"",0
"GO:0030501","positive regulation of bone mineralization","0/17","10/3464",0,0,-0.222366263304878,1,1,1,"",0
"GO:0030509","BMP signaling pathway","0/17","28/3464",0,0,-0.373063278791047,1,1,1,"",0
"GO:0030510","regulation of BMP signaling pathway","0/17","14/3464",0,0,-0.263259792748828,1,1,1,"",0
"GO:0030511","positive regulation of transforming growth factor beta receptor signaling pathway","0/17","9/3464",0,0,-0.210924628871157,1,1,1,"",0
"GO:0030512","negative regulation of transforming growth factor beta receptor signaling pathway","0/17","22/3464",0,0,-0.330396906346997,1,1,1,"",0
"GO:0030514","negative regulation of BMP signaling pathway","0/17","5/3464",0,0,-0.15712300842042,1,1,1,"",0
"GO:0030518","nuclear receptor-mediated steroid hormone signaling pathway","0/17","40/3464",0,0,-0.446676580142383,1,1,1,"",0
"GO:0030520","estrogen receptor signaling pathway","0/17","15/3464",0,0,-0.272539275511706,1,1,1,"",0
"GO:0030521","androgen receptor signaling pathway","0/17","14/3464",0,0,-0.263259792748828,1,1,1,"",0
"GO:0030522","intracellular receptor signaling pathway","0/17","93/3464",0,0,-0.686423530702482,1,1,1,"",0
"GO:0030534","adult behavior","0/17","15/3464",0,0,-0.272539275511706,1,1,1,"",0
"GO:0030575","nuclear body organization","0/17","5/3464",0,0,-0.15712300842042,1,1,1,"",0
"GO:0030593","neutrophil chemotaxis","0/17","9/3464",0,0,-0.210924628871157,1,1,1,"",0
"GO:0030595","leukocyte chemotaxis","0/17","30/3464",0,0,-0.386269614985065,1,1,1,"",0
"GO:0030641","regulation of cellular pH","0/17","32/3464",0,0,-0.399053766541762,1,1,1,"",0
"GO:0030808","regulation of nucleotide biosynthetic process","0/17","7/3464",0,0,-0.185964220911726,1,1,1,"",0
"GO:0030810","positive regulation of nucleotide biosynthetic process","0/17","7/3464",0,0,-0.185964220911726,1,1,1,"",0
"GO:0030811","regulation of nucleotide catabolic process","0/17","17/3464",0,0,-0.29022437442028,1,1,1,"",0
"GO:0030813","positive regulation of nucleotide catabolic process","0/17","10/3464",0,0,-0.222366263304878,1,1,1,"",0
"GO:0030832","regulation of actin filament length","0/17","40/3464",0,0,-0.446676580142383,1,1,1,"",0
"GO:0030833","regulation of actin filament polymerization","0/17","36/3464",0,0,-0.423507307653009,1,1,1,"",0
"GO:0030834","regulation of actin filament depolymerization","0/17","16/3464",0,0,-0.281518167921038,1,1,1,"",0
"GO:0030835","negative regulation of actin filament depolymerization","0/17","14/3464",0,0,-0.263259792748828,1,1,1,"",0
"GO:0030837","negative regulation of actin filament polymerization","0/17","17/3464",0,0,-0.29022437442028,1,1,1,"",0
"GO:0030838","positive regulation of actin filament polymerization","0/17","10/3464",0,0,-0.222366263304878,1,1,1,"",0
"GO:0030846","termination of RNA polymerase II transcription, poly(A)-coupled","0/17","6/3464",0,0,-0.17214451739573,1,1,1,"",0
"GO:0030857","negative regulation of epithelial cell differentiation","0/17","6/3464",0,0,-0.17214451739573,1,1,1,"",0
"GO:0030865","cortical cytoskeleton organization","0/17","19/3464",0,0,-0.306910857143731,1,1,1,"",0
"GO:0030866","cortical actin cytoskeleton organization","0/17","11/3464",0,0,-0.233253472635466,1,1,1,"",0
"GO:0030879","mammary gland development","0/17","11/3464",0,0,-0.233253472635466,1,1,1,"",0
"GO:0030888","regulation of B cell proliferation","0/17","6/3464",0,0,-0.17214451739573,1,1,1,"",0
"GO:0030901","midbrain development","0/17","30/3464",0,0,-0.386269614985065,1,1,1,"",0
"GO:0030947","regulation of vascular endothelial growth factor receptor signaling pathway","0/17","10/3464",0,0,-0.222366263304878,1,1,1,"",0
"GO:0030949","positive regulation of vascular endothelial growth factor receptor signaling pathway","0/17","5/3464",0,0,-0.15712300842042,1,1,1,"",0
"GO:0030953","astral microtubule organization","0/17","8/3464",0,0,-0.198832874617629,1,1,1,"",0
"GO:0030968","endoplasmic reticulum unfolded protein response","0/17","38/3464",0,0,-0.435239380780737,1,1,1,"",0
"GO:0030970","retrograde protein transport, ER to cytosol","0/17","14/3464",0,0,-0.263259792748828,1,1,1,"",0
"GO:0031016","pancreas development","0/17","11/3464",0,0,-0.233253472635466,1,1,1,"",0
"GO:0031018","endocrine pancreas development","0/17","8/3464",0,0,-0.198832874617629,1,1,1,"",0
"GO:0031023","microtubule organizing center organization","0/17","44/3464",0,0,-0.468752233411199,1,1,1,"",0
"GO:0031032","actomyosin structure organization","0/17","46/3464",0,0,-0.479427510851292,1,1,1,"",0
"GO:0031047","regulatory ncRNA-mediated gene silencing","0/17","52/3464",0,0,-0.510184459151963,1,1,1,"",0
"GO:0031048","regulatory ncRNA-mediated heterochromatin formation","0/17","6/3464",0,0,-0.17214451739573,1,1,1,"",0
"GO:0031053","primary miRNA processing","0/17","8/3464",0,0,-0.198832874617629,1,1,1,"",0
"GO:0031054","pre-miRNA processing","0/17","8/3464",0,0,-0.198832874617629,1,1,1,"",0
"GO:0031098","stress-activated protein kinase signaling cascade","0/17","16/3464",0,0,-0.281518167921038,1,1,1,"",0
"GO:0031099","regeneration","0/17","31/3464",0,0,-0.39271185338966,1,1,1,"",0
"GO:0031100","animal organ regeneration","0/17","6/3464",0,0,-0.17214451739573,1,1,1,"",0
"GO:0031102","neuron projection regeneration","0/17","15/3464",0,0,-0.272539275511706,1,1,1,"",0
"GO:0031103","axon regeneration","0/17","13/3464",0,0,-0.253646726191546,1,1,1,"",0
"GO:0031111","negative regulation of microtubule polymerization or depolymerization","0/17","15/3464",0,0,-0.272539275511706,1,1,1,"",0
"GO:0031112","positive regulation of microtubule polymerization or depolymerization","0/17","20/3464",0,0,-0.314929606982663,1,1,1,"",0
"GO:0031113","regulation of microtubule polymerization","0/17","33/3464",0,0,-0.405300067126917,1,1,1,"",0
"GO:0031114","regulation of microtubule depolymerization","0/17","12/3464",0,0,-0.243660591563121,1,1,1,"",0
"GO:0031115","negative regulation of microtubule polymerization","0/17","8/3464",0,0,-0.198832874617629,1,1,1,"",0
"GO:0031116","positive regulation of microtubule polymerization","0/17","18/3464",0,0,-0.29868174554767,1,1,1,"",0
"GO:0031122","cytoplasmic microtubule organization","0/17","32/3464",0,0,-0.399053766541762,1,1,1,"",0
"GO:0031123","RNA 3'-end processing","0/17","29/3464",0,0,-0.379721941742842,1,1,1,"",0
"GO:0031124","mRNA 3'-end processing","0/17","19/3464",0,0,-0.306910857143731,1,1,1,"",0
"GO:0031128","developmental induction","0/17","5/3464",0,0,-0.15712300842042,1,1,1,"",0
"GO:0031145","anaphase-promoting complex-dependent catabolic process","0/17","9/3464",0,0,-0.210924628871157,1,1,1,"",0
"GO:0031146","SCF-dependent proteasomal ubiquitin-dependent protein catabolic process","0/17","26/3464",0,0,-0.359388190900476,1,1,1,"",0
"GO:0031163","metallo-sulfur cluster assembly","0/17","6/3464",0,0,-0.17214451739573,1,1,1,"",0
"GO:0031167","rRNA methylation","0/17","7/3464",0,0,-0.185964220911726,1,1,1,"",0
"GO:0031204","post-translational protein targeting to membrane, translocation","0/17","6/3464",0,0,-0.17214451739573,1,1,1,"",0
"GO:0031214","biomineral tissue development","0/17","19/3464",0,0,-0.306910857143731,1,1,1,"",0
"GO:0031281","positive regulation of cyclase activity","0/17","5/3464",0,0,-0.15712300842042,1,1,1,"",0
"GO:0031290","retinal ganglion cell axon guidance","0/17","5/3464",0,0,-0.15712300842042,1,1,1,"",0
"GO:0031293","membrane protein intracellular domain proteolysis","0/17","6/3464",0,0,-0.17214451739573,1,1,1,"",0
"GO:0031297","replication fork processing","0/17","14/3464",0,0,-0.263259792748828,1,1,1,"",0
"GO:0031338","regulation of vesicle fusion","0/17","7/3464",0,0,-0.185964220911726,1,1,1,"",0
"GO:0031340","positive regulation of vesicle fusion","0/17","6/3464",0,0,-0.17214451739573,1,1,1,"",0
"GO:0031341","regulation of cell killing","0/17","8/3464",0,0,-0.198832874617629,1,1,1,"",0
"GO:0031347","regulation of defense response","0/17","149/3464",0,0,-0.876155986281457,1,1,1,"",0
"GO:0031348","negative regulation of defense response","0/17","46/3464",0,0,-0.479427510851292,1,1,1,"",0
"GO:0031349","positive regulation of defense response","0/17","94/3464",0,0,-0.690206493950434,1,1,1,"",0
"GO:0031396","regulation of protein ubiquitination","0/17","59/3464",0,0,-0.5439982623352,1,1,1,"",0
"GO:0031397","negative regulation of protein ubiquitination","0/17","26/3464",0,0,-0.359388190900476,1,1,1,"",0
"GO:0031398","positive regulation of protein ubiquitination","0/17","29/3464",0,0,-0.379721941742842,1,1,1,"",0
"GO:0031401","positive regulation of protein modification process","0/17","97/3464",0,0,-0.701446211099576,1,1,1,"",0
"GO:0031440","regulation of mRNA 3'-end processing","0/17","6/3464",0,0,-0.17214451739573,1,1,1,"",0
"GO:0031468","nuclear membrane reassembly","0/17","11/3464",0,0,-0.233253472635466,1,1,1,"",0
"GO:0031503","protein-containing complex localization","0/17","25/3464",0,0,-0.352357874193654,1,1,1,"",0
"GO:0031507","heterochromatin formation","0/17","62/3464",0,0,-0.557903074676928,1,1,1,"",0
"GO:0031529","ruffle organization","0/17","15/3464",0,0,-0.272539275511706,1,1,1,"",0
"GO:0031554","regulation of termination of DNA-templated transcription","0/17","7/3464",0,0,-0.185964220911726,1,1,1,"",0
"GO:0031570","DNA integrity checkpoint signaling","0/17","24/3464",0,0,-0.3451886157451,1,1,1,"",0
"GO:0031577","spindle checkpoint signaling","0/17","15/3464",0,0,-0.272539275511706,1,1,1,"",0
"GO:0031579","membrane raft organization","0/17","6/3464",0,0,-0.17214451739573,1,1,1,"",0
"GO:0031589","cell-substrate adhesion","0/17","86/3464",0,0,-0.659400797055687,1,1,1,"",0
"GO:0031623","receptor internalization","0/17","45/3464",0,0,-0.47411835755977,1,1,1,"",0
"GO:0031629","synaptic vesicle fusion to presynaptic active zone membrane","0/17","8/3464",0,0,-0.198832874617629,1,1,1,"",0
"GO:0031630","regulation of synaptic vesicle fusion to presynaptic active zone membrane","0/17","5/3464",0,0,-0.15712300842042,1,1,1,"",0
"GO:0031641","regulation of myelination","0/17","10/3464",0,0,-0.222366263304878,1,1,1,"",0
"GO:0031643","positive regulation of myelination","0/17","6/3464",0,0,-0.17214451739573,1,1,1,"",0
"GO:0031644","regulation of nervous system process","0/17","29/3464",0,0,-0.379721941742842,1,1,1,"",0
"GO:0031646","positive regulation of nervous system process","0/17","8/3464",0,0,-0.198832874617629,1,1,1,"",0
"GO:0031647","regulation of protein stability","0/17","128/3464",0,0,-0.80950964691417,1,1,1,"",0
"GO:0031648","protein destabilization","0/17","14/3464",0,0,-0.263259792748828,1,1,1,"",0
"GO:0031663","lipopolysaccharide-mediated signaling pathway","0/17","5/3464",0,0,-0.15712300842042,1,1,1,"",0
"GO:0031670","cellular response to nutrient","0/17","11/3464",0,0,-0.233253472635466,1,1,1,"",0
"GO:0031958","nuclear receptor-mediated corticosteroid signaling pathway","0/17","8/3464",0,0,-0.198832874617629,1,1,1,"",0
"GO:0031960","response to corticosteroid","0/17","23/3464",0,0,-0.337871567350104,1,1,1,"",0
"GO:0032008","positive regulation of TOR signaling","0/17","27/3464",0,0,-0.366287569727191,1,1,1,"",0
"GO:0032011","ARF protein signal transduction","0/17","8/3464",0,0,-0.198832874617629,1,1,1,"",0
"GO:0032012","regulation of ARF protein signal transduction","0/17","8/3464",0,0,-0.198832874617629,1,1,1,"",0
"GO:0032024","positive regulation of insulin secretion","0/17","17/3464",0,0,-0.29022437442028,1,1,1,"",0
"GO:0032048","cardiolipin metabolic process","0/17","5/3464",0,0,-0.15712300842042,1,1,1,"",0
"GO:0032091","negative regulation of protein binding","0/17","5/3464",0,0,-0.15712300842042,1,1,1,"",0
"GO:0032101","regulation of response to external stimulus","0/17","193/3464",0,0,-1.00384913060272,1,1,1,"",0
"GO:0032102","negative regulation of response to external stimulus","0/17","65/3464",0,0,-0.571493323100444,1,1,1,"",0
"GO:0032103","positive regulation of response to external stimulus","0/17","118/3464",0,0,-0.776082874418952,1,1,1,"",0
"GO:0032147","activation of protein kinase activity","0/17","11/3464",0,0,-0.233253472635466,1,1,1,"",0
"GO:0032196","transposition","0/17","7/3464",0,0,-0.185964220911726,1,1,1,"",0
"GO:0032197","retrotransposition","0/17","7/3464",0,0,-0.185964220911726,1,1,1,"",0
"GO:0032200","telomere organization","0/17","52/3464",0,0,-0.510184459151963,1,1,1,"",0
"GO:0032204","regulation of telomere maintenance","0/17","43/3464",0,0,-0.463327156147038,1,1,1,"",0
"GO:0032205","negative regulation of telomere maintenance","0/17","13/3464",0,0,-0.253646726191546,1,1,1,"",0
"GO:0032206","positive regulation of telomere maintenance","0/17","29/3464",0,0,-0.379721941742842,1,1,1,"",0
"GO:0032210","regulation of telomere maintenance via telomerase","0/17","20/3464",0,0,-0.314929606982663,1,1,1,"",0
"GO:0032211","negative regulation of telomere maintenance via telomerase","0/17","7/3464",0,0,-0.185964220911726,1,1,1,"",0
"GO:0032212","positive regulation of telomere maintenance via telomerase","0/17","13/3464",0,0,-0.253646726191546,1,1,1,"",0
"GO:0032228","regulation of synaptic transmission, GABAergic","0/17","6/3464",0,0,-0.17214451739573,1,1,1,"",0
"GO:0032231","regulation of actin filament bundle assembly","0/17","28/3464",0,0,-0.373063278791047,1,1,1,"",0
"GO:0032232","negative regulation of actin filament bundle assembly","0/17","10/3464",0,0,-0.222366263304878,1,1,1,"",0
"GO:0032233","positive regulation of actin filament bundle assembly","0/17","15/3464",0,0,-0.272539275511706,1,1,1,"",0
"GO:0032239","regulation of nucleobase-containing compound transport","0/17","11/3464",0,0,-0.233253472635466,1,1,1,"",0
"GO:0032259","methylation","0/17","44/3464",0,0,-0.468752233411199,1,1,1,"",0
"GO:0032261","purine nucleotide salvage","0/17","7/3464",0,0,-0.185964220911726,1,1,1,"",0
"GO:0032271","regulation of protein polymerization","0/17","71/3464",0,0,-0.597815690203231,1,1,1,"",0
"GO:0032272","negative regulation of protein polymerization","0/17","25/3464",0,0,-0.352357874193654,1,1,1,"",0
"GO:0032273","positive regulation of protein polymerization","0/17","30/3464",0,0,-0.386269614985065,1,1,1,"",0
"GO:0032288","myelin assembly","0/17","6/3464",0,0,-0.17214451739573,1,1,1,"",0
"GO:0032291","axon ensheathment in central nervous system","0/17","6/3464",0,0,-0.17214451739573,1,1,1,"",0
"GO:0032292","peripheral nervous system axon ensheathment","0/17","6/3464",0,0,-0.17214451739573,1,1,1,"",0
"GO:0032330","regulation of chondrocyte differentiation","0/17","6/3464",0,0,-0.17214451739573,1,1,1,"",0
"GO:0032350","regulation of hormone metabolic process","0/17","6/3464",0,0,-0.17214451739573,1,1,1,"",0
"GO:0032355","response to estradiol","0/17","23/3464",0,0,-0.337871567350104,1,1,1,"",0
"GO:0032365","intracellular lipid transport","0/17","14/3464",0,0,-0.263259792748828,1,1,1,"",0
"GO:0032366","intracellular sterol transport","0/17","11/3464",0,0,-0.233253472635466,1,1,1,"",0
"GO:0032367","intracellular cholesterol transport","0/17","11/3464",0,0,-0.233253472635466,1,1,1,"",0
"GO:0032368","regulation of lipid transport","0/17","18/3464",0,0,-0.29868174554767,1,1,1,"",0
"GO:0032369","negative regulation of lipid transport","0/17","10/3464",0,0,-0.222366263304878,1,1,1,"",0
"GO:0032370","positive regulation of lipid transport","0/17","6/3464",0,0,-0.17214451739573,1,1,1,"",0
"GO:0032371","regulation of sterol transport","0/17","8/3464",0,0,-0.198832874617629,1,1,1,"",0
"GO:0032374","regulation of cholesterol transport","0/17","8/3464",0,0,-0.198832874617629,1,1,1,"",0
"GO:0032386","regulation of intracellular transport","0/17","98/3464",0,0,-0.70515736587649,1,1,1,"",0
"GO:0032387","negative regulation of intracellular transport","0/17","22/3464",0,0,-0.330396906346997,1,1,1,"",0
"GO:0032388","positive regulation of intracellular transport","0/17","53/3464",0,0,-0.515142213632887,1,1,1,"",0
"GO:0032400","melanosome localization","0/17","10/3464",0,0,-0.222366263304878,1,1,1,"",0
"GO:0032401","establishment of melanosome localization","0/17","10/3464",0,0,-0.222366263304878,1,1,1,"",0
"GO:0032402","melanosome transport","0/17","9/3464",0,0,-0.210924628871157,1,1,1,"",0
"GO:0032410","negative regulation of transporter activity","0/17","6/3464",0,0,-0.17214451739573,1,1,1,"",0
"GO:0032411","positive regulation of transporter activity","0/17","5/3464",0,0,-0.15712300842042,1,1,1,"",0
"GO:0032413","negative regulation of ion transmembrane transporter activity","0/17","5/3464",0,0,-0.15712300842042,1,1,1,"",0
"GO:0032414","positive regulation of ion transmembrane transporter activity","0/17","5/3464",0,0,-0.15712300842042,1,1,1,"",0
"GO:0032418","lysosome localization","0/17","18/3464",0,0,-0.29868174554767,1,1,1,"",0
"GO:0032434","regulation of proteasomal ubiquitin-dependent protein catabolic process","0/17","48/3464",0,0,-0.489882304792675,1,1,1,"",0
"GO:0032435","negative regulation of proteasomal ubiquitin-dependent protein catabolic process","0/17","17/3464",0,0,-0.29022437442028,1,1,1,"",0
"GO:0032436","positive regulation of proteasomal ubiquitin-dependent protein catabolic process","0/17","26/3464",0,0,-0.359388190900476,1,1,1,"",0
"GO:0032438","melanosome organization","0/17","14/3464",0,0,-0.263259792748828,1,1,1,"",0
"GO:0032456","endocytic recycling","0/17","40/3464",0,0,-0.446676580142383,1,1,1,"",0
"GO:0032465","regulation of cytokinesis","0/17","35/3464",0,0,-0.41752294232855,1,1,1,"",0
"GO:0032467","positive regulation of cytokinesis","0/17","13/3464",0,0,-0.253646726191546,1,1,1,"",0
"GO:0032469","endoplasmic reticulum calcium ion homeostasis","0/17","9/3464",0,0,-0.210924628871157,1,1,1,"",0
"GO:0032480","negative regulation of type I interferon production","0/17","20/3464",0,0,-0.314929606982663,1,1,1,"",0
"GO:0032482","Rab protein signal transduction","0/17","7/3464",0,0,-0.185964220911726,1,1,1,"",0
"GO:0032486","Rap protein signal transduction","0/17","8/3464",0,0,-0.198832874617629,1,1,1,"",0
"GO:0032496","response to lipopolysaccharide","0/17","35/3464",0,0,-0.41752294232855,1,1,1,"",0
"GO:0032506","cytokinetic process","0/17","15/3464",0,0,-0.272539275511706,1,1,1,"",0
"GO:0032509","endosome transport via multivesicular body sorting pathway","0/17","19/3464",0,0,-0.306910857143731,1,1,1,"",0
"GO:0032510","endosome to lysosome transport via multivesicular body sorting pathway","0/17","6/3464",0,0,-0.17214451739573,1,1,1,"",0
"GO:0032511","late endosome to vacuole transport via multivesicular body sorting pathway","0/17","13/3464",0,0,-0.253646726191546,1,1,1,"",0
"GO:0032526","response to retinoic acid","0/17","10/3464",0,0,-0.222366263304878,1,1,1,"",0
"GO:0032527","protein exit from endoplasmic reticulum","0/17","23/3464",0,0,-0.337871567350104,1,1,1,"",0
"GO:0032543","mitochondrial translation","0/17","23/3464",0,0,-0.337871567350104,1,1,1,"",0
"GO:0032570","response to progesterone","0/17","6/3464",0,0,-0.17214451739573,1,1,1,"",0
"GO:0032602","chemokine production","0/17","12/3464",0,0,-0.243660591563121,1,1,1,"",0
"GO:0032607","interferon-alpha production","0/17","9/3464",0,0,-0.210924628871157,1,1,1,"",0
"GO:0032608","interferon-beta production","0/17","15/3464",0,0,-0.272539275511706,1,1,1,"",0
"GO:0032609","type II interferon production","0/17","14/3464",0,0,-0.263259792748828,1,1,1,"",0
"GO:0032611","interleukin-1 beta production","0/17","11/3464",0,0,-0.233253472635466,1,1,1,"",0
"GO:0032612","interleukin-1 production","0/17","13/3464",0,0,-0.253646726191546,1,1,1,"",0
"GO:0032613","interleukin-10 production","0/17","10/3464",0,0,-0.222366263304878,1,1,1,"",0
"GO:0032615","interleukin-12 production","0/17","5/3464",0,0,-0.15712300842042,1,1,1,"",0
"GO:0032623","interleukin-2 production","0/17","11/3464",0,0,-0.233253472635466,1,1,1,"",0
"GO:0032635","interleukin-6 production","0/17","14/3464",0,0,-0.263259792748828,1,1,1,"",0
"GO:0032637","interleukin-8 production","0/17","8/3464",0,0,-0.198832874617629,1,1,1,"",0
"GO:0032640","tumor necrosis factor production","0/17","29/3464",0,0,-0.379721941742842,1,1,1,"",0
"GO:0032642","regulation of chemokine production","0/17","12/3464",0,0,-0.243660591563121,1,1,1,"",0
"GO:0032647","regulation of interferon-alpha production","0/17","9/3464",0,0,-0.210924628871157,1,1,1,"",0
"GO:0032648","regulation of interferon-beta production","0/17","15/3464",0,0,-0.272539275511706,1,1,1,"",0
"GO:0032649","regulation of type II interferon production","0/17","14/3464",0,0,-0.263259792748828,1,1,1,"",0
"GO:0032651","regulation of interleukin-1 beta production","0/17","11/3464",0,0,-0.233253472635466,1,1,1,"",0
"GO:0032652","regulation of interleukin-1 production","0/17","13/3464",0,0,-0.253646726191546,1,1,1,"",0
"GO:0032653","regulation of interleukin-10 production","0/17","10/3464",0,0,-0.222366263304878,1,1,1,"",0
"GO:0032655","regulation of interleukin-12 production","0/17","5/3464",0,0,-0.15712300842042,1,1,1,"",0
"GO:0032663","regulation of interleukin-2 production","0/17","11/3464",0,0,-0.233253472635466,1,1,1,"",0
"GO:0032675","regulation of interleukin-6 production","0/17","14/3464",0,0,-0.263259792748828,1,1,1,"",0
"GO:0032677","regulation of interleukin-8 production","0/17","8/3464",0,0,-0.198832874617629,1,1,1,"",0
"GO:0032680","regulation of tumor necrosis factor production","0/17","29/3464",0,0,-0.379721941742842,1,1,1,"",0
"GO:0032688","negative regulation of interferon-beta production","0/17","5/3464",0,0,-0.15712300842042,1,1,1,"",0
"GO:0032720","negative regulation of tumor necrosis factor production","0/17","6/3464",0,0,-0.17214451739573,1,1,1,"",0
"GO:0032722","positive regulation of chemokine production","0/17","8/3464",0,0,-0.198832874617629,1,1,1,"",0
"GO:0032727","positive regulation of interferon-alpha production","0/17","8/3464",0,0,-0.198832874617629,1,1,1,"",0
"GO:0032728","positive regulation of interferon-beta production","0/17","9/3464",0,0,-0.210924628871157,1,1,1,"",0
"GO:0032729","positive regulation of type II interferon production","0/17","10/3464",0,0,-0.222366263304878,1,1,1,"",0
"GO:0032731","positive regulation of interleukin-1 beta production","0/17","7/3464",0,0,-0.185964220911726,1,1,1,"",0
"GO:0032732","positive regulation of interleukin-1 production","0/17","8/3464",0,0,-0.198832874617629,1,1,1,"",0
"GO:0032733","positive regulation of interleukin-10 production","0/17","8/3464",0,0,-0.198832874617629,1,1,1,"",0
"GO:0032743","positive regulation of interleukin-2 production","0/17","10/3464",0,0,-0.222366263304878,1,1,1,"",0
"GO:0032755","positive regulation of interleukin-6 production","0/17","9/3464",0,0,-0.210924628871157,1,1,1,"",0
"GO:0032757","positive regulation of interleukin-8 production","0/17","6/3464",0,0,-0.17214451739573,1,1,1,"",0
"GO:0032760","positive regulation of tumor necrosis factor production","0/17","21/3464",0,0,-0.322753678537855,1,1,1,"",0
"GO:0032781","positive regulation of ATP-dependent activity","0/17","6/3464",0,0,-0.17214451739573,1,1,1,"",0
"GO:0032784","regulation of DNA-templated transcription elongation","0/17","40/3464",0,0,-0.446676580142383,1,1,1,"",0
"GO:0032785","negative regulation of DNA-templated transcription, elongation","0/17","11/3464",0,0,-0.233253472635466,1,1,1,"",0
"GO:0032786","positive regulation of DNA-templated transcription, elongation","0/17","22/3464",0,0,-0.330396906346997,1,1,1,"",0
"GO:0032787","monocarboxylic acid metabolic process","0/17","127/3464",0,0,-0.806220472196145,1,1,1,"",0
"GO:0032790","ribosome disassembly","0/17","20/3464",0,0,-0.314929606982663,1,1,1,"",0
"GO:0032801","receptor catabolic process","0/17","10/3464",0,0,-0.222366263304878,1,1,1,"",0
"GO:0032814","regulation of natural killer cell activation","0/17","6/3464",0,0,-0.17214451739573,1,1,1,"",0
"GO:0032872","regulation of stress-activated MAPK cascade","0/17","13/3464",0,0,-0.253646726191546,1,1,1,"",0
"GO:0032874","positive regulation of stress-activated MAPK cascade","0/17","8/3464",0,0,-0.198832874617629,1,1,1,"",0
"GO:0032878","regulation of establishment or maintenance of cell polarity","0/17","8/3464",0,0,-0.198832874617629,1,1,1,"",0
"GO:0032881","regulation of polysaccharide metabolic process","0/17","10/3464",0,0,-0.222366263304878,1,1,1,"",0
"GO:0032885","regulation of polysaccharide biosynthetic process","0/17","9/3464",0,0,-0.210924628871157,1,1,1,"",0
"GO:0032890","regulation of organic acid transport","0/17","14/3464",0,0,-0.263259792748828,1,1,1,"",0
"GO:0032891","negative regulation of organic acid transport","0/17","8/3464",0,0,-0.198832874617629,1,1,1,"",0
"GO:0032892","positive regulation of organic acid transport","0/17","8/3464",0,0,-0.198832874617629,1,1,1,"",0
"GO:0032922","circadian regulation of gene expression","0/17","19/3464",0,0,-0.306910857143731,1,1,1,"",0
"GO:0032924","activin receptor signaling pathway","0/17","5/3464",0,0,-0.15712300842042,1,1,1,"",0
"GO:0032928","regulation of superoxide anion generation","0/17","5/3464",0,0,-0.15712300842042,1,1,1,"",0
"GO:0032930","positive regulation of superoxide anion generation","0/17","5/3464",0,0,-0.15712300842042,1,1,1,"",0
"GO:0032933","SREBP signaling pathway","0/17","5/3464",0,0,-0.15712300842042,1,1,1,"",0
"GO:0032940","secretion by cell","0/17","161/3464",0,0,-0.912407225634087,1,1,1,"",0
"GO:0032945","negative regulation of mononuclear cell proliferation","0/17","7/3464",0,0,-0.185964220911726,1,1,1,"",0
"GO:0032958","inositol phosphate biosynthetic process","0/17","5/3464",0,0,-0.15712300842042,1,1,1,"",0
"GO:0032963","collagen metabolic process","0/17","8/3464",0,0,-0.198832874617629,1,1,1,"",0
"GO:0032968","positive regulation of transcription elongation by RNA polymerase II","0/17","20/3464",0,0,-0.314929606982663,1,1,1,"",0
"GO:0032981","mitochondrial respiratory chain complex I assembly","0/17","13/3464",0,0,-0.253646726191546,1,1,1,"",0
"GO:0032986","protein-DNA complex disassembly","0/17","9/3464",0,0,-0.210924628871157,1,1,1,"",0
"GO:0032989","cellular anatomical entity morphogenesis","0/17","17/3464",0,0,-0.29022437442028,1,1,1,"",0
"GO:0033002","muscle cell proliferation","0/17","39/3464",0,0,-0.440993390439803,1,1,1,"",0
"GO:0033044","regulation of chromosome organization","0/17","85/3464",0,0,-0.655458850074914,1,1,1,"",0
"GO:0033045","regulation of sister chromatid segregation","0/17","36/3464",0,0,-0.423507307653009,1,1,1,"",0
"GO:0033046","negative regulation of sister chromatid segregation","0/17","15/3464",0,0,-0.272539275511706,1,1,1,"",0
"GO:0033047","regulation of mitotic sister chromatid segregation","0/17","17/3464",0,0,-0.29022437442028,1,1,1,"",0
"GO:0033048","negative regulation of mitotic sister chromatid segregation","0/17","15/3464",0,0,-0.272539275511706,1,1,1,"",0
"GO:0033059","cellular pigmentation","0/17","25/3464",0,0,-0.352357874193654,1,1,1,"",0
"GO:0033077","T cell differentiation in thymus","0/17","14/3464",0,0,-0.263259792748828,1,1,1,"",0
"GO:0033081","regulation of T cell differentiation in thymus","0/17","6/3464",0,0,-0.17214451739573,1,1,1,"",0
"GO:0033108","mitochondrial respiratory chain complex assembly","0/17","18/3464",0,0,-0.29868174554767,1,1,1,"",0
"GO:0033119","negative regulation of RNA splicing","0/17","19/3464",0,0,-0.306910857143731,1,1,1,"",0
"GO:0033120","positive regulation of RNA splicing","0/17","12/3464",0,0,-0.243660591563121,1,1,1,"",0
"GO:0033121","regulation of purine nucleotide catabolic process","0/17","17/3464",0,0,-0.29022437442028,1,1,1,"",0
"GO:0033123","positive regulation of purine nucleotide catabolic process","0/17","10/3464",0,0,-0.222366263304878,1,1,1,"",0
"GO:0033135","regulation of peptidyl-serine phosphorylation","0/17","9/3464",0,0,-0.210924628871157,1,1,1,"",0
"GO:0033138","positive regulation of peptidyl-serine phosphorylation","0/17","7/3464",0,0,-0.185964220911726,1,1,1,"",0
"GO:0033143","regulation of intracellular steroid hormone receptor signaling pathway","0/17","26/3464",0,0,-0.359388190900476,1,1,1,"",0
"GO:0033144","negative regulation of intracellular steroid hormone receptor signaling pathway","0/17","12/3464",0,0,-0.243660591563121,1,1,1,"",0
"GO:0033146","regulation of intracellular estrogen receptor signaling pathway","0/17","8/3464",0,0,-0.198832874617629,1,1,1,"",0
"GO:0033157","regulation of intracellular protein transport","0/17","46/3464",0,0,-0.479427510851292,1,1,1,"",0
"GO:0033173","calcineurin-NFAT signaling cascade","0/17","11/3464",0,0,-0.233253472635466,1,1,1,"",0
"GO:0033198","response to ATP","0/17","5/3464",0,0,-0.15712300842042,1,1,1,"",0
"GO:0033209","tumor necrosis factor-mediated signaling pathway","0/17","29/3464",0,0,-0.379721941742842,1,1,1,"",0
"GO:0033210","leptin-mediated signaling pathway","0/17","6/3464",0,0,-0.17214451739573,1,1,1,"",0
"GO:0033233","regulation of protein sumoylation","0/17","8/3464",0,0,-0.198832874617629,1,1,1,"",0
"GO:0033235","positive regulation of protein sumoylation","0/17","6/3464",0,0,-0.17214451739573,1,1,1,"",0
"GO:0033273","response to vitamin","0/17","12/3464",0,0,-0.243660591563121,1,1,1,"",0
"GO:0033344","cholesterol efflux","0/17","9/3464",0,0,-0.210924628871157,1,1,1,"",0
"GO:0033363","secretory granule organization","0/17","14/3464",0,0,-0.263259792748828,1,1,1,"",0
"GO:0033489","cholesterol biosynthetic process via desmosterol","0/17","8/3464",0,0,-0.198832874617629,1,1,1,"",0
"GO:0033490","cholesterol biosynthetic process via lathosterol","0/17","9/3464",0,0,-0.210924628871157,1,1,1,"",0
"GO:0033500","carbohydrate homeostasis","0/17","43/3464",0,0,-0.463327156147038,1,1,1,"",0
"GO:0033555","multicellular organismal response to stress","0/17","8/3464",0,0,-0.198832874617629,1,1,1,"",0
"GO:0033559","unsaturated fatty acid metabolic process","0/17","20/3464",0,0,-0.314929606982663,1,1,1,"",0
"GO:0033574","response to testosterone","0/17","9/3464",0,0,-0.210924628871157,1,1,1,"",0
"GO:0033619","membrane protein proteolysis","0/17","20/3464",0,0,-0.314929606982663,1,1,1,"",0
"GO:0033622","integrin activation","0/17","5/3464",0,0,-0.15712300842042,1,1,1,"",0
"GO:0033627","cell adhesion mediated by integrin","0/17","10/3464",0,0,-0.222366263304878,1,1,1,"",0
"GO:0033628","regulation of cell adhesion mediated by integrin","0/17","6/3464",0,0,-0.17214451739573,1,1,1,"",0
"GO:0033674","positive regulation of kinase activity","0/17","32/3464",0,0,-0.399053766541762,1,1,1,"",0
"GO:0033750","ribosome localization","0/17","7/3464",0,0,-0.185964220911726,1,1,1,"",0
"GO:0033762","response to glucagon","0/17","5/3464",0,0,-0.15712300842042,1,1,1,"",0
"GO:0033962","P-body assembly","0/17","12/3464",0,0,-0.243660591563121,1,1,1,"",0
"GO:0034058","endosomal vesicle fusion","0/17","7/3464",0,0,-0.185964220911726,1,1,1,"",0
"GO:0034063","stress granule assembly","0/17","25/3464",0,0,-0.352357874193654,1,1,1,"",0
"GO:0034067","protein localization to Golgi apparatus","0/17","15/3464",0,0,-0.272539275511706,1,1,1,"",0
"GO:0034085","establishment of sister chromatid cohesion","0/17","6/3464",0,0,-0.17214451739573,1,1,1,"",0
"GO:0034086","maintenance of sister chromatid cohesion","0/17","6/3464",0,0,-0.17214451739573,1,1,1,"",0
"GO:0034087","establishment of mitotic sister chromatid cohesion","0/17","6/3464",0,0,-0.17214451739573,1,1,1,"",0
"GO:0034088","maintenance of mitotic sister chromatid cohesion","0/17","6/3464",0,0,-0.17214451739573,1,1,1,"",0
"GO:0034101","erythrocyte homeostasis","0/17","28/3464",0,0,-0.373063278791047,1,1,1,"",0
"GO:0034103","regulation of tissue remodeling","0/17","9/3464",0,0,-0.210924628871157,1,1,1,"",0
"GO:0034109","homotypic cell-cell adhesion","0/17","17/3464",0,0,-0.29022437442028,1,1,1,"",0
"GO:0034110","regulation of homotypic cell-cell adhesion","0/17","6/3464",0,0,-0.17214451739573,1,1,1,"",0
"GO:0034113","heterotypic cell-cell adhesion","0/17","11/3464",0,0,-0.233253472635466,1,1,1,"",0
"GO:0034121","regulation of toll-like receptor signaling pathway","0/17","8/3464",0,0,-0.198832874617629,1,1,1,"",0
"GO:0034122","negative regulation of toll-like receptor signaling pathway","0/17","5/3464",0,0,-0.15712300842042,1,1,1,"",0
"GO:0034142","toll-like receptor 4 signaling pathway","0/17","11/3464",0,0,-0.233253472635466,1,1,1,"",0
"GO:0034143","regulation of toll-like receptor 4 signaling pathway","0/17","7/3464",0,0,-0.185964220911726,1,1,1,"",0
"GO:0034162","toll-like receptor 9 signaling pathway","0/17","5/3464",0,0,-0.15712300842042,1,1,1,"",0
"GO:0034163","regulation of toll-like receptor 9 signaling pathway","0/17","5/3464",0,0,-0.15712300842042,1,1,1,"",0
"GO:0034198","cellular response to amino acid starvation","0/17","18/3464",0,0,-0.29868174554767,1,1,1,"",0
"GO:0034204","lipid translocation","0/17","15/3464",0,0,-0.272539275511706,1,1,1,"",0
"GO:0034205","amyloid-beta formation","0/17","20/3464",0,0,-0.314929606982663,1,1,1,"",0
"GO:0034214","protein hexamerization","0/17","6/3464",0,0,-0.17214451739573,1,1,1,"",0
"GO:0034219","carbohydrate transmembrane transport","0/17","25/3464",0,0,-0.352357874193654,1,1,1,"",0
"GO:0034242","negative regulation of syncytium formation by plasma membrane fusion","0/17","39/3464",0,0,-0.440993390439803,1,1,1,"",0
"GO:0034243","regulation of transcription elongation by RNA polymerase II","0/17","34/3464",0,0,-0.411455112762703,1,1,1,"",0
"GO:0034244","negative regulation of transcription elongation by RNA polymerase II","0/17","8/3464",0,0,-0.198832874617629,1,1,1,"",0
"GO:0034284","response to monosaccharide","0/17","30/3464",0,0,-0.386269614985065,1,1,1,"",0
"GO:0034308","primary alcohol metabolic process","0/17","6/3464",0,0,-0.17214451739573,1,1,1,"",0
"GO:0034311","diol metabolic process","0/17","8/3464",0,0,-0.198832874617629,1,1,1,"",0
"GO:0034312","diol biosynthetic process","0/17","8/3464",0,0,-0.198832874617629,1,1,1,"",0
"GO:0034314","Arp2/3 complex-mediated actin nucleation","0/17","18/3464",0,0,-0.29868174554767,1,1,1,"",0
"GO:0034315","regulation of Arp2/3 complex-mediated actin nucleation","0/17","10/3464",0,0,-0.222366263304878,1,1,1,"",0
"GO:0034331","cell junction maintenance","0/17","10/3464",0,0,-0.222366263304878,1,1,1,"",0
"GO:0034332","adherens junction organization","0/17","20/3464",0,0,-0.314929606982663,1,1,1,"",0
"GO:0034333","adherens junction assembly","0/17","9/3464",0,0,-0.210924628871157,1,1,1,"",0
"GO:0034340","response to type I interferon","0/17","41/3464",0,0,-0.452291622376296,1,1,1,"",0
"GO:0034341","response to type II interferon","0/17","22/3464",0,0,-0.330396906346997,1,1,1,"",0
"GO:0034381","plasma lipoprotein particle clearance","0/17","6/3464",0,0,-0.17214451739573,1,1,1,"",0
"GO:0034389","lipid droplet organization","0/17","8/3464",0,0,-0.198832874617629,1,1,1,"",0
"GO:0034390","smooth muscle cell apoptotic process","0/17","8/3464",0,0,-0.198832874617629,1,1,1,"",0
"GO:0034391","regulation of smooth muscle cell apoptotic process","0/17","8/3464",0,0,-0.198832874617629,1,1,1,"",0
"GO:0034392","negative regulation of smooth muscle cell apoptotic process","0/17","5/3464",0,0,-0.15712300842042,1,1,1,"",0
"GO:0034394","protein localization to cell surface","0/17","23/3464",0,0,-0.337871567350104,1,1,1,"",0
"GO:0034405","response to fluid shear stress","0/17","21/3464",0,0,-0.322753678537855,1,1,1,"",0
"GO:0034440","lipid oxidation","0/17","26/3464",0,0,-0.359388190900476,1,1,1,"",0
"GO:0034446","substrate adhesion-dependent cell spreading","0/17","26/3464",0,0,-0.359388190900476,1,1,1,"",0
"GO:0034453","microtubule anchoring","0/17","10/3464",0,0,-0.222366263304878,1,1,1,"",0
"GO:0034454","microtubule anchoring at centrosome","0/17","5/3464",0,0,-0.15712300842042,1,1,1,"",0
"GO:0034472","snRNA 3'-end processing","0/17","5/3464",0,0,-0.15712300842042,1,1,1,"",0
"GO:0034497","protein localization to phagophore assembly site","0/17","7/3464",0,0,-0.185964220911726,1,1,1,"",0
"GO:0034498","early endosome to Golgi transport","0/17","6/3464",0,0,-0.17214451739573,1,1,1,"",0
"GO:0034502","protein localization to chromosome","0/17","28/3464",0,0,-0.373063278791047,1,1,1,"",0
"GO:0034599","cellular response to oxidative stress","0/17","74/3464",0,0,-0.610584922070728,1,1,1,"",0
"GO:0034605","cellular response to heat","0/17","21/3464",0,0,-0.322753678537855,1,1,1,"",0
"GO:0034612","response to tumor necrosis factor","0/17","50/3464",0,0,-0.500130463301569,1,1,1,"",0
"GO:0034614","cellular response to reactive oxygen species","0/17","42/3464",0,0,-0.457841027287798,1,1,1,"",0
"GO:0034616","response to laminar fluid shear stress","0/17","12/3464",0,0,-0.243660591563121,1,1,1,"",0
"GO:0034620","cellular response to unfolded protein","0/17","41/3464",0,0,-0.452291622376296,1,1,1,"",0
"GO:0034643","establishment of mitochondrion localization, microtubule-mediated","0/17","19/3464",0,0,-0.306910857143731,1,1,1,"",0
"GO:0034644","cellular response to UV","0/17","18/3464",0,0,-0.29868174554767,1,1,1,"",0
"GO:0034655","nucleobase-containing compound catabolic process","0/17","170/3464",0,0,-0.938842471458263,1,1,1,"",0
"GO:0034694","response to prostaglandin","0/17","7/3464",0,0,-0.185964220911726,1,1,1,"",0
"GO:0034695","response to prostaglandin E","0/17","5/3464",0,0,-0.15712300842042,1,1,1,"",0
"GO:0034727","piecemeal microautophagy of the nucleus","0/17","10/3464",0,0,-0.222366263304878,1,1,1,"",0
"GO:0034728","nucleosome organization","0/17","29/3464",0,0,-0.379721941742842,1,1,1,"",0
"GO:0034755","iron ion transmembrane transport","0/17","6/3464",0,0,-0.17214451739573,1,1,1,"",0
"GO:0034762","regulation of transmembrane transport","0/17","83/3464",0,0,-0.64751006800636,1,1,1,"",0
"GO:0034763","negative regulation of transmembrane transport","0/17","28/3464",0,0,-0.373063278791047,1,1,1,"",0
"GO:0034764","positive regulation of transmembrane transport","0/17","36/3464",0,0,-0.423507307653009,1,1,1,"",0
"GO:0034765","regulation of monoatomic ion transmembrane transport","0/17","56/3464",0,0,-0.529754049529149,1,1,1,"",0
"GO:0034766","negative regulation of monoatomic ion transmembrane transport","0/17","17/3464",0,0,-0.29022437442028,1,1,1,"",0
"GO:0034767","positive regulation of monoatomic ion transmembrane transport","0/17","20/3464",0,0,-0.314929606982663,1,1,1,"",0
"GO:0034975","protein folding in endoplasmic reticulum","0/17","7/3464",0,0,-0.185964220911726,1,1,1,"",0
"GO:0034976","response to endoplasmic reticulum stress","0/17","92/3464",0,0,-0.682621865696522,1,1,1,"",0
"GO:0035020","regulation of Rac protein signal transduction","0/17","13/3464",0,0,-0.253646726191546,1,1,1,"",0
"GO:0035022","positive regulation of Rac protein signal transduction","0/17","9/3464",0,0,-0.210924628871157,1,1,1,"",0
"GO:0035023","regulation of Rho protein signal transduction","0/17","27/3464",0,0,-0.366287569727191,1,1,1,"",0
"GO:0035024","negative regulation of Rho protein signal transduction","0/17","6/3464",0,0,-0.17214451739573,1,1,1,"",0
"GO:0035025","positive regulation of Rho protein signal transduction","0/17","7/3464",0,0,-0.185964220911726,1,1,1,"",0
"GO:0035050","embryonic heart tube development","0/17","9/3464",0,0,-0.210924628871157,1,1,1,"",0
"GO:0035051","cardiocyte differentiation","0/17","20/3464",0,0,-0.314929606982663,1,1,1,"",0
"GO:0035082","axoneme assembly","0/17","6/3464",0,0,-0.17214451739573,1,1,1,"",0
"GO:0035094","response to nicotine","0/17","6/3464",0,0,-0.17214451739573,1,1,1,"",0
"GO:0035107","appendage morphogenesis","0/17","9/3464",0,0,-0.210924628871157,1,1,1,"",0
"GO:0035108","limb morphogenesis","0/17","9/3464",0,0,-0.210924628871157,1,1,1,"",0
"GO:0035113","embryonic appendage morphogenesis","0/17","8/3464",0,0,-0.198832874617629,1,1,1,"",0
"GO:0035148","tube formation","0/17","13/3464",0,0,-0.253646726191546,1,1,1,"",0
"GO:0035150","regulation of tube size","0/17","21/3464",0,0,-0.322753678537855,1,1,1,"",0
"GO:0035176","social behavior","0/17","6/3464",0,0,-0.17214451739573,1,1,1,"",0
"GO:0035194","regulatory ncRNA-mediated post-transcriptional gene silencing","0/17","31/3464",0,0,-0.39271185338966,1,1,1,"",0
"GO:0035195","miRNA-mediated post-transcriptional gene silencing","0/17","27/3464",0,0,-0.366287569727191,1,1,1,"",0
"GO:0035196","miRNA processing","0/17","19/3464",0,0,-0.306910857143731,1,1,1,"",0
"GO:0035235","ionotropic glutamate receptor signaling pathway","0/17","12/3464",0,0,-0.243660591563121,1,1,1,"",0
"GO:0035239","tube morphogenesis","0/17","124/3464",0,0,-0.796283421610118,1,1,1,"",0
"GO:0035249","synaptic transmission, glutamatergic","0/17","24/3464",0,0,-0.3451886157451,1,1,1,"",0
"GO:0035264","multicellular organism growth","0/17","7/3464",0,0,-0.185964220911726,1,1,1,"",0
"GO:0035265","organ growth","0/17","21/3464",0,0,-0.322753678537855,1,1,1,"",0
"GO:0035270","endocrine system development","0/17","11/3464",0,0,-0.233253472635466,1,1,1,"",0
"GO:0035278","miRNA-mediated gene silencing by inhibition of translation","0/17","6/3464",0,0,-0.17214451739573,1,1,1,"",0
"GO:0035296","regulation of tube diameter","0/17","21/3464",0,0,-0.322753678537855,1,1,1,"",0
"GO:0035303","regulation of dephosphorylation","0/17","9/3464",0,0,-0.210924628871157,1,1,1,"",0
"GO:0035313","wound healing, spreading of epidermal cells","0/17","6/3464",0,0,-0.17214451739573,1,1,1,"",0
"GO:0035315","hair cell differentiation","0/17","6/3464",0,0,-0.17214451739573,1,1,1,"",0
"GO:0035329","hippo signaling","0/17","18/3464",0,0,-0.29868174554767,1,1,1,"",0
"GO:0035330","regulation of hippo signaling","0/17","15/3464",0,0,-0.272539275511706,1,1,1,"",0
"GO:0035331","negative regulation of hippo signaling","0/17","8/3464",0,0,-0.198832874617629,1,1,1,"",0
"GO:0035332","positive regulation of hippo signaling","0/17","6/3464",0,0,-0.17214451739573,1,1,1,"",0
"GO:0035335","peptidyl-tyrosine dephosphorylation","0/17","11/3464",0,0,-0.233253472635466,1,1,1,"",0
"GO:0035336","long-chain fatty-acyl-CoA metabolic process","0/17","8/3464",0,0,-0.198832874617629,1,1,1,"",0
"GO:0035337","fatty-acyl-CoA metabolic process","0/17","14/3464",0,0,-0.263259792748828,1,1,1,"",0
"GO:0035338","long-chain fatty-acyl-CoA biosynthetic process","0/17","5/3464",0,0,-0.15712300842042,1,1,1,"",0
"GO:0035357","peroxisome proliferator activated receptor signaling pathway","0/17","9/3464",0,0,-0.210924628871157,1,1,1,"",0
"GO:0035358","regulation of peroxisome proliferator activated receptor signaling pathway","0/17","5/3464",0,0,-0.15712300842042,1,1,1,"",0
"GO:0035372","protein localization to microtubule","0/17","5/3464",0,0,-0.15712300842042,1,1,1,"",0
"GO:0035418","protein localization to synapse","0/17","30/3464",0,0,-0.386269614985065,1,1,1,"",0
"GO:0035437","maintenance of protein localization in endoplasmic reticulum","0/17","5/3464",0,0,-0.15712300842042,1,1,1,"",0
"GO:0035455","response to interferon-alpha","0/17","6/3464",0,0,-0.17214451739573,1,1,1,"",0
"GO:0035456","response to interferon-beta","0/17","6/3464",0,0,-0.17214451739573,1,1,1,"",0
"GO:0035458","cellular response to interferon-beta","0/17","6/3464",0,0,-0.17214451739573,1,1,1,"",0
"GO:0035459","vesicle cargo loading","0/17","20/3464",0,0,-0.314929606982663,1,1,1,"",0
"GO:0035493","SNARE complex assembly","0/17","8/3464",0,0,-0.198832874617629,1,1,1,"",0
"GO:0035520","monoubiquitinated protein deubiquitination","0/17","6/3464",0,0,-0.17214451739573,1,1,1,"",0
"GO:0035542","regulation of SNARE complex assembly","0/17","6/3464",0,0,-0.17214451739573,1,1,1,"",0
"GO:0035567","non-canonical Wnt signaling pathway","0/17","10/3464",0,0,-0.222366263304878,1,1,1,"",0
"GO:0035592","establishment of protein localization to extracellular region","0/17","65/3464",0,0,-0.571493323100444,1,1,1,"",0
"GO:0035601","protein deacylation","0/17","14/3464",0,0,-0.263259792748828,1,1,1,"",0
"GO:0035633","maintenance of blood-brain barrier","0/17","10/3464",0,0,-0.222366263304878,1,1,1,"",0
"GO:0035640","exploration behavior","0/17","6/3464",0,0,-0.17214451739573,1,1,1,"",0
"GO:0035646","endosome to melanosome transport","0/17","5/3464",0,0,-0.15712300842042,1,1,1,"",0
"GO:0035652","clathrin-coated vesicle cargo loading","0/17","5/3464",0,0,-0.15712300842042,1,1,1,"",0
"GO:0035654","clathrin-coated vesicle cargo loading, AP-3-mediated","0/17","5/3464",0,0,-0.15712300842042,1,1,1,"",0
"GO:0035694","mitochondrial protein catabolic process","0/17","5/3464",0,0,-0.15712300842042,1,1,1,"",0
"GO:0035710","CD4-positive, alpha-beta T cell activation","0/17","27/3464",0,0,-0.366287569727191,1,1,1,"",0
"GO:0035720","intraciliary anterograde transport","0/17","7/3464",0,0,-0.185964220911726,1,1,1,"",0
"GO:0035721","intraciliary retrograde transport","0/17","8/3464",0,0,-0.198832874617629,1,1,1,"",0
"GO:0035728","response to hepatocyte growth factor","0/17","6/3464",0,0,-0.17214451739573,1,1,1,"",0
"GO:0035729","cellular response to hepatocyte growth factor stimulus","0/17","5/3464",0,0,-0.15712300842042,1,1,1,"",0
"GO:0035751","regulation of lysosomal lumen pH","0/17","15/3464",0,0,-0.272539275511706,1,1,1,"",0
"GO:0035767","endothelial cell chemotaxis","0/17","7/3464",0,0,-0.185964220911726,1,1,1,"",0
"GO:0035773","insulin secretion involved in cellular response to glucose stimulus","0/17","14/3464",0,0,-0.263259792748828,1,1,1,"",0
"GO:0035774","positive regulation of insulin secretion involved in cellular response to glucose stimulus","0/17","7/3464",0,0,-0.185964220911726,1,1,1,"",0
"GO:0035790","platelet-derived growth factor receptor-alpha signaling pathway","0/17","5/3464",0,0,-0.15712300842042,1,1,1,"",0
"GO:0035791","platelet-derived growth factor receptor-beta signaling pathway","0/17","8/3464",0,0,-0.198832874617629,1,1,1,"",0
"GO:0035794","positive regulation of mitochondrial membrane permeability","0/17","9/3464",0,0,-0.210924628871157,1,1,1,"",0
"GO:0035821","modulation of process of another organism","0/17","28/3464",0,0,-0.373063278791047,1,1,1,"",0
"GO:0035825","homologous recombination","0/17","8/3464",0,0,-0.198832874617629,1,1,1,"",0
"GO:0035872","nucleotide-binding domain, leucine rich repeat containing receptor signaling pathway","0/17","6/3464",0,0,-0.17214451739573,1,1,1,"",0
"GO:0035883","enteroendocrine cell differentiation","0/17","9/3464",0,0,-0.210924628871157,1,1,1,"",0
"GO:0035891","exit from host cell","0/17","12/3464",0,0,-0.243660591563121,1,1,1,"",0
"GO:0035902","response to immobilization stress","0/17","6/3464",0,0,-0.17214451739573,1,1,1,"",0
"GO:0035904","aorta development","0/17","7/3464",0,0,-0.185964220911726,1,1,1,"",0
"GO:0035914","skeletal muscle cell differentiation","0/17","9/3464",0,0,-0.210924628871157,1,1,1,"",0
"GO:0035924","cellular response to vascular endothelial growth factor stimulus","0/17","6/3464",0,0,-0.17214451739573,1,1,1,"",0
"GO:0035964","COPI-coated vesicle budding","0/17","6/3464",0,0,-0.17214451739573,1,1,1,"",0
"GO:0035966","response to topologically incorrect protein","0/17","60/3464",0,0,-0.548669620503115,1,1,1,"",0
"GO:0035967","cellular response to topologically incorrect protein","0/17","45/3464",0,0,-0.47411835755977,1,1,1,"",0
"GO:0035973","aggrephagy","0/17","6/3464",0,0,-0.17214451739573,1,1,1,"",0
"GO:0035987","endodermal cell differentiation","0/17","7/3464",0,0,-0.185964220911726,1,1,1,"",0
"GO:0035994","response to muscle stretch","0/17","6/3464",0,0,-0.17214451739573,1,1,1,"",0
"GO:0036010","protein localization to endosome","0/17","8/3464",0,0,-0.198832874617629,1,1,1,"",0
"GO:0036037","CD8-positive, alpha-beta T cell activation","0/17","9/3464",0,0,-0.210924628871157,1,1,1,"",0
"GO:0036092","phosphatidylinositol-3-phosphate biosynthetic process","0/17","8/3464",0,0,-0.198832874617629,1,1,1,"",0
"GO:0036119","response to platelet-derived growth factor","0/17","5/3464",0,0,-0.15712300842042,1,1,1,"",0
"GO:0036196","zymosterol metabolic process","0/17","7/3464",0,0,-0.185964220911726,1,1,1,"",0
"GO:0036197","zymosterol biosynthetic process","0/17","7/3464",0,0,-0.185964220911726,1,1,1,"",0
"GO:0036257","multivesicular body organization","0/17","17/3464",0,0,-0.29022437442028,1,1,1,"",0
"GO:0036258","multivesicular body assembly","0/17","17/3464",0,0,-0.29022437442028,1,1,1,"",0
"GO:0036294","cellular response to decreased oxygen levels","0/17","51/3464",0,0,-0.505181000485228,1,1,1,"",0
"GO:0036295","cellular response to increased oxygen levels","0/17","5/3464",0,0,-0.15712300842042,1,1,1,"",0
"GO:0036296","response to increased oxygen levels","0/17","8/3464",0,0,-0.198832874617629,1,1,1,"",0
"GO:0036297","interstrand cross-link repair","0/17","5/3464",0,0,-0.15712300842042,1,1,1,"",0
"GO:0036314","response to sterol","0/17","6/3464",0,0,-0.17214451739573,1,1,1,"",0
"GO:0036344","platelet morphogenesis","0/17","7/3464",0,0,-0.185964220911726,1,1,1,"",0
"GO:0036465","synaptic vesicle recycling","0/17","41/3464",0,0,-0.452291622376296,1,1,1,"",0
"GO:0036466","synaptic vesicle recycling via endosome","0/17","5/3464",0,0,-0.15712300842042,1,1,1,"",0
"GO:0036480","neuron intrinsic apoptotic signaling pathway in response to oxidative stress","0/17","8/3464",0,0,-0.198832874617629,1,1,1,"",0
"GO:0036481","intrinsic apoptotic signaling pathway in response to hydrogen peroxide","0/17","5/3464",0,0,-0.15712300842042,1,1,1,"",0
"GO:0036498","IRE1-mediated unfolded protein response","0/17","7/3464",0,0,-0.185964220911726,1,1,1,"",0
"GO:0036499","PERK-mediated unfolded protein response","0/17","12/3464",0,0,-0.243660591563121,1,1,1,"",0
"GO:0036500","ATF6-mediated unfolded protein response","0/17","5/3464",0,0,-0.15712300842042,1,1,1,"",0
"GO:0036503","ERAD pathway","0/17","43/3464",0,0,-0.463327156147038,1,1,1,"",0
"GO:0036507","protein demannosylation","0/17","5/3464",0,0,-0.15712300842042,1,1,1,"",0
"GO:0036508","protein alpha-1,2-demannosylation","0/17","5/3464",0,0,-0.15712300842042,1,1,1,"",0
"GO:0038034","signal transduction in absence of ligand","0/17","9/3464",0,0,-0.210924628871157,1,1,1,"",0
"GO:0038061","non-canonical NF-kappaB signal transduction","0/17","22/3464",0,0,-0.330396906346997,1,1,1,"",0
"GO:0038066","p38MAPK cascade","0/17","9/3464",0,0,-0.210924628871157,1,1,1,"",0
"GO:0038093","Fc receptor signaling pathway","0/17","11/3464",0,0,-0.233253472635466,1,1,1,"",0
"GO:0038094","Fc-gamma receptor signaling pathway","0/17","6/3464",0,0,-0.17214451739573,1,1,1,"",0
"GO:0038095","Fc-epsilon receptor signaling pathway","0/17","5/3464",0,0,-0.15712300842042,1,1,1,"",0
"GO:0038096","Fc-gamma receptor signaling pathway involved in phagocytosis","0/17","6/3464",0,0,-0.17214451739573,1,1,1,"",0
"GO:0038127","ERBB signaling pathway","0/17","47/3464",0,0,-0.484681568129949,1,1,1,"",0
"GO:0038128","ERBB2 signaling pathway","0/17","7/3464",0,0,-0.185964220911726,1,1,1,"",0
"GO:0038129","ERBB3 signaling pathway","0/17","6/3464",0,0,-0.17214451739573,1,1,1,"",0
"GO:0038133","ERBB2-ERBB3 signaling pathway","0/17","5/3464",0,0,-0.15712300842042,1,1,1,"",0
"GO:0038166","angiotensin-activated signaling pathway","0/17","5/3464",0,0,-0.15712300842042,1,1,1,"",0
"GO:0038179","neurotrophin signaling pathway","0/17","16/3464",0,0,-0.281518167921038,1,1,1,"",0
"GO:0038180","nerve growth factor signaling pathway","0/17","6/3464",0,0,-0.17214451739573,1,1,1,"",0
"GO:0038203","TORC2 signaling","0/17","12/3464",0,0,-0.243660591563121,1,1,1,"",0
"GO:0039529","RIG-I signaling pathway","0/17","6/3464",0,0,-0.17214451739573,1,1,1,"",0
"GO:0039531","regulation of cytoplasmic pattern recognition receptor signaling pathway","0/17","36/3464",0,0,-0.423507307653009,1,1,1,"",0
"GO:0039532","negative regulation of cytoplasmic pattern recognition receptor signaling pathway","0/17","19/3464",0,0,-0.306910857143731,1,1,1,"",0
"GO:0039535","regulation of RIG-I signaling pathway","0/17","6/3464",0,0,-0.17214451739573,1,1,1,"",0
"GO:0039694","viral RNA genome replication","0/17","7/3464",0,0,-0.185964220911726,1,1,1,"",0
"GO:0039702","viral budding via host ESCRT complex","0/17","8/3464",0,0,-0.198832874617629,1,1,1,"",0
"GO:0040001","establishment of mitotic spindle localization","0/17","11/3464",0,0,-0.233253472635466,1,1,1,"",0
"GO:0040013","negative regulation of locomotion","0/17","80/3464",0,0,-0.635418538123558,1,1,1,"",0
"GO:0040014","regulation of multicellular organism growth","0/17","5/3464",0,0,-0.15712300842042,1,1,1,"",0
"GO:0040029","epigenetic regulation of gene expression","0/17","101/3464",0,0,-0.716188458486441,1,1,1,"",0
"GO:0042026","protein refolding","0/17","11/3464",0,0,-0.233253472635466,1,1,1,"",0
"GO:0042058","regulation of epidermal growth factor receptor signaling pathway","0/17","21/3464",0,0,-0.322753678537855,1,1,1,"",0
"GO:0042059","negative regulation of epidermal growth factor receptor signaling pathway","0/17","10/3464",0,0,-0.222366263304878,1,1,1,"",0
"GO:0042060","wound healing","0/17","65/3464",0,0,-0.571493323100444,1,1,1,"",0
"GO:0042073","intraciliary transport","0/17","17/3464",0,0,-0.29022437442028,1,1,1,"",0
"GO:0042088","T-helper 1 type immune response","0/17","9/3464",0,0,-0.210924628871157,1,1,1,"",0
"GO:0042093","T-helper cell differentiation","0/17","21/3464",0,0,-0.322753678537855,1,1,1,"",0
"GO:0042100","B cell proliferation","0/17","7/3464",0,0,-0.185964220911726,1,1,1,"",0
"GO:0042113","B cell activation","0/17","36/3464",0,0,-0.423507307653009,1,1,1,"",0
"GO:0042116","macrophage activation","0/17","12/3464",0,0,-0.243660591563121,1,1,1,"",0
"GO:0042130","negative regulation of T cell proliferation","0/17","7/3464",0,0,-0.185964220911726,1,1,1,"",0
"GO:0042147","retrograde transport, endosome to Golgi","0/17","45/3464",0,0,-0.47411835755977,1,1,1,"",0
"GO:0042176","regulation of protein catabolic process","0/17","146/3464",0,0,-0.866898600440841,1,1,1,"",0
"GO:0042177","negative regulation of protein catabolic process","0/17","46/3464",0,0,-0.479427510851292,1,1,1,"",0
"GO:0042180","ketone metabolic process","0/17","34/3464",0,0,-0.411455112762703,1,1,1,"",0
"GO:0042181","ketone biosynthetic process","0/17","9/3464",0,0,-0.210924628871157,1,1,1,"",0
"GO:0042220","response to cocaine","0/17","12/3464",0,0,-0.243660591563121,1,1,1,"",0
"GO:0042246","tissue regeneration","0/17","11/3464",0,0,-0.233253472635466,1,1,1,"",0
"GO:0042254","ribosome biogenesis","0/17","92/3464",0,0,-0.682621865696522,1,1,1,"",0
"GO:0042255","ribosome assembly","0/17","22/3464",0,0,-0.330396906346997,1,1,1,"",0
"GO:0042267","natural killer cell mediated cytotoxicity","0/17","12/3464",0,0,-0.243660591563121,1,1,1,"",0
"GO:0042269","regulation of natural killer cell mediated cytotoxicity","0/17","5/3464",0,0,-0.15712300842042,1,1,1,"",0
"GO:0042273","ribosomal large subunit biogenesis","0/17","25/3464",0,0,-0.352357874193654,1,1,1,"",0
"GO:0042274","ribosomal small subunit biogenesis","0/17","31/3464",0,0,-0.39271185338966,1,1,1,"",0
"GO:0042303","molting cycle","0/17","9/3464",0,0,-0.210924628871157,1,1,1,"",0
"GO:0042304","regulation of fatty acid biosynthetic process","0/17","5/3464",0,0,-0.15712300842042,1,1,1,"",0
"GO:0042306","regulation of protein import into nucleus","0/17","19/3464",0,0,-0.306910857143731,1,1,1,"",0
"GO:0042307","positive regulation of protein import into nucleus","0/17","14/3464",0,0,-0.263259792748828,1,1,1,"",0
"GO:0042308","negative regulation of protein import into nucleus","0/17","5/3464",0,0,-0.15712300842042,1,1,1,"",0
"GO:0042310","vasoconstriction","0/17","12/3464",0,0,-0.243660591563121,1,1,1,"",0
"GO:0042311","vasodilation","0/17","6/3464",0,0,-0.17214451739573,1,1,1,"",0
"GO:0042327","positive regulation of phosphorylation","0/17","56/3464",0,0,-0.529754049529149,1,1,1,"",0
"GO:0042330","taxis","0/17","65/3464",0,0,-0.571493323100444,1,1,1,"",0
"GO:0042398","modified amino acid biosynthetic process","0/17","12/3464",0,0,-0.243660591563121,1,1,1,"",0
"GO:0042401","biogenic amine biosynthetic process","0/17","7/3464",0,0,-0.185964220911726,1,1,1,"",0
"GO:0042407","cristae formation","0/17","11/3464",0,0,-0.233253472635466,1,1,1,"",0
"GO:0042417","dopamine metabolic process","0/17","6/3464",0,0,-0.17214451739573,1,1,1,"",0
"GO:0042445","hormone metabolic process","0/17","23/3464",0,0,-0.337871567350104,1,1,1,"",0
"GO:0042446","hormone biosynthetic process","0/17","8/3464",0,0,-0.198832874617629,1,1,1,"",0
"GO:0042475","odontogenesis of dentin-containing tooth","0/17","5/3464",0,0,-0.15712300842042,1,1,1,"",0
"GO:0042476","odontogenesis","0/17","7/3464",0,0,-0.185964220911726,1,1,1,"",0
"GO:0042490","mechanoreceptor differentiation","0/17","5/3464",0,0,-0.15712300842042,1,1,1,"",0
"GO:0042542","response to hydrogen peroxide","0/17","23/3464",0,0,-0.337871567350104,1,1,1,"",0
"GO:0042552","myelination","0/17","34/3464",0,0,-0.411455112762703,1,1,1,"",0
"GO:0042554","superoxide anion generation","0/17","6/3464",0,0,-0.17214451739573,1,1,1,"",0
"GO:0042558","pteridine-containing compound metabolic process","0/17","7/3464",0,0,-0.185964220911726,1,1,1,"",0
"GO:0042559","pteridine-containing compound biosynthetic process","0/17","5/3464",0,0,-0.15712300842042,1,1,1,"",0
"GO:0042593","glucose homeostasis","0/17","43/3464",0,0,-0.463327156147038,1,1,1,"",0
"GO:0042633","hair cycle","0/17","9/3464",0,0,-0.210924628871157,1,1,1,"",0
"GO:0042659","regulation of cell fate specification","0/17","6/3464",0,0,-0.17214451739573,1,1,1,"",0
"GO:0042692","muscle cell differentiation","0/17","91/3464",0,0,-0.678801182688221,1,1,1,"",0
"GO:0042698","ovulation cycle","0/17","7/3464",0,0,-0.185964220911726,1,1,1,"",0
"GO:0042742","defense response to bacterium","0/17","20/3464",0,0,-0.314929606982663,1,1,1,"",0
"GO:0042743","hydrogen peroxide metabolic process","0/17","12/3464",0,0,-0.243660591563121,1,1,1,"",0
"GO:0042744","hydrogen peroxide catabolic process","0/17","5/3464",0,0,-0.15712300842042,1,1,1,"",0
"GO:0042752","regulation of circadian rhythm","0/17","35/3464",0,0,-0.41752294232855,1,1,1,"",0
"GO:0042753","positive regulation of circadian rhythm","0/17","5/3464",0,0,-0.15712300842042,1,1,1,"",0
"GO:0042762","regulation of sulfur metabolic process","0/17","7/3464",0,0,-0.185964220911726,1,1,1,"",0
"GO:0042770","signal transduction in response to DNA damage","0/17","43/3464",0,0,-0.463327156147038,1,1,1,"",0
"GO:0042771","intrinsic apoptotic signaling pathway in response to DNA damage by p53 class mediator","0/17","7/3464",0,0,-0.185964220911726,1,1,1,"",0
"GO:0042773","ATP synthesis coupled electron transport","0/17","30/3464",0,0,-0.386269614985065,1,1,1,"",0
"GO:0042775","mitochondrial ATP synthesis coupled electron transport","0/17","30/3464",0,0,-0.386269614985065,1,1,1,"",0
"GO:0042776","proton motive force-driven mitochondrial ATP synthesis","0/17","14/3464",0,0,-0.263259792748828,1,1,1,"",0
"GO:0042789","mRNA transcription by RNA polymerase II","0/17","12/3464",0,0,-0.243660591563121,1,1,1,"",0
"GO:0042790","nucleolar large rRNA transcription by RNA polymerase I","0/17","8/3464",0,0,-0.198832874617629,1,1,1,"",0
"GO:0042797","tRNA transcription by RNA polymerase III","0/17","5/3464",0,0,-0.15712300842042,1,1,1,"",0
"GO:0042921","nuclear receptor-mediated glucocorticoid signaling pathway","0/17","8/3464",0,0,-0.198832874617629,1,1,1,"",0
"GO:0042982","amyloid precursor protein metabolic process","0/17","30/3464",0,0,-0.386269614985065,1,1,1,"",0
"GO:0042983","amyloid precursor protein biosynthetic process","0/17","6/3464",0,0,-0.17214451739573,1,1,1,"",0
"GO:0042984","regulation of amyloid precursor protein biosynthetic process","0/17","6/3464",0,0,-0.17214451739573,1,1,1,"",0
"GO:0042987","amyloid precursor protein catabolic process","0/17","26/3464",0,0,-0.359388190900476,1,1,1,"",0
"GO:0042996","regulation of Golgi to plasma membrane protein transport","0/17","5/3464",0,0,-0.15712300842042,1,1,1,"",0
"GO:0043001","Golgi to plasma membrane protein transport","0/17","18/3464",0,0,-0.29868174554767,1,1,1,"",0
"GO:0043009","chordate embryonic development","0/17","42/3464",0,0,-0.457841027287798,1,1,1,"",0
"GO:0043010","camera-type eye development","0/17","38/3464",0,0,-0.435239380780737,1,1,1,"",0
"GO:0043029","T cell homeostasis","0/17","9/3464",0,0,-0.210924628871157,1,1,1,"",0
"GO:0043030","regulation of macrophage activation","0/17","5/3464",0,0,-0.15712300842042,1,1,1,"",0
"GO:0043038","amino acid activation","0/17","7/3464",0,0,-0.185964220911726,1,1,1,"",0
"GO:0043039","tRNA aminoacylation","0/17","7/3464",0,0,-0.185964220911726,1,1,1,"",0
"GO:0043043","peptide biosynthetic process","0/17","6/3464",0,0,-0.17214451739573,1,1,1,"",0
"GO:0043065","positive regulation of apoptotic process","0/17","99/3464",0,0,-0.708851279771183,1,1,1,"",0
"GO:0043068","positive regulation of programmed cell death","0/17","103/3464",0,0,-0.723459828151067,1,1,1,"",0
"GO:0043085","positive regulation of catalytic activity","0/17","66/3464",0,0,-0.575957377090023,1,1,1,"",0
"GO:0043087","regulation of GTPase activity","0/17","30/3464",0,0,-0.386269614985065,1,1,1,"",0
"GO:0043094","metabolic compound salvage","0/17","11/3464",0,0,-0.233253472635466,1,1,1,"",0
"GO:0043101","purine-containing compound salvage","0/17","7/3464",0,0,-0.185964220911726,1,1,1,"",0
"GO:0043112","receptor metabolic process","0/17","24/3464",0,0,-0.3451886157451,1,1,1,"",0
"GO:0043113","receptor clustering","0/17","17/3464",0,0,-0.29022437442028,1,1,1,"",0
"GO:0043114","regulation of vascular permeability","0/17","7/3464",0,0,-0.185964220911726,1,1,1,"",0
"GO:0043122","regulation of canonical NF-kappaB signal transduction","0/17","82/3464",0,0,-0.643502427170558,1,1,1,"",0
"GO:0043123","positive regulation of canonical NF-kappaB signal transduction","0/17","54/3464",0,0,-0.520055573560295,1,1,1,"",0
"GO:0043124","negative regulation of canonical NF-kappaB signal transduction","0/17","25/3464",0,0,-0.352357874193654,1,1,1,"",0
"GO:0043149","stress fiber assembly","0/17","29/3464",0,0,-0.379721941742842,1,1,1,"",0
"GO:0043153","entrainment of circadian clock by photoperiod","0/17","5/3464",0,0,-0.15712300842042,1,1,1,"",0
"GO:0043161","proteasome-mediated ubiquitin-dependent protein catabolic process","0/17","195/3464",0,0,-1.00934563716507,1,1,1,"",0
"GO:0043162","ubiquitin-dependent protein catabolic process via the multivesicular body sorting pathway","0/17","14/3464",0,0,-0.263259792748828,1,1,1,"",0
"GO:0043173","nucleotide salvage","0/17","9/3464",0,0,-0.210924628871157,1,1,1,"",0
"GO:0043201","response to L-leucine","0/17","8/3464",0,0,-0.198832874617629,1,1,1,"",0
"GO:0043242","negative regulation of protein-containing complex disassembly","0/17","25/3464",0,0,-0.352357874193654,1,1,1,"",0
"GO:0043243","positive regulation of protein-containing complex disassembly","0/17","14/3464",0,0,-0.263259792748828,1,1,1,"",0
"GO:0043244","regulation of protein-containing complex disassembly","0/17","46/3464",0,0,-0.479427510851292,1,1,1,"",0
"GO:0043247","telomere maintenance in response to DNA damage","0/17","8/3464",0,0,-0.198832874617629,1,1,1,"",0
"GO:0043248","proteasome assembly","0/17","7/3464",0,0,-0.185964220911726,1,1,1,"",0
"GO:0043255","regulation of carbohydrate biosynthetic process","0/17","25/3464",0,0,-0.352357874193654,1,1,1,"",0
"GO:0043266","regulation of potassium ion transport","0/17","21/3464",0,0,-0.322753678537855,1,1,1,"",0
"GO:0043267","negative regulation of potassium ion transport","0/17","6/3464",0,0,-0.17214451739573,1,1,1,"",0
"GO:0043268","positive regulation of potassium ion transport","0/17","10/3464",0,0,-0.222366263304878,1,1,1,"",0
"GO:0043269","regulation of monoatomic ion transport","0/17","74/3464",0,0,-0.610584922070728,1,1,1,"",0
"GO:0043270","positive regulation of monoatomic ion transport","0/17","27/3464",0,0,-0.366287569727191,1,1,1,"",0
"GO:0043271","negative regulation of monoatomic ion transport","0/17","22/3464",0,0,-0.330396906346997,1,1,1,"",0
"GO:0043276","anoikis","0/17","8/3464",0,0,-0.198832874617629,1,1,1,"",0
"GO:0043277","apoptotic cell clearance","0/17","7/3464",0,0,-0.185964220911726,1,1,1,"",0
"GO:0043279","response to alkaloid","0/17","16/3464",0,0,-0.281518167921038,1,1,1,"",0
"GO:0043297","apical junction assembly","0/17","15/3464",0,0,-0.272539275511706,1,1,1,"",0
"GO:0043299","leukocyte degranulation","0/17","11/3464",0,0,-0.233253472635466,1,1,1,"",0
"GO:0043300","regulation of leukocyte degranulation","0/17","5/3464",0,0,-0.15712300842042,1,1,1,"",0
"GO:0043303","mast cell degranulation","0/17","8/3464",0,0,-0.198832874617629,1,1,1,"",0
"GO:0043328","protein transport to vacuole involved in ubiquitin-dependent protein catabolic process via the multivesicular body sorting pathway","0/17","9/3464",0,0,-0.210924628871157,1,1,1,"",0
"GO:0043335","protein unfolding","0/17","6/3464",0,0,-0.17214451739573,1,1,1,"",0
"GO:0043367","CD4-positive, alpha-beta T cell differentiation","0/17","25/3464",0,0,-0.352357874193654,1,1,1,"",0
"GO:0043368","positive T cell selection","0/17","10/3464",0,0,-0.222366263304878,1,1,1,"",0
"GO:0043369","CD4-positive or CD8-positive, alpha-beta T cell lineage commitment","0/17","8/3464",0,0,-0.198832874617629,1,1,1,"",0
"GO:0043370","regulation of CD4-positive, alpha-beta T cell differentiation","0/17","12/3464",0,0,-0.243660591563121,1,1,1,"",0
"GO:0043371","negative regulation of CD4-positive, alpha-beta T cell differentiation","0/17","5/3464",0,0,-0.15712300842042,1,1,1,"",0
"GO:0043372","positive regulation of CD4-positive, alpha-beta T cell differentiation","0/17","6/3464",0,0,-0.17214451739573,1,1,1,"",0
"GO:0043373","CD4-positive, alpha-beta T cell lineage commitment","0/17","8/3464",0,0,-0.198832874617629,1,1,1,"",0
"GO:0043374","CD8-positive, alpha-beta T cell differentiation","0/17","7/3464",0,0,-0.185964220911726,1,1,1,"",0
"GO:0043393","regulation of protein binding","0/17","9/3464",0,0,-0.210924628871157,1,1,1,"",0
"GO:0043401","steroid hormone receptor signaling pathway","0/17","40/3464",0,0,-0.446676580142383,1,1,1,"",0
"GO:0043403","skeletal muscle tissue regeneration","0/17","7/3464",0,0,-0.185964220911726,1,1,1,"",0
"GO:0043405","regulation of MAP kinase activity","0/17","16/3464",0,0,-0.281518167921038,1,1,1,"",0
"GO:0043406","positive regulation of MAP kinase activity","0/17","6/3464",0,0,-0.17214451739573,1,1,1,"",0
"GO:0043407","negative regulation of MAP kinase activity","0/17","8/3464",0,0,-0.198832874617629,1,1,1,"",0
"GO:0043409","negative regulation of MAPK cascade","0/17","41/3464",0,0,-0.452291622376296,1,1,1,"",0
"GO:0043410","positive regulation of MAPK cascade","0/17","67/3464",0,0,-0.580389694833055,1,1,1,"",0
"GO:0043414","macromolecule methylation","0/17","29/3464",0,0,-0.379721941742842,1,1,1,"",0
"GO:0043436","oxoacid metabolic process","0/17","184/3464",0,0,-0.978818241576086,1,1,1,"",0
"GO:0043457","regulation of cellular respiration","0/17","7/3464",0,0,-0.185964220911726,1,1,1,"",0
"GO:0043462","regulation of ATP-dependent activity","0/17","10/3464",0,0,-0.222366263304878,1,1,1,"",0
"GO:0043467","regulation of generation of precursor metabolites and energy","0/17","36/3464",0,0,-0.423507307653009,1,1,1,"",0
"GO:0043470","regulation of carbohydrate catabolic process","0/17","20/3464",0,0,-0.314929606982663,1,1,1,"",0
"GO:0043473","pigmentation","0/17","28/3464",0,0,-0.373063278791047,1,1,1,"",0
"GO:0043476","pigment accumulation","0/17","6/3464",0,0,-0.17214451739573,1,1,1,"",0
"GO:0043482","cellular pigment accumulation","0/17","6/3464",0,0,-0.17214451739573,1,1,1,"",0
"GO:0043485","endosome to pigment granule transport","0/17","5/3464",0,0,-0.15712300842042,1,1,1,"",0
"GO:0043487","regulation of RNA stability","0/17","71/3464",0,0,-0.597815690203231,1,1,1,"",0
"GO:0043488","regulation of mRNA stability","0/17","69/3464",0,0,-0.589161990559319,1,1,1,"",0
"GO:0043489","RNA stabilization","0/17","26/3464",0,0,-0.359388190900476,1,1,1,"",0
"GO:0043490","malate-aspartate shuttle","0/17","6/3464",0,0,-0.17214451739573,1,1,1,"",0
"GO:0043491","phosphatidylinositol 3-kinase/protein kinase B signal transduction","0/17","56/3464",0,0,-0.529754049529149,1,1,1,"",0
"GO:0043500","muscle adaptation","0/17","18/3464",0,0,-0.29868174554767,1,1,1,"",0
"GO:0043502","regulation of muscle adaptation","0/17","16/3464",0,0,-0.281518167921038,1,1,1,"",0
"GO:0043506","regulation of JUN kinase activity","0/17","7/3464",0,0,-0.185964220911726,1,1,1,"",0
"GO:0043516","regulation of DNA damage response, signal transduction by p53 class mediator","0/17","8/3464",0,0,-0.198832874617629,1,1,1,"",0
"GO:0043525","positive regulation of neuron apoptotic process","0/17","15/3464",0,0,-0.272539275511706,1,1,1,"",0
"GO:0043534","blood vessel endothelial cell migration","0/17","33/3464",0,0,-0.405300067126917,1,1,1,"",0
"GO:0043535","regulation of blood vessel endothelial cell migration","0/17","29/3464",0,0,-0.379721941742842,1,1,1,"",0
"GO:0043536","positive regulation of blood vessel endothelial cell migration","0/17","18/3464",0,0,-0.29868174554767,1,1,1,"",0
"GO:0043537","negative regulation of blood vessel endothelial cell migration","0/17","11/3464",0,0,-0.233253472635466,1,1,1,"",0
"GO:0043542","endothelial cell migration","0/17","54/3464",0,0,-0.520055573560295,1,1,1,"",0
"GO:0043547","positive regulation of GTPase activity","0/17","20/3464",0,0,-0.314929606982663,1,1,1,"",0
"GO:0043562","cellular response to nitrogen levels","0/17","7/3464",0,0,-0.185964220911726,1,1,1,"",0
"GO:0043574","peroxisomal transport","0/17","9/3464",0,0,-0.210924628871157,1,1,1,"",0
"GO:0043583","ear development","0/17","16/3464",0,0,-0.281518167921038,1,1,1,"",0
"GO:0043588","skin development","0/17","23/3464",0,0,-0.337871567350104,1,1,1,"",0
"GO:0043616","keratinocyte proliferation","0/17","7/3464",0,0,-0.185964220911726,1,1,1,"",0
"GO:0043622","cortical microtubule organization","0/17","6/3464",0,0,-0.17214451739573,1,1,1,"",0
"GO:0043632","modification-dependent macromolecule catabolic process","0/17","277/3464",0,0,-1.2183692166077,1,1,1,"",0
"GO:0043647","inositol phosphate metabolic process","0/17","9/3464",0,0,-0.210924628871157,1,1,1,"",0
"GO:0043648","dicarboxylic acid metabolic process","0/17","19/3464",0,0,-0.306910857143731,1,1,1,"",0
"GO:0043649","dicarboxylic acid catabolic process","0/17","5/3464",0,0,-0.15712300842042,1,1,1,"",0
"GO:0043903","regulation of biological process involved in symbiotic interaction","0/17","7/3464",0,0,-0.185964220911726,1,1,1,"",0
"GO:0043921","host-mediated perturbation of viral transcription","0/17","7/3464",0,0,-0.185964220911726,1,1,1,"",0
"GO:0043923","host-mediated activation of viral transcription","0/17","6/3464",0,0,-0.17214451739573,1,1,1,"",0
"GO:0043954","cellular component maintenance","0/17","18/3464",0,0,-0.29868174554767,1,1,1,"",0
"GO:0044042","glucan metabolic process","0/17","22/3464",0,0,-0.330396906346997,1,1,1,"",0
"GO:0044088","regulation of vacuole organization","0/17","29/3464",0,0,-0.379721941742842,1,1,1,"",0
"GO:0044090","positive regulation of vacuole organization","0/17","12/3464",0,0,-0.243660591563121,1,1,1,"",0
"GO:0044091","membrane biogenesis","0/17","28/3464",0,0,-0.373063278791047,1,1,1,"",0
"GO:0044093","positive regulation of molecular function","0/17","80/3464",0,0,-0.635418538123558,1,1,1,"",0
"GO:0044272","sulfur compound biosynthetic process","0/17","35/3464",0,0,-0.41752294232855,1,1,1,"",0
"GO:0044273","sulfur compound catabolic process","0/17","5/3464",0,0,-0.15712300842042,1,1,1,"",0
"GO:0044281","small molecule metabolic process","0/17","352/3464",0,0,-1.38989375104063,1,1,1,"",0
"GO:0044282","small molecule catabolic process","0/17","75/3464",0,0,-0.614787334791332,1,1,1,"",0
"GO:0044283","small molecule biosynthetic process","0/17","124/3464",0,0,-0.796283421610118,1,1,1,"",0
"GO:0044319","wound healing, spreading of cells","0/17","11/3464",0,0,-0.233253472635466,1,1,1,"",0
"GO:0044320","cellular response to leptin stimulus","0/17","7/3464",0,0,-0.185964220911726,1,1,1,"",0
"GO:0044321","response to leptin","0/17","7/3464",0,0,-0.185964220911726,1,1,1,"",0
"GO:0044331","cell-cell adhesion mediated by cadherin","0/17","9/3464",0,0,-0.210924628871157,1,1,1,"",0
"GO:0044344","cellular response to fibroblast growth factor stimulus","0/17","14/3464",0,0,-0.263259792748828,1,1,1,"",0
"GO:0044380","protein localization to cytoskeleton","0/17","24/3464",0,0,-0.3451886157451,1,1,1,"",0
"GO:0044403","biological process involved in symbiotic interaction","0/17","53/3464",0,0,-0.515142213632887,1,1,1,"",0
"GO:0044409","symbiont entry into host","0/17","36/3464",0,0,-0.423507307653009,1,1,1,"",0
"GO:0044458","motile cilium assembly","0/17","12/3464",0,0,-0.243660591563121,1,1,1,"",0
"GO:0044539","long-chain fatty acid import into cell","0/17","6/3464",0,0,-0.17214451739573,1,1,1,"",0
"GO:0044546","NLRP3 inflammasome complex assembly","0/17","8/3464",0,0,-0.198832874617629,1,1,1,"",0
"GO:0044703","multi-organism reproductive process","0/17","17/3464",0,0,-0.29022437442028,1,1,1,"",0
"GO:0044706","multi-multicellular organism process","0/17","17/3464",0,0,-0.29022437442028,1,1,1,"",0
"GO:0044743","protein transmembrane import into intracellular organelle","0/17","5/3464",0,0,-0.15712300842042,1,1,1,"",0
"GO:0044773","mitotic DNA damage checkpoint signaling","0/17","11/3464",0,0,-0.233253472635466,1,1,1,"",0
"GO:0044774","mitotic DNA integrity checkpoint signaling","0/17","12/3464",0,0,-0.243660591563121,1,1,1,"",0
"GO:0044782","cilium organization","0/17","105/3464",0,0,-0.730667368710419,1,1,1,"",0
"GO:0044784","metaphase/anaphase transition of cell cycle","0/17","34/3464",0,0,-0.411455112762703,1,1,1,"",0
"GO:0044788","host-mediated perturbation of viral process","0/17","25/3464",0,0,-0.352357874193654,1,1,1,"",0
"GO:0044794","host-mediated activation of viral process","0/17","15/3464",0,0,-0.272539275511706,1,1,1,"",0
"GO:0044804","nucleophagy","0/17","12/3464",0,0,-0.243660591563121,1,1,1,"",0
"GO:0044818","mitotic G2/M transition checkpoint","0/17","13/3464",0,0,-0.253646726191546,1,1,1,"",0
"GO:0044827","host-mediated perturbation of viral genome replication","0/17","6/3464",0,0,-0.17214451739573,1,1,1,"",0
"GO:0044829","host-mediated activation of viral genome replication","0/17","6/3464",0,0,-0.17214451739573,1,1,1,"",0
"GO:0044843","cell cycle G1/S phase transition","0/17","69/3464",0,0,-0.589161990559319,1,1,1,"",0
"GO:0045005","DNA-templated DNA replication maintenance of fidelity","0/17","15/3464",0,0,-0.272539275511706,1,1,1,"",0
"GO:0045010","actin nucleation","0/17","20/3464",0,0,-0.314929606982663,1,1,1,"",0
"GO:0045017","glycerolipid biosynthetic process","0/17","73/3464",0,0,-0.606355889119054,1,1,1,"",0
"GO:0045022","early endosome to late endosome transport","0/17","18/3464",0,0,-0.29868174554767,1,1,1,"",0
"GO:0045023","G0 to G1 transition","0/17","13/3464",0,0,-0.253646726191546,1,1,1,"",0
"GO:0045040","protein insertion into mitochondrial outer membrane","0/17","5/3464",0,0,-0.15712300842042,1,1,1,"",0
"GO:0045047","protein targeting to ER","0/17","17/3464",0,0,-0.29022437442028,1,1,1,"",0
"GO:0045048","protein insertion into ER membrane","0/17","7/3464",0,0,-0.185964220911726,1,1,1,"",0
"GO:0045055","regulated exocytosis","0/17","50/3464",0,0,-0.500130463301569,1,1,1,"",0
"GO:0045056","transcytosis","0/17","9/3464",0,0,-0.210924628871157,1,1,1,"",0
"GO:0045058","T cell selection","0/17","16/3464",0,0,-0.281518167921038,1,1,1,"",0
"GO:0045061","thymic T cell selection","0/17","8/3464",0,0,-0.198832874617629,1,1,1,"",0
"GO:0045063","T-helper 1 cell differentiation","0/17","8/3464",0,0,-0.198832874617629,1,1,1,"",0
"GO:0045066","regulatory T cell differentiation","0/17","10/3464",0,0,-0.222366263304878,1,1,1,"",0
"GO:0045069","regulation of viral genome replication","0/17","18/3464",0,0,-0.29868174554767,1,1,1,"",0
"GO:0045070","positive regulation of viral genome replication","0/17","14/3464",0,0,-0.263259792748828,1,1,1,"",0
"GO:0045071","negative regulation of viral genome replication","0/17","5/3464",0,0,-0.15712300842042,1,1,1,"",0
"GO:0045087","innate immune response","0/17","180/3464",0,0,-0.967530675275052,1,1,1,"",0
"GO:0045088","regulation of innate immune response","0/17","94/3464",0,0,-0.690206493950434,1,1,1,"",0
"GO:0045089","positive regulation of innate immune response","0/17","77/3464",0,0,-0.623114459153914,1,1,1,"",0
"GO:0045103","intermediate filament-based process","0/17","11/3464",0,0,-0.233253472635466,1,1,1,"",0
"GO:0045104","intermediate filament cytoskeleton organization","0/17","11/3464",0,0,-0.233253472635466,1,1,1,"",0
"GO:0045109","intermediate filament organization","0/17","6/3464",0,0,-0.17214451739573,1,1,1,"",0
"GO:0045116","protein neddylation","0/17","12/3464",0,0,-0.243660591563121,1,1,1,"",0
"GO:0045124","regulation of bone resorption","0/17","5/3464",0,0,-0.15712300842042,1,1,1,"",0
"GO:0045132","meiotic chromosome segregation","0/17","6/3464",0,0,-0.17214451739573,1,1,1,"",0
"GO:0045137","development of primary sexual characteristics","0/17","20/3464",0,0,-0.314929606982663,1,1,1,"",0
"GO:0045165","cell fate commitment","0/17","33/3464",0,0,-0.405300067126917,1,1,1,"",0
"GO:0045190","isotype switching","0/17","8/3464",0,0,-0.198832874617629,1,1,1,"",0
"GO:0045191","regulation of isotype switching","0/17","5/3464",0,0,-0.15712300842042,1,1,1,"",0
"GO:0045197","establishment or maintenance of epithelial cell apical/basal polarity","0/17","7/3464",0,0,-0.185964220911726,1,1,1,"",0
"GO:0045292","mRNA cis splicing, via spliceosome","0/17","12/3464",0,0,-0.243660591563121,1,1,1,"",0
"GO:0045324","late endosome to vacuole transport","0/17","17/3464",0,0,-0.29022437442028,1,1,1,"",0
"GO:0045332","phospholipid translocation","0/17","14/3464",0,0,-0.263259792748828,1,1,1,"",0
"GO:0045333","cellular respiration","0/17","91/3464",0,0,-0.678801182688221,1,1,1,"",0
"GO:0045338","farnesyl diphosphate metabolic process","0/17","5/3464",0,0,-0.15712300842042,1,1,1,"",0
"GO:0045428","regulation of nitric oxide biosynthetic process","0/17","13/3464",0,0,-0.253646726191546,1,1,1,"",0
"GO:0045429","positive regulation of nitric oxide biosynthetic process","0/17","9/3464",0,0,-0.210924628871157,1,1,1,"",0
"GO:0045444","fat cell differentiation","0/17","42/3464",0,0,-0.457841027287798,1,1,1,"",0
"GO:0045445","myoblast differentiation","0/17","25/3464",0,0,-0.352357874193654,1,1,1,"",0
"GO:0045446","endothelial cell differentiation","0/17","16/3464",0,0,-0.281518167921038,1,1,1,"",0
"GO:0045453","bone resorption","0/17","8/3464",0,0,-0.198832874617629,1,1,1,"",0
"GO:0045454","cell redox homeostasis","0/17","10/3464",0,0,-0.222366263304878,1,1,1,"",0
"GO:0045471","response to ethanol","0/17","25/3464",0,0,-0.352357874193654,1,1,1,"",0
"GO:0045472","response to ether","0/17","7/3464",0,0,-0.185964220911726,1,1,1,"",0
"GO:0045475","locomotor rhythm","0/17","6/3464",0,0,-0.17214451739573,1,1,1,"",0
"GO:0045494","photoreceptor cell maintenance","0/17","7/3464",0,0,-0.185964220911726,1,1,1,"",0
"GO:0045540","regulation of cholesterol biosynthetic process","0/17","10/3464",0,0,-0.222366263304878,1,1,1,"",0
"GO:0045542","positive regulation of cholesterol biosynthetic process","0/17","6/3464",0,0,-0.17214451739573,1,1,1,"",0
"GO:0045576","mast cell activation","0/17","10/3464",0,0,-0.222366263304878,1,1,1,"",0
"GO:0045580","regulation of T cell differentiation","0/17","41/3464",0,0,-0.452291622376296,1,1,1,"",0
"GO:0045581","negative regulation of T cell differentiation","0/17","12/3464",0,0,-0.243660591563121,1,1,1,"",0
"GO:0045582","positive regulation of T cell differentiation","0/17","23/3464",0,0,-0.337871567350104,1,1,1,"",0
"GO:0045589","regulation of regulatory T cell differentiation","0/17","8/3464",0,0,-0.198832874617629,1,1,1,"",0
"GO:0045590","negative regulation of regulatory T cell differentiation","0/17","5/3464",0,0,-0.15712300842042,1,1,1,"",0
"GO:0045598","regulation of fat cell differentiation","0/17","22/3464",0,0,-0.330396906346997,1,1,1,"",0
"GO:0045599","negative regulation of fat cell differentiation","0/17","10/3464",0,0,-0.222366263304878,1,1,1,"",0
"GO:0045600","positive regulation of fat cell differentiation","0/17","11/3464",0,0,-0.233253472635466,1,1,1,"",0
"GO:0045601","regulation of endothelial cell differentiation","0/17","5/3464",0,0,-0.15712300842042,1,1,1,"",0
"GO:0045604","regulation of epidermal cell differentiation","0/17","7/3464",0,0,-0.185964220911726,1,1,1,"",0
"GO:0045616","regulation of keratinocyte differentiation","0/17","6/3464",0,0,-0.17214451739573,1,1,1,"",0
"GO:0045619","regulation of lymphocyte differentiation","0/17","46/3464",0,0,-0.479427510851292,1,1,1,"",0
"GO:0045620","negative regulation of lymphocyte differentiation","0/17","13/3464",0,0,-0.253646726191546,1,1,1,"",0
"GO:0045621","positive regulation of lymphocyte differentiation","0/17","26/3464",0,0,-0.359388190900476,1,1,1,"",0
"GO:0045622","regulation of T-helper cell differentiation","0/17","8/3464",0,0,-0.198832874617629,1,1,1,"",0
"GO:0045624","positive regulation of T-helper cell differentiation","0/17","5/3464",0,0,-0.15712300842042,1,1,1,"",0
"GO:0045637","regulation of myeloid cell differentiation","0/17","34/3464",0,0,-0.411455112762703,1,1,1,"",0
"GO:0045638","negative regulation of myeloid cell differentiation","0/17","12/3464",0,0,-0.243660591563121,1,1,1,"",0
"GO:0045639","positive regulation of myeloid cell differentiation","0/17","17/3464",0,0,-0.29022437442028,1,1,1,"",0
"GO:0045646","regulation of erythrocyte differentiation","0/17","14/3464",0,0,-0.263259792748828,1,1,1,"",0
"GO:0045648","positive regulation of erythrocyte differentiation","0/17","10/3464",0,0,-0.222366263304878,1,1,1,"",0
"GO:0045661","regulation of myoblast differentiation","0/17","18/3464",0,0,-0.29868174554767,1,1,1,"",0
"GO:0045663","positive regulation of myoblast differentiation","0/17","12/3464",0,0,-0.243660591563121,1,1,1,"",0
"GO:0045665","negative regulation of neuron differentiation","0/17","7/3464",0,0,-0.185964220911726,1,1,1,"",0
"GO:0045666","positive regulation of neuron differentiation","0/17","17/3464",0,0,-0.29022437442028,1,1,1,"",0
"GO:0045667","regulation of osteoblast differentiation","0/17","15/3464",0,0,-0.272539275511706,1,1,1,"",0
"GO:0045669","positive regulation of osteoblast differentiation","0/17","8/3464",0,0,-0.198832874617629,1,1,1,"",0
"GO:0045670","regulation of osteoclast differentiation","0/17","7/3464",0,0,-0.185964220911726,1,1,1,"",0
"GO:0045682","regulation of epidermis development","0/17","8/3464",0,0,-0.198832874617629,1,1,1,"",0
"GO:0045685","regulation of glial cell differentiation","0/17","11/3464",0,0,-0.233253472635466,1,1,1,"",0
"GO:0045687","positive regulation of glial cell differentiation","0/17","7/3464",0,0,-0.185964220911726,1,1,1,"",0
"GO:0045722","positive regulation of gluconeogenesis","0/17","8/3464",0,0,-0.198832874617629,1,1,1,"",0
"GO:0045724","positive regulation of cilium assembly","0/17","5/3464",0,0,-0.15712300842042,1,1,1,"",0
"GO:0045725","positive regulation of glycogen biosynthetic process","0/17","6/3464",0,0,-0.17214451739573,1,1,1,"",0
"GO:0045727","positive regulation of translation","0/17","46/3464",0,0,-0.479427510851292,1,1,1,"",0
"GO:0045732","positive regulation of protein catabolic process","0/17","73/3464",0,0,-0.606355889119054,1,1,1,"",0
"GO:0045738","negative regulation of DNA repair","0/17","6/3464",0,0,-0.17214451739573,1,1,1,"",0
"GO:0045739","positive regulation of DNA repair","0/17","44/3464",0,0,-0.468752233411199,1,1,1,"",0
"GO:0045740","positive regulation of DNA replication","0/17","6/3464",0,0,-0.17214451739573,1,1,1,"",0
"GO:0045742","positive regulation of epidermal growth factor receptor signaling pathway","0/17","8/3464",0,0,-0.198832874617629,1,1,1,"",0
"GO:0045745","positive regulation of G protein-coupled receptor signaling pathway","0/17","8/3464",0,0,-0.198832874617629,1,1,1,"",0
"GO:0045746","negative regulation of Notch signaling pathway","0/17","7/3464",0,0,-0.185964220911726,1,1,1,"",0
"GO:0045747","positive regulation of Notch signaling pathway","0/17","11/3464",0,0,-0.233253472635466,1,1,1,"",0
"GO:0045761","regulation of adenylate cyclase activity","0/17","6/3464",0,0,-0.17214451739573,1,1,1,"",0
"GO:0045765","regulation of angiogenesis","0/17","49/3464",0,0,-0.495031404012546,1,1,1,"",0
"GO:0045766","positive regulation of angiogenesis","0/17","30/3464",0,0,-0.386269614985065,1,1,1,"",0
"GO:0045773","positive regulation of axon extension","0/17","17/3464",0,0,-0.29022437442028,1,1,1,"",0
"GO:0045778","positive regulation of ossification","0/17","13/3464",0,0,-0.253646726191546,1,1,1,"",0
"GO:0045786","negative regulation of cell cycle","0/17","82/3464",0,0,-0.643502427170558,1,1,1,"",0
"GO:0045806","negative regulation of endocytosis","0/17","15/3464",0,0,-0.272539275511706,1,1,1,"",0
"GO:0045807","positive regulation of endocytosis","0/17","43/3464",0,0,-0.463327156147038,1,1,1,"",0
"GO:0045814","negative regulation of gene expression, epigenetic","0/17","68/3464",0,0,-0.584791000225259,1,1,1,"",0
"GO:0045815","transcription initiation-coupled chromatin remodeling","0/17","21/3464",0,0,-0.322753678537855,1,1,1,"",0
"GO:0045821","positive regulation of glycolytic process","0/17","10/3464",0,0,-0.222366263304878,1,1,1,"",0
"GO:0045823","positive regulation of heart contraction","0/17","6/3464",0,0,-0.17214451739573,1,1,1,"",0
"GO:0045824","negative regulation of innate immune response","0/17","15/3464",0,0,-0.272539275511706,1,1,1,"",0
"GO:0045833","negative regulation of lipid metabolic process","0/17","17/3464",0,0,-0.29022437442028,1,1,1,"",0
"GO:0045834","positive regulation of lipid metabolic process","0/17","25/3464",0,0,-0.352357874193654,1,1,1,"",0
"GO:0045839","negative regulation of mitotic nuclear division","0/17","16/3464",0,0,-0.281518167921038,1,1,1,"",0
"GO:0045840","positive regulation of mitotic nuclear division","0/17","7/3464",0,0,-0.185964220911726,1,1,1,"",0
"GO:0045841","negative regulation of mitotic metaphase/anaphase transition","0/17","15/3464",0,0,-0.272539275511706,1,1,1,"",0
"GO:0045842","positive regulation of mitotic metaphase/anaphase transition","0/17","6/3464",0,0,-0.17214451739573,1,1,1,"",0
"GO:0045860","positive regulation of protein kinase activity","0/17","31/3464",0,0,-0.39271185338966,1,1,1,"",0
"GO:0045861","negative regulation of proteolysis","0/17","14/3464",0,0,-0.263259792748828,1,1,1,"",0
"GO:0045862","positive regulation of proteolysis","0/17","14/3464",0,0,-0.263259792748828,1,1,1,"",0
"GO:0045879","negative regulation of smoothened signaling pathway","0/17","8/3464",0,0,-0.198832874617629,1,1,1,"",0
"GO:0045880","positive regulation of smoothened signaling pathway","0/17","5/3464",0,0,-0.15712300842042,1,1,1,"",0
"GO:0045898","regulation of RNA polymerase II transcription preinitiation complex assembly","0/17","5/3464",0,0,-0.15712300842042,1,1,1,"",0
"GO:0045910","negative regulation of DNA recombination","0/17","7/3464",0,0,-0.185964220911726,1,1,1,"",0
"GO:0045911","positive regulation of DNA recombination","0/17","20/3464",0,0,-0.314929606982663,1,1,1,"",0
"GO:0045912","negative regulation of carbohydrate metabolic process","0/17","8/3464",0,0,-0.198832874617629,1,1,1,"",0
"GO:0045913","positive regulation of carbohydrate metabolic process","0/17","26/3464",0,0,-0.359388190900476,1,1,1,"",0
"GO:0045920","negative regulation of exocytosis","0/17","11/3464",0,0,-0.233253472635466,1,1,1,"",0
"GO:0045921","positive regulation of exocytosis","0/17","22/3464",0,0,-0.330396906346997,1,1,1,"",0
"GO:0045922","negative regulation of fatty acid metabolic process","0/17","6/3464",0,0,-0.17214451739573,1,1,1,"",0
"GO:0045930","negative regulation of mitotic cell cycle","0/17","48/3464",0,0,-0.489882304792675,1,1,1,"",0
"GO:0045933","positive regulation of muscle contraction","0/17","6/3464",0,0,-0.17214451739573,1,1,1,"",0
"GO:0045937","positive regulation of phosphate metabolic process","0/17","77/3464",0,0,-0.623114459153914,1,1,1,"",0
"GO:0045939","negative regulation of steroid metabolic process","0/17","5/3464",0,0,-0.15712300842042,1,1,1,"",0
"GO:0045940","positive regulation of steroid metabolic process","0/17","9/3464",0,0,-0.210924628871157,1,1,1,"",0
"GO:0045943","positive regulation of transcription by RNA polymerase I","0/17","9/3464",0,0,-0.210924628871157,1,1,1,"",0
"GO:0045945","positive regulation of transcription by RNA polymerase III","0/17","7/3464",0,0,-0.185964220911726,1,1,1,"",0
"GO:0045947","negative regulation of translational initiation","0/17","10/3464",0,0,-0.222366263304878,1,1,1,"",0
"GO:0045948","positive regulation of translational initiation","0/17","15/3464",0,0,-0.272539275511706,1,1,1,"",0
"GO:0045981","positive regulation of nucleotide metabolic process","0/17","17/3464",0,0,-0.29022437442028,1,1,1,"",0
"GO:0045995","regulation of embryonic development","0/17","24/3464",0,0,-0.3451886157451,1,1,1,"",0
"GO:0046031","ADP metabolic process","0/17","37/3464",0,0,-0.429411701263547,1,1,1,"",0
"GO:0046032","ADP catabolic process","0/17","34/3464",0,0,-0.411455112762703,1,1,1,"",0
"GO:0046033","AMP metabolic process","0/17","5/3464",0,0,-0.15712300842042,1,1,1,"",0
"GO:0046034","ATP metabolic process","0/17","68/3464",0,0,-0.584791000225259,1,1,1,"",0
"GO:0046036","CTP metabolic process","0/17","5/3464",0,0,-0.15712300842042,1,1,1,"",0
"GO:0046037","GMP metabolic process","0/17","8/3464",0,0,-0.198832874617629,1,1,1,"",0
"GO:0046039","GTP metabolic process","0/17","11/3464",0,0,-0.233253472635466,1,1,1,"",0
"GO:0046112","nucleobase biosynthetic process","0/17","6/3464",0,0,-0.17214451739573,1,1,1,"",0
"GO:0046165","alcohol biosynthetic process","0/17","34/3464",0,0,-0.411455112762703,1,1,1,"",0
"GO:0046173","polyol biosynthetic process","0/17","14/3464",0,0,-0.263259792748828,1,1,1,"",0
"GO:0046189","phenol-containing compound biosynthetic process","0/17","5/3464",0,0,-0.15712300842042,1,1,1,"",0
"GO:0046209","nitric oxide metabolic process","0/17","18/3464",0,0,-0.29868174554767,1,1,1,"",0
"GO:0046320","regulation of fatty acid oxidation","0/17","8/3464",0,0,-0.198832874617629,1,1,1,"",0
"GO:0046324","regulation of D-glucose import across plasma membrane","0/17","16/3464",0,0,-0.281518167921038,1,1,1,"",0
"GO:0046326","positive regulation of D-glucose import across plasma membrane","0/17","11/3464",0,0,-0.233253472635466,1,1,1,"",0
"GO:0046328","regulation of JNK cascade","0/17","37/3464",0,0,-0.429411701263547,1,1,1,"",0
"GO:0046329","negative regulation of JNK cascade","0/17","16/3464",0,0,-0.281518167921038,1,1,1,"",0
"GO:0046330","positive regulation of JNK cascade","0/17","19/3464",0,0,-0.306910857143731,1,1,1,"",0
"GO:0046337","phosphatidylethanolamine metabolic process","0/17","6/3464",0,0,-0.17214451739573,1,1,1,"",0
"GO:0046341","CDP-diacylglycerol metabolic process","0/17","6/3464",0,0,-0.17214451739573,1,1,1,"",0
"GO:0046364","monosaccharide biosynthetic process","0/17","26/3464",0,0,-0.359388190900476,1,1,1,"",0
"GO:0046365","monosaccharide catabolic process","0/17","15/3464",0,0,-0.272539275511706,1,1,1,"",0
"GO:0046385","deoxyribose phosphate biosynthetic process","0/17","6/3464",0,0,-0.17214451739573,1,1,1,"",0
"GO:0046386","deoxyribose phosphate catabolic process","0/17","6/3464",0,0,-0.17214451739573,1,1,1,"",0
"GO:0046390","ribose phosphate biosynthetic process","0/17","44/3464",0,0,-0.468752233411199,1,1,1,"",0
"GO:0046394","carboxylic acid biosynthetic process","0/17","57/3464",0,0,-0.534541497290977,1,1,1,"",0
"GO:0046395","carboxylic acid catabolic process","0/17","51/3464",0,0,-0.505181000485228,1,1,1,"",0
"GO:0046425","regulation of receptor signaling pathway via JAK-STAT","0/17","18/3464",0,0,-0.29868174554767,1,1,1,"",0
"GO:0046426","negative regulation of receptor signaling pathway via JAK-STAT","0/17","7/3464",0,0,-0.185964220911726,1,1,1,"",0
"GO:0046427","positive regulation of receptor signaling pathway via JAK-STAT","0/17","8/3464",0,0,-0.198832874617629,1,1,1,"",0
"GO:0046434","organophosphate catabolic process","0/17","65/3464",0,0,-0.571493323100444,1,1,1,"",0
"GO:0046456","icosanoid biosynthetic process","0/17","10/3464",0,0,-0.222366263304878,1,1,1,"",0
"GO:0046457","prostanoid biosynthetic process","0/17","7/3464",0,0,-0.185964220911726,1,1,1,"",0
"GO:0046460","neutral lipid biosynthetic process","0/17","5/3464",0,0,-0.15712300842042,1,1,1,"",0
"GO:0046461","neutral lipid catabolic process","0/17","8/3464",0,0,-0.198832874617629,1,1,1,"",0
"GO:0046463","acylglycerol biosynthetic process","0/17","5/3464",0,0,-0.15712300842042,1,1,1,"",0
"GO:0046464","acylglycerol catabolic process","0/17","8/3464",0,0,-0.198832874617629,1,1,1,"",0
"GO:0046470","phosphatidylcholine metabolic process","0/17","13/3464",0,0,-0.253646726191546,1,1,1,"",0
"GO:0046471","phosphatidylglycerol metabolic process","0/17","7/3464",0,0,-0.185964220911726,1,1,1,"",0
"GO:0046473","phosphatidic acid metabolic process","0/17","8/3464",0,0,-0.198832874617629,1,1,1,"",0
"GO:0046474","glycerophospholipid biosynthetic process","0/17","69/3464",0,0,-0.589161990559319,1,1,1,"",0
"GO:0046475","glycerophospholipid catabolic process","0/17","10/3464",0,0,-0.222366263304878,1,1,1,"",0
"GO:0046479","glycosphingolipid catabolic process","0/17","6/3464",0,0,-0.17214451739573,1,1,1,"",0
"GO:0046485","ether lipid metabolic process","0/17","5/3464",0,0,-0.15712300842042,1,1,1,"",0
"GO:0046486","glycerolipid metabolic process","0/17","100/3464",0,0,-0.712528222867668,1,1,1,"",0
"GO:0046488","phosphatidylinositol metabolic process","0/17","50/3464",0,0,-0.500130463301569,1,1,1,"",0
"GO:0046496","nicotinamide nucleotide metabolic process","0/17","50/3464",0,0,-0.500130463301569,1,1,1,"",0
"GO:0046503","glycerolipid catabolic process","0/17","17/3464",0,0,-0.29022437442028,1,1,1,"",0
"GO:0046513","ceramide biosynthetic process","0/17","11/3464",0,0,-0.233253472635466,1,1,1,"",0
"GO:0046514","ceramide catabolic process","0/17","5/3464",0,0,-0.15712300842042,1,1,1,"",0
"GO:0046530","photoreceptor cell differentiation","0/17","8/3464",0,0,-0.198832874617629,1,1,1,"",0
"GO:0046545","development of primary female sexual characteristics","0/17","9/3464",0,0,-0.210924628871157,1,1,1,"",0
"GO:0046546","development of primary male sexual characteristics","0/17","12/3464",0,0,-0.243660591563121,1,1,1,"",0
"GO:0046578","regulation of Ras protein signal transduction","0/17","14/3464",0,0,-0.263259792748828,1,1,1,"",0
"GO:0046579","positive regulation of Ras protein signal transduction","0/17","7/3464",0,0,-0.185964220911726,1,1,1,"",0
"GO:0046580","negative regulation of Ras protein signal transduction","0/17","6/3464",0,0,-0.17214451739573,1,1,1,"",0
"GO:0046599","regulation of centriole replication","0/17","5/3464",0,0,-0.15712300842042,1,1,1,"",0
"GO:0046605","regulation of centrosome cycle","0/17","15/3464",0,0,-0.272539275511706,1,1,1,"",0
"GO:0046620","regulation of organ growth","0/17","12/3464",0,0,-0.243660591563121,1,1,1,"",0
"GO:0046621","negative regulation of organ growth","0/17","5/3464",0,0,-0.15712300842042,1,1,1,"",0
"GO:0046626","regulation of insulin receptor signaling pathway","0/17","25/3464",0,0,-0.352357874193654,1,1,1,"",0
"GO:0046627","negative regulation of insulin receptor signaling pathway","0/17","15/3464",0,0,-0.272539275511706,1,1,1,"",0
"GO:0046628","positive regulation of insulin receptor signaling pathway","0/17","9/3464",0,0,-0.210924628871157,1,1,1,"",0
"GO:0046631","alpha-beta T cell activation","0/17","34/3464",0,0,-0.411455112762703,1,1,1,"",0
"GO:0046632","alpha-beta T cell differentiation","0/17","28/3464",0,0,-0.373063278791047,1,1,1,"",0
"GO:0046634","regulation of alpha-beta T cell activation","0/17","19/3464",0,0,-0.306910857143731,1,1,1,"",0
"GO:0046635","positive regulation of alpha-beta T cell activation","0/17","11/3464",0,0,-0.233253472635466,1,1,1,"",0
"GO:0046636","negative regulation of alpha-beta T cell activation","0/17","6/3464",0,0,-0.17214451739573,1,1,1,"",0
"GO:0046637","regulation of alpha-beta T cell differentiation","0/17","14/3464",0,0,-0.263259792748828,1,1,1,"",0
"GO:0046638","positive regulation of alpha-beta T cell differentiation","0/17","9/3464",0,0,-0.210924628871157,1,1,1,"",0
"GO:0046639","negative regulation of alpha-beta T cell differentiation","0/17","5/3464",0,0,-0.15712300842042,1,1,1,"",0
"GO:0046660","female sex differentiation","0/17","9/3464",0,0,-0.210924628871157,1,1,1,"",0
"GO:0046661","male sex differentiation","0/17","12/3464",0,0,-0.243660591563121,1,1,1,"",0
"GO:0046677","response to antibiotic","0/17","9/3464",0,0,-0.210924628871157,1,1,1,"",0
"GO:0046683","response to organophosphorus","0/17","20/3464",0,0,-0.314929606982663,1,1,1,"",0
"GO:0046685","response to arsenic-containing substance","0/17","8/3464",0,0,-0.198832874617629,1,1,1,"",0
"GO:0046686","response to cadmium ion","0/17","9/3464",0,0,-0.210924628871157,1,1,1,"",0
"GO:0046688","response to copper ion","0/17","8/3464",0,0,-0.198832874617629,1,1,1,"",0
"GO:0046718","symbiont entry into host cell","0/17","34/3464",0,0,-0.411455112762703,1,1,1,"",0
"GO:0046753","non-lytic viral release","0/17","5/3464",0,0,-0.15712300842042,1,1,1,"",0
"GO:0046755","viral budding","0/17","10/3464",0,0,-0.222366263304878,1,1,1,"",0
"GO:0046777","protein autophosphorylation","0/17","27/3464",0,0,-0.366287569727191,1,1,1,"",0
"GO:0046785","microtubule polymerization","0/17","47/3464",0,0,-0.484681568129949,1,1,1,"",0
"GO:0046794","transport of virus","0/17","5/3464",0,0,-0.15712300842042,1,1,1,"",0
"GO:0046822","regulation of nucleocytoplasmic transport","0/17","34/3464",0,0,-0.411455112762703,1,1,1,"",0
"GO:0046823","negative regulation of nucleocytoplasmic transport","0/17","10/3464",0,0,-0.222366263304878,1,1,1,"",0
"GO:0046824","positive regulation of nucleocytoplasmic transport","0/17","19/3464",0,0,-0.306910857143731,1,1,1,"",0
"GO:0046825","regulation of protein export from nucleus","0/17","7/3464",0,0,-0.185964220911726,1,1,1,"",0
"GO:0046831","regulation of RNA export from nucleus","0/17","11/3464",0,0,-0.233253472635466,1,1,1,"",0
"GO:0046835","carbohydrate phosphorylation","0/17","5/3464",0,0,-0.15712300842042,1,1,1,"",0
"GO:0046839","phospholipid dephosphorylation","0/17","12/3464",0,0,-0.243660591563121,1,1,1,"",0
"GO:0046849","bone remodeling","0/17","9/3464",0,0,-0.210924628871157,1,1,1,"",0
"GO:0046850","regulation of bone remodeling","0/17","6/3464",0,0,-0.17214451739573,1,1,1,"",0
"GO:0046854","phosphatidylinositol phosphate biosynthetic process","0/17","20/3464",0,0,-0.314929606982663,1,1,1,"",0
"GO:0046856","phosphatidylinositol dephosphorylation","0/17","12/3464",0,0,-0.243660591563121,1,1,1,"",0
"GO:0046879","hormone secretion","0/17","41/3464",0,0,-0.452291622376296,1,1,1,"",0
"GO:0046883","regulation of hormone secretion","0/17","35/3464",0,0,-0.41752294232855,1,1,1,"",0
"GO:0046885","regulation of hormone biosynthetic process","0/17","5/3464",0,0,-0.15712300842042,1,1,1,"",0
"GO:0046887","positive regulation of hormone secretion","0/17","22/3464",0,0,-0.330396906346997,1,1,1,"",0
"GO:0046889","positive regulation of lipid biosynthetic process","0/17","20/3464",0,0,-0.314929606982663,1,1,1,"",0
"GO:0046890","regulation of lipid biosynthetic process","0/17","39/3464",0,0,-0.440993390439803,1,1,1,"",0
"GO:0046902","regulation of mitochondrial membrane permeability","0/17","14/3464",0,0,-0.263259792748828,1,1,1,"",0
"GO:0046903","secretion","0/17","172/3464",0,0,-0.944635744339573,1,1,1,"",0
"GO:0046928","regulation of neurotransmitter secretion","0/17","23/3464",0,0,-0.337871567350104,1,1,1,"",0
"GO:0046931","pore complex assembly","0/17","9/3464",0,0,-0.210924628871157,1,1,1,"",0
"GO:0046942","carboxylic acid transport","0/17","55/3464",0,0,-0.524925788047709,1,1,1,"",0
"GO:0046949","fatty-acyl-CoA biosynthetic process","0/17","9/3464",0,0,-0.210924628871157,1,1,1,"",0
"GO:0047497","mitochondrion transport along microtubule","0/17","19/3464",0,0,-0.306910857143731,1,1,1,"",0
"GO:0048002","antigen processing and presentation of peptide antigen","0/17","9/3464",0,0,-0.210924628871157,1,1,1,"",0
"GO:0048008","platelet-derived growth factor receptor signaling pathway","0/17","22/3464",0,0,-0.330396906346997,1,1,1,"",0
"GO:0048009","insulin-like growth factor receptor signaling pathway","0/17","15/3464",0,0,-0.272539275511706,1,1,1,"",0
"GO:0048010","vascular endothelial growth factor receptor signaling pathway","0/17","15/3464",0,0,-0.272539275511706,1,1,1,"",0
"GO:0048011","neurotrophin TRK receptor signaling pathway","0/17","8/3464",0,0,-0.198832874617629,1,1,1,"",0
"GO:0048013","ephrin receptor signaling pathway","0/17","18/3464",0,0,-0.29868174554767,1,1,1,"",0
"GO:0048015","phosphatidylinositol-mediated signaling","0/17","8/3464",0,0,-0.198832874617629,1,1,1,"",0
"GO:0048024","regulation of mRNA splicing, via spliceosome","0/17","54/3464",0,0,-0.520055573560295,1,1,1,"",0
"GO:0048025","negative regulation of mRNA splicing, via spliceosome","0/17","15/3464",0,0,-0.272539275511706,1,1,1,"",0
"GO:0048026","positive regulation of mRNA splicing, via spliceosome","0/17","5/3464",0,0,-0.15712300842042,1,1,1,"",0
"GO:0048041","focal adhesion assembly","0/17","38/3464",0,0,-0.435239380780737,1,1,1,"",0
"GO:0048066","developmental pigmentation","0/17","9/3464",0,0,-0.210924628871157,1,1,1,"",0
"GO:0048143","astrocyte activation","0/17","5/3464",0,0,-0.15712300842042,1,1,1,"",0
"GO:0048144","fibroblast proliferation","0/17","12/3464",0,0,-0.243660591563121,1,1,1,"",0
"GO:0048145","regulation of fibroblast proliferation","0/17","12/3464",0,0,-0.243660591563121,1,1,1,"",0
"GO:0048146","positive regulation of fibroblast proliferation","0/17","6/3464",0,0,-0.17214451739573,1,1,1,"",0
"GO:0048168","regulation of neuronal synaptic plasticity","0/17","17/3464",0,0,-0.29022437442028,1,1,1,"",0
"GO:0048169","regulation of long-term neuronal synaptic plasticity","0/17","8/3464",0,0,-0.198832874617629,1,1,1,"",0
"GO:0048172","regulation of short-term neuronal synaptic plasticity","0/17","5/3464",0,0,-0.15712300842042,1,1,1,"",0
"GO:0048193","Golgi vesicle transport","0/17","151/3464",0,0,-0.882282815594792,1,1,1,"",0
"GO:0048194","Golgi vesicle budding","0/17","7/3464",0,0,-0.185964220911726,1,1,1,"",0
"GO:0048199","vesicle targeting, to, from or within Golgi","0/17","19/3464",0,0,-0.306910857143731,1,1,1,"",0
"GO:0048200","Golgi transport vesicle coating","0/17","6/3464",0,0,-0.17214451739573,1,1,1,"",0
"GO:0048205","COPI coating of Golgi vesicle","0/17","6/3464",0,0,-0.17214451739573,1,1,1,"",0
"GO:0048207","vesicle targeting, rough ER to cis-Golgi","0/17","15/3464",0,0,-0.272539275511706,1,1,1,"",0
"GO:0048208","COPII vesicle coating","0/17","15/3464",0,0,-0.272539275511706,1,1,1,"",0
"GO:0048227","plasma membrane to endosome transport","0/17","6/3464",0,0,-0.17214451739573,1,1,1,"",0
"GO:0048232","male gamete generation","0/17","126/3464",0,0,-0.802919806283647,1,1,1,"",0
"GO:0048246","macrophage chemotaxis","0/17","7/3464",0,0,-0.185964220911726,1,1,1,"",0
"GO:0048247","lymphocyte chemotaxis","0/17","5/3464",0,0,-0.15712300842042,1,1,1,"",0
"GO:0048255","mRNA stabilization","0/17","23/3464",0,0,-0.337871567350104,1,1,1,"",0
"GO:0048259","regulation of receptor-mediated endocytosis","0/17","40/3464",0,0,-0.446676580142383,1,1,1,"",0
"GO:0048260","positive regulation of receptor-mediated endocytosis","0/17","17/3464",0,0,-0.29022437442028,1,1,1,"",0
"GO:0048261","negative regulation of receptor-mediated endocytosis","0/17","8/3464",0,0,-0.198832874617629,1,1,1,"",0
"GO:0048268","clathrin coat assembly","0/17","13/3464",0,0,-0.253646726191546,1,1,1,"",0
"GO:0048278","vesicle docking","0/17","20/3464",0,0,-0.314929606982663,1,1,1,"",0
"GO:0048284","organelle fusion","0/17","57/3464",0,0,-0.534541497290977,1,1,1,"",0
"GO:0048285","organelle fission","0/17","102/3464",0,0,-0.719832243418839,1,1,1,"",0
"GO:0048308","organelle inheritance","0/17","12/3464",0,0,-0.243660591563121,1,1,1,"",0
"GO:0048311","mitochondrion distribution","0/17","10/3464",0,0,-0.222366263304878,1,1,1,"",0
"GO:0048312","intracellular distribution of mitochondria","0/17","5/3464",0,0,-0.15712300842042,1,1,1,"",0
"GO:0048313","Golgi inheritance","0/17","12/3464",0,0,-0.243660591563121,1,1,1,"",0
"GO:0048384","retinoic acid receptor signaling pathway","0/17","8/3464",0,0,-0.198832874617629,1,1,1,"",0
"GO:0048385","regulation of retinoic acid receptor signaling pathway","0/17","5/3464",0,0,-0.15712300842042,1,1,1,"",0
"GO:0048388","endosomal lumen acidification","0/17","10/3464",0,0,-0.222366263304878,1,1,1,"",0
"GO:0048483","autonomic nervous system development","0/17","7/3464",0,0,-0.185964220911726,1,1,1,"",0
"GO:0048488","synaptic vesicle endocytosis","0/17","35/3464",0,0,-0.41752294232855,1,1,1,"",0
"GO:0048489","synaptic vesicle transport","0/17","18/3464",0,0,-0.29868174554767,1,1,1,"",0
"GO:0048490","anterograde synaptic vesicle transport","0/17","8/3464",0,0,-0.198832874617629,1,1,1,"",0
"GO:0048499","synaptic vesicle membrane organization","0/17","10/3464",0,0,-0.222366263304878,1,1,1,"",0
"GO:0048511","rhythmic process","0/17","73/3464",0,0,-0.606355889119054,1,1,1,"",0
"GO:0048512","circadian behavior","0/17","12/3464",0,0,-0.243660591563121,1,1,1,"",0
"GO:0048514","blood vessel morphogenesis","0/17","100/3464",0,0,-0.712528222867668,1,1,1,"",0
"GO:0048515","spermatid differentiation","0/17","23/3464",0,0,-0.337871567350104,1,1,1,"",0
"GO:0048524","positive regulation of viral process","0/17","28/3464",0,0,-0.373063278791047,1,1,1,"",0
"GO:0048525","negative regulation of viral process","0/17","8/3464",0,0,-0.198832874617629,1,1,1,"",0
"GO:0048534","hematopoietic or lymphoid organ development","0/17","5/3464",0,0,-0.15712300842042,1,1,1,"",0
"GO:0048548","regulation of pinocytosis","0/17","5/3464",0,0,-0.15712300842042,1,1,1,"",0
"GO:0048549","positive regulation of pinocytosis","0/17","5/3464",0,0,-0.15712300842042,1,1,1,"",0
"GO:0048562","embryonic organ morphogenesis","0/17","15/3464",0,0,-0.272539275511706,1,1,1,"",0
"GO:0048565","digestive tract development","0/17","9/3464",0,0,-0.210924628871157,1,1,1,"",0
"GO:0048568","embryonic organ development","0/17","33/3464",0,0,-0.405300067126917,1,1,1,"",0
"GO:0048592","eye morphogenesis","0/17","19/3464",0,0,-0.306910857143731,1,1,1,"",0
"GO:0048593","camera-type eye morphogenesis","0/17","14/3464",0,0,-0.263259792748828,1,1,1,"",0
"GO:0048598","embryonic morphogenesis","0/17","45/3464",0,0,-0.47411835755977,1,1,1,"",0
"GO:0048608","reproductive structure development","0/17","23/3464",0,0,-0.337871567350104,1,1,1,"",0
"GO:0048609","multicellular organismal reproductive process","0/17","155/3464",0,0,-0.894432415477818,1,1,1,"",0
"GO:0048634","regulation of muscle organ development","0/17","5/3464",0,0,-0.15712300842042,1,1,1,"",0
"GO:0048659","smooth muscle cell proliferation","0/17","30/3464",0,0,-0.386269614985065,1,1,1,"",0
"GO:0048660","regulation of smooth muscle cell proliferation","0/17","29/3464",0,0,-0.379721941742842,1,1,1,"",0
"GO:0048661","positive regulation of smooth muscle cell proliferation","0/17","16/3464",0,0,-0.281518167921038,1,1,1,"",0
"GO:0048662","negative regulation of smooth muscle cell proliferation","0/17","10/3464",0,0,-0.222366263304878,1,1,1,"",0
"GO:0048678","response to axon injury","0/17","19/3464",0,0,-0.306910857143731,1,1,1,"",0
"GO:0048679","regulation of axon regeneration","0/17","5/3464",0,0,-0.15712300842042,1,1,1,"",0
"GO:0048705","skeletal system morphogenesis","0/17","14/3464",0,0,-0.263259792748828,1,1,1,"",0
"GO:0048706","embryonic skeletal system development","0/17","5/3464",0,0,-0.15712300842042,1,1,1,"",0
"GO:0048708","astrocyte differentiation","0/17","17/3464",0,0,-0.29022437442028,1,1,1,"",0
"GO:0048709","oligodendrocyte differentiation","0/17","18/3464",0,0,-0.29868174554767,1,1,1,"",0
"GO:0048710","regulation of astrocyte differentiation","0/17","6/3464",0,0,-0.17214451739573,1,1,1,"",0
"GO:0048713","regulation of oligodendrocyte differentiation","0/17","5/3464",0,0,-0.15712300842042,1,1,1,"",0
"GO:0048729","tissue morphogenesis","0/17","60/3464",0,0,-0.548669620503115,1,1,1,"",0
"GO:0048732","gland development","0/17","33/3464",0,0,-0.405300067126917,1,1,1,"",0
"GO:0048736","appendage development","0/17","15/3464",0,0,-0.272539275511706,1,1,1,"",0
"GO:0048738","cardiac muscle tissue development","0/17","25/3464",0,0,-0.352357874193654,1,1,1,"",0
"GO:0048741","skeletal muscle fiber development","0/17","5/3464",0,0,-0.15712300842042,1,1,1,"",0
"GO:0048753","pigment granule organization","0/17","14/3464",0,0,-0.263259792748828,1,1,1,"",0
"GO:0048754","branching morphogenesis of an epithelial tube","0/17","9/3464",0,0,-0.210924628871157,1,1,1,"",0
"GO:0048757","pigment granule maturation","0/17","5/3464",0,0,-0.15712300842042,1,1,1,"",0
"GO:0048762","mesenchymal cell differentiation","0/17","50/3464",0,0,-0.500130463301569,1,1,1,"",0
"GO:0048771","tissue remodeling","0/17","16/3464",0,0,-0.281518167921038,1,1,1,"",0
"GO:0048791","calcium ion-regulated exocytosis of neurotransmitter","0/17","7/3464",0,0,-0.185964220911726,1,1,1,"",0
"GO:0048814","regulation of dendrite morphogenesis","0/17","24/3464",0,0,-0.3451886157451,1,1,1,"",0
"GO:0048839","inner ear development","0/17","13/3464",0,0,-0.253646726191546,1,1,1,"",0
"GO:0048841","regulation of axon extension involved in axon guidance","0/17","6/3464",0,0,-0.17214451739573,1,1,1,"",0
"GO:0048842","positive regulation of axon extension involved in axon guidance","0/17","5/3464",0,0,-0.15712300842042,1,1,1,"",0
"GO:0048844","artery morphogenesis","0/17","9/3464",0,0,-0.210924628871157,1,1,1,"",0
"GO:0048846","axon extension involved in axon guidance","0/17","7/3464",0,0,-0.185964220911726,1,1,1,"",0
"GO:0048854","brain morphogenesis","0/17","10/3464",0,0,-0.222366263304878,1,1,1,"",0
"GO:0048857","neural nucleus development","0/17","27/3464",0,0,-0.366287569727191,1,1,1,"",0
"GO:0048863","stem cell differentiation","0/17","56/3464",0,0,-0.529754049529149,1,1,1,"",0
"GO:0048864","stem cell development","0/17","16/3464",0,0,-0.281518167921038,1,1,1,"",0
"GO:0048871","multicellular organismal-level homeostasis","0/17","132/3464",0,0,-0.822554218489266,1,1,1,"",0
"GO:0048872","homeostasis of number of cells","0/17","52/3464",0,0,-0.510184459151963,1,1,1,"",0
"GO:0048880","sensory system development","0/17","48/3464",0,0,-0.489882304792675,1,1,1,"",0
"GO:0050000","chromosome localization","0/17","29/3464",0,0,-0.379721941742842,1,1,1,"",0
"GO:0050432","catecholamine secretion","0/17","7/3464",0,0,-0.185964220911726,1,1,1,"",0
"GO:0050433","regulation of catecholamine secretion","0/17","7/3464",0,0,-0.185964220911726,1,1,1,"",0
"GO:0050435","amyloid-beta metabolic process","0/17","23/3464",0,0,-0.337871567350104,1,1,1,"",0
"GO:0050650","chondroitin sulfate proteoglycan biosynthetic process","0/17","6/3464",0,0,-0.17214451739573,1,1,1,"",0
"GO:0050654","chondroitin sulfate proteoglycan metabolic process","0/17","7/3464",0,0,-0.185964220911726,1,1,1,"",0
"GO:0050655","dermatan sulfate proteoglycan metabolic process","0/17","5/3464",0,0,-0.15712300842042,1,1,1,"",0
"GO:0050657","nucleic acid transport","0/17","65/3464",0,0,-0.571493323100444,1,1,1,"",0
"GO:0050658","RNA transport","0/17","65/3464",0,0,-0.571493323100444,1,1,1,"",0
"GO:0050665","hydrogen peroxide biosynthetic process","0/17","5/3464",0,0,-0.15712300842042,1,1,1,"",0
"GO:0050672","negative regulation of lymphocyte proliferation","0/17","7/3464",0,0,-0.185964220911726,1,1,1,"",0
"GO:0050673","epithelial cell proliferation","0/17","58/3464",0,0,-0.539289220725874,1,1,1,"",0
"GO:0050678","regulation of epithelial cell proliferation","0/17","50/3464",0,0,-0.500130463301569,1,1,1,"",0
"GO:0050679","positive regulation of epithelial cell proliferation","0/17","29/3464",0,0,-0.379721941742842,1,1,1,"",0
"GO:0050680","negative regulation of epithelial cell proliferation","0/17","18/3464",0,0,-0.29868174554767,1,1,1,"",0
"GO:0050684","regulation of mRNA processing","0/17","65/3464",0,0,-0.571493323100444,1,1,1,"",0
"GO:0050685","positive regulation of mRNA processing","0/17","7/3464",0,0,-0.185964220911726,1,1,1,"",0
"GO:0050686","negative regulation of mRNA processing","0/17","15/3464",0,0,-0.272539275511706,1,1,1,"",0
"GO:0050687","negative regulation of defense response to virus","0/17","6/3464",0,0,-0.17214451739573,1,1,1,"",0
"GO:0050688","regulation of defense response to virus","0/17","11/3464",0,0,-0.233253472635466,1,1,1,"",0
"GO:0050691","regulation of defense response to virus by host","0/17","6/3464",0,0,-0.17214451739573,1,1,1,"",0
"GO:0050708","regulation of protein secretion","0/17","46/3464",0,0,-0.479427510851292,1,1,1,"",0
"GO:0050709","negative regulation of protein secretion","0/17","8/3464",0,0,-0.198832874617629,1,1,1,"",0
"GO:0050714","positive regulation of protein secretion","0/17","26/3464",0,0,-0.359388190900476,1,1,1,"",0
"GO:0050727","regulation of inflammatory response","0/17","59/3464",0,0,-0.5439982623352,1,1,1,"",0
"GO:0050728","negative regulation of inflammatory response","0/17","30/3464",0,0,-0.386269614985065,1,1,1,"",0
"GO:0050729","positive regulation of inflammatory response","0/17","19/3464",0,0,-0.306910857143731,1,1,1,"",0
"GO:0050730","regulation of peptidyl-tyrosine phosphorylation","0/17","9/3464",0,0,-0.210924628871157,1,1,1,"",0
"GO:0050732","negative regulation of peptidyl-tyrosine phosphorylation","0/17","5/3464",0,0,-0.15712300842042,1,1,1,"",0
"GO:0050746","regulation of lipoprotein metabolic process","0/17","7/3464",0,0,-0.185964220911726,1,1,1,"",0
"GO:0050764","regulation of phagocytosis","0/17","16/3464",0,0,-0.281518167921038,1,1,1,"",0
"GO:0050765","negative regulation of phagocytosis","0/17","6/3464",0,0,-0.17214451739573,1,1,1,"",0
"GO:0050766","positive regulation of phagocytosis","0/17","9/3464",0,0,-0.210924628871157,1,1,1,"",0
"GO:0050775","positive regulation of dendrite morphogenesis","0/17","17/3464",0,0,-0.29022437442028,1,1,1,"",0
"GO:0050777","negative regulation of immune response","0/17","36/3464",0,0,-0.423507307653009,1,1,1,"",0
"GO:0050779","RNA destabilization","0/17","43/3464",0,0,-0.463327156147038,1,1,1,"",0
"GO:0050792","regulation of viral process","0/17","33/3464",0,0,-0.405300067126917,1,1,1,"",0
"GO:0050795","regulation of behavior","0/17","14/3464",0,0,-0.263259792748828,1,1,1,"",0
"GO:0050796","regulation of insulin secretion","0/17","28/3464",0,0,-0.373063278791047,1,1,1,"",0
"GO:0050805","negative regulation of synaptic transmission","0/17","15/3464",0,0,-0.272539275511706,1,1,1,"",0
"GO:0050806","positive regulation of synaptic transmission","0/17","39/3464",0,0,-0.440993390439803,1,1,1,"",0
"GO:0050810","regulation of steroid biosynthetic process","0/17","15/3464",0,0,-0.272539275511706,1,1,1,"",0
"GO:0050812","regulation of acyl-CoA biosynthetic process","0/17","5/3464",0,0,-0.15712300842042,1,1,1,"",0
"GO:0050817","coagulation","0/17","28/3464",0,0,-0.373063278791047,1,1,1,"",0
"GO:0050818","regulation of coagulation","0/17","5/3464",0,0,-0.15712300842042,1,1,1,"",0
"GO:0050821","protein stabilization","0/17","89/3464",0,0,-0.671101453605238,1,1,1,"",0
"GO:0050848","regulation of calcium-mediated signaling","0/17","17/3464",0,0,-0.29022437442028,1,1,1,"",0
"GO:0050850","positive regulation of calcium-mediated signaling","0/17","11/3464",0,0,-0.233253472635466,1,1,1,"",0
"GO:0050851","antigen receptor-mediated signaling pathway","0/17","34/3464",0,0,-0.411455112762703,1,1,1,"",0
"GO:0050852","T cell receptor signaling pathway","0/17","27/3464",0,0,-0.366287569727191,1,1,1,"",0
"GO:0050853","B cell receptor signaling pathway","0/17","8/3464",0,0,-0.198832874617629,1,1,1,"",0
"GO:0050854","regulation of antigen receptor-mediated signaling pathway","0/17","15/3464",0,0,-0.272539275511706,1,1,1,"",0
"GO:0050856","regulation of T cell receptor signaling pathway","0/17","13/3464",0,0,-0.253646726191546,1,1,1,"",0
"GO:0050858","negative regulation of antigen receptor-mediated signaling pathway","0/17","11/3464",0,0,-0.233253472635466,1,1,1,"",0
"GO:0050860","negative regulation of T cell receptor signaling pathway","0/17","10/3464",0,0,-0.222366263304878,1,1,1,"",0
"GO:0050864","regulation of B cell activation","0/17","14/3464",0,0,-0.263259792748828,1,1,1,"",0
"GO:0050866","negative regulation of cell activation","0/17","33/3464",0,0,-0.405300067126917,1,1,1,"",0
"GO:0050868","negative regulation of T cell activation","0/17","25/3464",0,0,-0.352357874193654,1,1,1,"",0
"GO:0050871","positive regulation of B cell activation","0/17","9/3464",0,0,-0.210924628871157,1,1,1,"",0
"GO:0050873","brown fat cell differentiation","0/17","7/3464",0,0,-0.185964220911726,1,1,1,"",0
"GO:0050878","regulation of body fluid levels","0/17","41/3464",0,0,-0.452291622376296,1,1,1,"",0
"GO:0050879","multicellular organismal movement","0/17","7/3464",0,0,-0.185964220911726,1,1,1,"",0
"GO:0050881","musculoskeletal movement","0/17","7/3464",0,0,-0.185964220911726,1,1,1,"",0
"GO:0050886","endocrine process","0/17","6/3464",0,0,-0.17214451739573,1,1,1,"",0
"GO:0050891","multicellular organismal-level water homeostasis","0/17","6/3464",0,0,-0.17214451739573,1,1,1,"",0
"GO:0050905","neuromuscular process","0/17","17/3464",0,0,-0.29022437442028,1,1,1,"",0
"GO:0050906","detection of stimulus involved in sensory perception","0/17","6/3464",0,0,-0.17214451739573,1,1,1,"",0
"GO:0050918","positive chemotaxis","0/17","10/3464",0,0,-0.222366263304878,1,1,1,"",0
"GO:0050919","negative chemotaxis","0/17","10/3464",0,0,-0.222366263304878,1,1,1,"",0
"GO:0050920","regulation of chemotaxis","0/17","36/3464",0,0,-0.423507307653009,1,1,1,"",0
"GO:0050921","positive regulation of chemotaxis","0/17","27/3464",0,0,-0.366287569727191,1,1,1,"",0
"GO:0050922","negative regulation of chemotaxis","0/17","7/3464",0,0,-0.185964220911726,1,1,1,"",0
"GO:0050931","pigment cell differentiation","0/17","7/3464",0,0,-0.185964220911726,1,1,1,"",0
"GO:0050953","sensory perception of light stimulus","0/17","17/3464",0,0,-0.29022437442028,1,1,1,"",0
"GO:0050954","sensory perception of mechanical stimulus","0/17","11/3464",0,0,-0.233253472635466,1,1,1,"",0
"GO:0050982","detection of mechanical stimulus","0/17","8/3464",0,0,-0.198832874617629,1,1,1,"",0
"GO:0050994","regulation of lipid catabolic process","0/17","8/3464",0,0,-0.198832874617629,1,1,1,"",0
"GO:0051014","actin filament severing","0/17","5/3464",0,0,-0.15712300842042,1,1,1,"",0
"GO:0051016","barbed-end actin filament capping","0/17","8/3464",0,0,-0.198832874617629,1,1,1,"",0
"GO:0051028","mRNA transport","0/17","55/3464",0,0,-0.524925788047709,1,1,1,"",0
"GO:0051043","regulation of membrane protein ectodomain proteolysis","0/17","6/3464",0,0,-0.17214451739573,1,1,1,"",0
"GO:0051046","regulation of secretion","0/17","106/3464",0,0,-0.734247795866739,1,1,1,"",0
"GO:0051047","positive regulation of secretion","0/17","55/3464",0,0,-0.524925788047709,1,1,1,"",0
"GO:0051048","negative regulation of secretion","0/17","25/3464",0,0,-0.352357874193654,1,1,1,"",0
"GO:0051051","negative regulation of transport","0/17","97/3464",0,0,-0.701446211099576,1,1,1,"",0
"GO:0051053","negative regulation of DNA metabolic process","0/17","29/3464",0,0,-0.379721941742842,1,1,1,"",0
"GO:0051054","positive regulation of DNA metabolic process","0/17","78/3464",0,0,-0.627240206637006,1,1,1,"",0
"GO:0051055","negative regulation of lipid biosynthetic process","0/17","13/3464",0,0,-0.253646726191546,1,1,1,"",0
"GO:0051056","regulation of small GTPase mediated signal transduction","0/17","89/3464",0,0,-0.671101453605238,1,1,1,"",0
"GO:0051057","positive regulation of small GTPase mediated signal transduction","0/17","27/3464",0,0,-0.366287569727191,1,1,1,"",0
"GO:0051058","negative regulation of small GTPase mediated signal transduction","0/17","18/3464",0,0,-0.29868174554767,1,1,1,"",0
"GO:0051098","regulation of binding","0/17","21/3464",0,0,-0.322753678537855,1,1,1,"",0
"GO:0051099","positive regulation of binding","0/17","7/3464",0,0,-0.185964220911726,1,1,1,"",0
"GO:0051100","negative regulation of binding","0/17","10/3464",0,0,-0.222366263304878,1,1,1,"",0
"GO:0051101","regulation of DNA binding","0/17","11/3464",0,0,-0.233253472635466,1,1,1,"",0
"GO:0051123","RNA polymerase II preinitiation complex assembly","0/17","14/3464",0,0,-0.263259792748828,1,1,1,"",0
"GO:0051125","regulation of actin nucleation","0/17","11/3464",0,0,-0.233253472635466,1,1,1,"",0
"GO:0051127","positive regulation of actin nucleation","0/17","6/3464",0,0,-0.17214451739573,1,1,1,"",0
"GO:0051131","chaperone-mediated protein complex assembly","0/17","12/3464",0,0,-0.243660591563121,1,1,1,"",0
"GO:0051145","smooth muscle cell differentiation","0/17","8/3464",0,0,-0.198832874617629,1,1,1,"",0
"GO:0051146","striated muscle cell differentiation","0/17","70/3464",0,0,-0.593503337871722,1,1,1,"",0
"GO:0051147","regulation of muscle cell differentiation","0/17","24/3464",0,0,-0.3451886157451,1,1,1,"",0
"GO:0051148","negative regulation of muscle cell differentiation","0/17","11/3464",0,0,-0.233253472635466,1,1,1,"",0
"GO:0051149","positive regulation of muscle cell differentiation","0/17","8/3464",0,0,-0.198832874617629,1,1,1,"",0
"GO:0051150","regulation of smooth muscle cell differentiation","0/17","6/3464",0,0,-0.17214451739573,1,1,1,"",0
"GO:0051153","regulation of striated muscle cell differentiation","0/17","12/3464",0,0,-0.243660591563121,1,1,1,"",0
"GO:0051154","negative regulation of striated muscle cell differentiation","0/17","5/3464",0,0,-0.15712300842042,1,1,1,"",0
"GO:0051168","nuclear export","0/17","64/3464",0,0,-0.566996780925028,1,1,1,"",0
"GO:0051169","nuclear transport","0/17","108/3464",0,0,-0.741363100702537,1,1,1,"",0
"GO:0051170","import into nucleus","0/17","60/3464",0,0,-0.548669620503115,1,1,1,"",0
"GO:0051177","meiotic sister chromatid cohesion","0/17","5/3464",0,0,-0.15712300842042,1,1,1,"",0
"GO:0051180","vitamin transport","0/17","7/3464",0,0,-0.185964220911726,1,1,1,"",0
"GO:0051204","protein insertion into mitochondrial membrane","0/17","7/3464",0,0,-0.185964220911726,1,1,1,"",0
"GO:0051205","protein insertion into membrane","0/17","16/3464",0,0,-0.281518167921038,1,1,1,"",0
"GO:0051209","release of sequestered calcium ion into cytosol","0/17","19/3464",0,0,-0.306910857143731,1,1,1,"",0
"GO:0051216","cartilage development","0/17","20/3464",0,0,-0.314929606982663,1,1,1,"",0
"GO:0051224","negative regulation of protein transport","0/17","22/3464",0,0,-0.330396906346997,1,1,1,"",0
"GO:0051225","spindle assembly","0/17","43/3464",0,0,-0.463327156147038,1,1,1,"",0
"GO:0051236","establishment of RNA localization","0/17","66/3464",0,0,-0.575957377090023,1,1,1,"",0
"GO:0051247","positive regulation of protein metabolic process","0/17","221/3464",0,0,-1.07882928581803,1,1,1,"",0
"GO:0051250","negative regulation of lymphocyte activation","0/17","27/3464",0,0,-0.366287569727191,1,1,1,"",0
"GO:0051258","protein polymerization","0/17","97/3464",0,0,-0.701446211099576,1,1,1,"",0
"GO:0051262","protein tetramerization","0/17","25/3464",0,0,-0.352357874193654,1,1,1,"",0
"GO:0051276","chromosome organization","0/17","164/3464",0,0,-0.921287160873807,1,1,1,"",0
"GO:0051279","regulation of release of sequestered calcium ion into cytosol","0/17","13/3464",0,0,-0.253646726191546,1,1,1,"",0
"GO:0051289","protein homotetramerization","0/17","14/3464",0,0,-0.263259792748828,1,1,1,"",0
"GO:0051290","protein heterotetramerization","0/17","9/3464",0,0,-0.210924628871157,1,1,1,"",0
"GO:0051291","protein heterooligomerization","0/17","12/3464",0,0,-0.243660591563121,1,1,1,"",0
"GO:0051292","nuclear pore complex assembly","0/17","5/3464",0,0,-0.15712300842042,1,1,1,"",0
"GO:0051293","establishment of spindle localization","0/17","15/3464",0,0,-0.272539275511706,1,1,1,"",0
"GO:0051294","establishment of spindle orientation","0/17","10/3464",0,0,-0.222366263304878,1,1,1,"",0
"GO:0051298","centrosome duplication","0/17","20/3464",0,0,-0.314929606982663,1,1,1,"",0
"GO:0051299","centrosome separation","0/17","5/3464",0,0,-0.15712300842042,1,1,1,"",0
"GO:0051302","regulation of cell division","0/17","47/3464",0,0,-0.484681568129949,1,1,1,"",0
"GO:0051304","chromosome separation","0/17","27/3464",0,0,-0.366287569727191,1,1,1,"",0
"GO:0051306","mitotic sister chromatid separation","0/17","21/3464",0,0,-0.322753678537855,1,1,1,"",0
"GO:0051310","metaphase chromosome alignment","0/17","24/3464",0,0,-0.3451886157451,1,1,1,"",0
"GO:0051336","regulation of hydrolase activity","0/17","38/3464",0,0,-0.435239380780737,1,1,1,"",0
"GO:0051345","positive regulation of hydrolase activity","0/17","24/3464",0,0,-0.3451886157451,1,1,1,"",0
"GO:0051346","negative regulation of hydrolase activity","0/17","5/3464",0,0,-0.15712300842042,1,1,1,"",0
"GO:0051382","kinetochore assembly","0/17","8/3464",0,0,-0.198832874617629,1,1,1,"",0
"GO:0051383","kinetochore organization","0/17","8/3464",0,0,-0.198832874617629,1,1,1,"",0
"GO:0051384","response to glucocorticoid","0/17","21/3464",0,0,-0.322753678537855,1,1,1,"",0
"GO:0051385","response to mineralocorticoid","0/17","9/3464",0,0,-0.210924628871157,1,1,1,"",0
"GO:0051386","regulation of neurotrophin TRK receptor signaling pathway","0/17","5/3464",0,0,-0.15712300842042,1,1,1,"",0
"GO:0051403","stress-activated MAPK cascade","0/17","16/3464",0,0,-0.281518167921038,1,1,1,"",0
"GO:0051412","response to corticosterone","0/17","6/3464",0,0,-0.17214451739573,1,1,1,"",0
"GO:0051445","regulation of meiotic cell cycle","0/17","11/3464",0,0,-0.233253472635466,1,1,1,"",0
"GO:0051450","myoblast proliferation","0/17","6/3464",0,0,-0.17214451739573,1,1,1,"",0
"GO:0051452","intracellular pH reduction","0/17","23/3464",0,0,-0.337871567350104,1,1,1,"",0
"GO:0051453","regulation of intracellular pH","0/17","32/3464",0,0,-0.399053766541762,1,1,1,"",0
"GO:0051480","regulation of cytosolic calcium ion concentration","0/17","6/3464",0,0,-0.17214451739573,1,1,1,"",0
"GO:0051492","regulation of stress fiber assembly","0/17","24/3464",0,0,-0.3451886157451,1,1,1,"",0
"GO:0051494","negative regulation of cytoskeleton organization","0/17","46/3464",0,0,-0.479427510851292,1,1,1,"",0
"GO:0051495","positive regulation of cytoskeleton organization","0/17","56/3464",0,0,-0.529754049529149,1,1,1,"",0
"GO:0051496","positive regulation of stress fiber assembly","0/17","13/3464",0,0,-0.253646726191546,1,1,1,"",0
"GO:0051497","negative regulation of stress fiber assembly","0/17","8/3464",0,0,-0.198832874617629,1,1,1,"",0
"GO:0051503","adenine nucleotide transport","0/17","7/3464",0,0,-0.185964220911726,1,1,1,"",0
"GO:0051546","keratinocyte migration","0/17","5/3464",0,0,-0.15712300842042,1,1,1,"",0
"GO:0051547","regulation of keratinocyte migration","0/17","5/3464",0,0,-0.15712300842042,1,1,1,"",0
"GO:0051560","mitochondrial calcium ion homeostasis","0/17","6/3464",0,0,-0.17214451739573,1,1,1,"",0
"GO:0051588","regulation of neurotransmitter transport","0/17","26/3464",0,0,-0.359388190900476,1,1,1,"",0
"GO:0051590","positive regulation of neurotransmitter transport","0/17","7/3464",0,0,-0.185964220911726,1,1,1,"",0
"GO:0051591","response to cAMP","0/17","15/3464",0,0,-0.272539275511706,1,1,1,"",0
"GO:0051592","response to calcium ion","0/17","35/3464",0,0,-0.41752294232855,1,1,1,"",0
"GO:0051602","response to electrical stimulus","0/17","7/3464",0,0,-0.185964220911726,1,1,1,"",0
"GO:0051604","protein maturation","0/17","156/3464",0,0,-0.897448660109811,1,1,1,"",0
"GO:0051606","detection of stimulus","0/17","29/3464",0,0,-0.379721941742842,1,1,1,"",0
"GO:0051607","defense response to virus","0/17","50/3464",0,0,-0.500130463301569,1,1,1,"",0
"GO:0051639","actin filament network formation","0/17","5/3464",0,0,-0.15712300842042,1,1,1,"",0
"GO:0051645","Golgi localization","0/17","9/3464",0,0,-0.210924628871157,1,1,1,"",0
"GO:0051646","mitochondrion localization","0/17","31/3464",0,0,-0.39271185338966,1,1,1,"",0
"GO:0051653","spindle localization","0/17","15/3464",0,0,-0.272539275511706,1,1,1,"",0
"GO:0051654","establishment of mitochondrion localization","0/17","21/3464",0,0,-0.322753678537855,1,1,1,"",0
"GO:0051683","establishment of Golgi localization","0/17","6/3464",0,0,-0.17214451739573,1,1,1,"",0
"GO:0051693","actin filament capping","0/17","14/3464",0,0,-0.263259792748828,1,1,1,"",0
"GO:0051701","biological process involved in interaction with host","0/17","49/3464",0,0,-0.495031404012546,1,1,1,"",0
"GO:0051703","biological process involved in intraspecies interaction between organisms","0/17","6/3464",0,0,-0.17214451739573,1,1,1,"",0
"GO:0051781","positive regulation of cell division","0/17","17/3464",0,0,-0.29022437442028,1,1,1,"",0
"GO:0051783","regulation of nuclear division","0/17","28/3464",0,0,-0.373063278791047,1,1,1,"",0
"GO:0051784","negative regulation of nuclear division","0/17","16/3464",0,0,-0.281518167921038,1,1,1,"",0
"GO:0051785","positive regulation of nuclear division","0/17","8/3464",0,0,-0.198832874617629,1,1,1,"",0
"GO:0051788","response to misfolded protein","0/17","6/3464",0,0,-0.17214451739573,1,1,1,"",0
"GO:0051851","host-mediated perturbation of symbiont process","0/17","28/3464",0,0,-0.373063278791047,1,1,1,"",0
"GO:0051865","protein autoubiquitination","0/17","29/3464",0,0,-0.379721941742842,1,1,1,"",0
"GO:0051875","pigment granule localization","0/17","10/3464",0,0,-0.222366263304878,1,1,1,"",0
"GO:0051881","regulation of mitochondrial membrane potential","0/17","19/3464",0,0,-0.306910857143731,1,1,1,"",0
"GO:0051893","regulation of focal adhesion assembly","0/17","29/3464",0,0,-0.379721941742842,1,1,1,"",0
"GO:0051894","positive regulation of focal adhesion assembly","0/17","12/3464",0,0,-0.243660591563121,1,1,1,"",0
"GO:0051895","negative regulation of focal adhesion assembly","0/17","6/3464",0,0,-0.17214451739573,1,1,1,"",0
"GO:0051896","regulation of phosphatidylinositol 3-kinase/protein kinase B signal transduction","0/17","46/3464",0,0,-0.479427510851292,1,1,1,"",0
"GO:0051897","positive regulation of phosphatidylinositol 3-kinase/protein kinase B signal transduction","0/17","36/3464",0,0,-0.423507307653009,1,1,1,"",0
"GO:0051898","negative regulation of phosphatidylinositol 3-kinase/protein kinase B signal transduction","0/17","9/3464",0,0,-0.210924628871157,1,1,1,"",0
"GO:0051899","membrane depolarization","0/17","15/3464",0,0,-0.272539275511706,1,1,1,"",0
"GO:0051904","pigment granule transport","0/17","9/3464",0,0,-0.210924628871157,1,1,1,"",0
"GO:0051905","establishment of pigment granule localization","0/17","10/3464",0,0,-0.222366263304878,1,1,1,"",0
"GO:0051924","regulation of calcium ion transport","0/17","38/3464",0,0,-0.435239380780737,1,1,1,"",0
"GO:0051926","negative regulation of calcium ion transport","0/17","10/3464",0,0,-0.222366263304878,1,1,1,"",0
"GO:0051928","positive regulation of calcium ion transport","0/17","12/3464",0,0,-0.243660591563121,1,1,1,"",0
"GO:0051932","synaptic transmission, GABAergic","0/17","7/3464",0,0,-0.185964220911726,1,1,1,"",0
"GO:0051937","catecholamine transport","0/17","8/3464",0,0,-0.198832874617629,1,1,1,"",0
"GO:0051938","L-glutamate import","0/17","13/3464",0,0,-0.253646726191546,1,1,1,"",0
"GO:0051952","regulation of amine transport","0/17","13/3464",0,0,-0.253646726191546,1,1,1,"",0
"GO:0051953","negative regulation of amine transport","0/17","6/3464",0,0,-0.17214451739573,1,1,1,"",0
"GO:0051954","positive regulation of amine transport","0/17","9/3464",0,0,-0.210924628871157,1,1,1,"",0
"GO:0051955","regulation of amino acid transport","0/17","10/3464",0,0,-0.222366263304878,1,1,1,"",0
"GO:0051957","positive regulation of amino acid transport","0/17","8/3464",0,0,-0.198832874617629,1,1,1,"",0
"GO:0051963","regulation of synapse assembly","0/17","56/3464",0,0,-0.529754049529149,1,1,1,"",0
"GO:0051965","positive regulation of synapse assembly","0/17","13/3464",0,0,-0.253646726191546,1,1,1,"",0
"GO:0051966","regulation of synaptic transmission, glutamatergic","0/17","17/3464",0,0,-0.29022437442028,1,1,1,"",0
"GO:0051968","positive regulation of synaptic transmission, glutamatergic","0/17","7/3464",0,0,-0.185964220911726,1,1,1,"",0
"GO:0051983","regulation of chromosome segregation","0/17","44/3464",0,0,-0.468752233411199,1,1,1,"",0
"GO:0051984","positive regulation of chromosome segregation","0/17","7/3464",0,0,-0.185964220911726,1,1,1,"",0
"GO:0051985","negative regulation of chromosome segregation","0/17","16/3464",0,0,-0.281518167921038,1,1,1,"",0
"GO:0052372","modulation by symbiont of entry into host","0/17","6/3464",0,0,-0.17214451739573,1,1,1,"",0
"GO:0052652","cyclic purine nucleotide metabolic process","0/17","5/3464",0,0,-0.15712300842042,1,1,1,"",0
"GO:0055001","muscle cell development","0/17","27/3464",0,0,-0.366287569727191,1,1,1,"",0
"GO:0055002","striated muscle cell development","0/17","20/3464",0,0,-0.314929606982663,1,1,1,"",0
"GO:0055006","cardiac cell development","0/17","11/3464",0,0,-0.233253472635466,1,1,1,"",0
"GO:0055007","cardiac muscle cell differentiation","0/17","15/3464",0,0,-0.272539275511706,1,1,1,"",0
"GO:0055013","cardiac muscle cell development","0/17","9/3464",0,0,-0.210924628871157,1,1,1,"",0
"GO:0055017","cardiac muscle tissue growth","0/17","10/3464",0,0,-0.222366263304878,1,1,1,"",0
"GO:0055021","regulation of cardiac muscle tissue growth","0/17","7/3464",0,0,-0.185964220911726,1,1,1,"",0
"GO:0055057","neuroblast division","0/17","6/3464",0,0,-0.17214451739573,1,1,1,"",0
"GO:0055070","copper ion homeostasis","0/17","6/3464",0,0,-0.17214451739573,1,1,1,"",0
"GO:0055074","calcium ion homeostasis","0/17","33/3464",0,0,-0.405300067126917,1,1,1,"",0
"GO:0055086","nucleobase-containing small molecule metabolic process","0/17","168/3464",0,0,-0.933020324033383,1,1,1,"",0
"GO:0055090","acylglycerol homeostasis","0/17","6/3464",0,0,-0.17214451739573,1,1,1,"",0
"GO:0055094","response to lipoprotein particle","0/17","8/3464",0,0,-0.198832874617629,1,1,1,"",0
"GO:0055117","regulation of cardiac muscle contraction","0/17","18/3464",0,0,-0.29868174554767,1,1,1,"",0
"GO:0055119","relaxation of cardiac muscle","0/17","7/3464",0,0,-0.185964220911726,1,1,1,"",0
"GO:0055123","digestive system development","0/17","9/3464",0,0,-0.210924628871157,1,1,1,"",0
"GO:0060038","cardiac muscle cell proliferation","0/17","7/3464",0,0,-0.185964220911726,1,1,1,"",0
"GO:0060041","retina development in camera-type eye","0/17","23/3464",0,0,-0.337871567350104,1,1,1,"",0
"GO:0060042","retina morphogenesis in camera-type eye","0/17","8/3464",0,0,-0.198832874617629,1,1,1,"",0
"GO:0060048","cardiac muscle contraction","0/17","25/3464",0,0,-0.352357874193654,1,1,1,"",0
"GO:0060070","canonical Wnt signaling pathway","0/17","72/3464",0,0,-0.602099672779663,1,1,1,"",0
"GO:0060071","Wnt signaling pathway, planar cell polarity pathway","0/17","7/3464",0,0,-0.185964220911726,1,1,1,"",0
"GO:0060074","synapse maturation","0/17","16/3464",0,0,-0.281518167921038,1,1,1,"",0
"GO:0060078","regulation of postsynaptic membrane potential","0/17","29/3464",0,0,-0.379721941742842,1,1,1,"",0
"GO:0060079","excitatory postsynaptic potential","0/17","21/3464",0,0,-0.322753678537855,1,1,1,"",0
"GO:0060113","inner ear receptor cell differentiation","0/17","5/3464",0,0,-0.15712300842042,1,1,1,"",0
"GO:0060142","regulation of syncytium formation by plasma membrane fusion","0/17","42/3464",0,0,-0.457841027287798,1,1,1,"",0
"GO:0060147","regulation of post-transcriptional gene silencing","0/17","13/3464",0,0,-0.253646726191546,1,1,1,"",0
"GO:0060148","positive regulation of post-transcriptional gene silencing","0/17","7/3464",0,0,-0.185964220911726,1,1,1,"",0
"GO:0060155","platelet dense granule organization","0/17","9/3464",0,0,-0.210924628871157,1,1,1,"",0
"GO:0060173","limb development","0/17","15/3464",0,0,-0.272539275511706,1,1,1,"",0
"GO:0060211","regulation of nuclear-transcribed mRNA poly(A) tail shortening","0/17","6/3464",0,0,-0.17214451739573,1,1,1,"",0
"GO:0060213","positive regulation of nuclear-transcribed mRNA poly(A) tail shortening","0/17","6/3464",0,0,-0.17214451739573,1,1,1,"",0
"GO:0060218","hematopoietic stem cell differentiation","0/17","12/3464",0,0,-0.243660591563121,1,1,1,"",0
"GO:0060236","regulation of mitotic spindle organization","0/17","16/3464",0,0,-0.281518167921038,1,1,1,"",0
"GO:0060249","anatomical structure homeostasis","0/17","34/3464",0,0,-0.411455112762703,1,1,1,"",0
"GO:0060251","regulation of glial cell proliferation","0/17","6/3464",0,0,-0.17214451739573,1,1,1,"",0
"GO:0060259","regulation of feeding behavior","0/17","5/3464",0,0,-0.15712300842042,1,1,1,"",0
"GO:0060260","regulation of transcription initiation by RNA polymerase II","0/17","24/3464",0,0,-0.3451886157451,1,1,1,"",0
"GO:0060261","positive regulation of transcription initiation by RNA polymerase II","0/17","17/3464",0,0,-0.29022437442028,1,1,1,"",0
"GO:0060271","cilium assembly","0/17","97/3464",0,0,-0.701446211099576,1,1,1,"",0
"GO:0060285","cilium-dependent cell motility","0/17","25/3464",0,0,-0.352357874193654,1,1,1,"",0
"GO:0060291","long-term synaptic potentiation","0/17","23/3464",0,0,-0.337871567350104,1,1,1,"",0
"GO:0060292","long-term synaptic depression","0/17","8/3464",0,0,-0.198832874617629,1,1,1,"",0
"GO:0060294","cilium movement involved in cell motility","0/17","24/3464",0,0,-0.3451886157451,1,1,1,"",0
"GO:0060323","head morphogenesis","0/17","6/3464",0,0,-0.17214451739573,1,1,1,"",0
"GO:0060324","face development","0/17","5/3464",0,0,-0.15712300842042,1,1,1,"",0
"GO:0060325","face morphogenesis","0/17","5/3464",0,0,-0.15712300842042,1,1,1,"",0
"GO:0060326","cell chemotaxis","0/17","39/3464",0,0,-0.440993390439803,1,1,1,"",0
"GO:0060333","type II interferon-mediated signaling pathway","0/17","6/3464",0,0,-0.17214451739573,1,1,1,"",0
"GO:0060337","type I interferon-mediated signaling pathway","0/17","19/3464",0,0,-0.306910857143731,1,1,1,"",0
"GO:0060338","regulation of type I interferon-mediated signaling pathway","0/17","13/3464",0,0,-0.253646726191546,1,1,1,"",0
"GO:0060339","negative regulation of type I interferon-mediated signaling pathway","0/17","6/3464",0,0,-0.17214451739573,1,1,1,"",0
"GO:0060348","bone development","0/17","21/3464",0,0,-0.322753678537855,1,1,1,"",0
"GO:0060349","bone morphogenesis","0/17","7/3464",0,0,-0.185964220911726,1,1,1,"",0
"GO:0060350","endochondral bone morphogenesis","0/17","5/3464",0,0,-0.15712300842042,1,1,1,"",0
"GO:0060368","regulation of Fc receptor mediated stimulatory signaling pathway","0/17","5/3464",0,0,-0.15712300842042,1,1,1,"",0
"GO:0060382","regulation of DNA strand elongation","0/17","5/3464",0,0,-0.15712300842042,1,1,1,"",0
"GO:0060390","regulation of SMAD protein signal transduction","0/17","9/3464",0,0,-0.210924628871157,1,1,1,"",0
"GO:0060391","positive regulation of SMAD protein signal transduction","0/17","6/3464",0,0,-0.17214451739573,1,1,1,"",0
"GO:0060395","SMAD protein signal transduction","0/17","18/3464",0,0,-0.29868174554767,1,1,1,"",0
"GO:0060396","growth hormone receptor signaling pathway","0/17","6/3464",0,0,-0.17214451739573,1,1,1,"",0
"GO:0060402","calcium ion transport into cytosol","0/17","5/3464",0,0,-0.15712300842042,1,1,1,"",0
"GO:0060411","cardiac septum morphogenesis","0/17","7/3464",0,0,-0.185964220911726,1,1,1,"",0
"GO:0060412","ventricular septum morphogenesis","0/17","6/3464",0,0,-0.17214451739573,1,1,1,"",0
"GO:0060416","response to growth hormone","0/17","9/3464",0,0,-0.210924628871157,1,1,1,"",0
"GO:0060419","heart growth","0/17","12/3464",0,0,-0.243660591563121,1,1,1,"",0
"GO:0060420","regulation of heart growth","0/17","9/3464",0,0,-0.210924628871157,1,1,1,"",0
"GO:0060485","mesenchyme development","0/17","60/3464",0,0,-0.548669620503115,1,1,1,"",0
"GO:0060537","muscle tissue development","0/17","50/3464",0,0,-0.500130463301569,1,1,1,"",0
"GO:0060538","skeletal muscle organ development","0/17","26/3464",0,0,-0.359388190900476,1,1,1,"",0
"GO:0060541","respiratory system development","0/17","10/3464",0,0,-0.222366263304878,1,1,1,"",0
"GO:0060544","regulation of necroptotic process","0/17","6/3464",0,0,-0.17214451739573,1,1,1,"",0
"GO:0060562","epithelial tube morphogenesis","0/17","30/3464",0,0,-0.386269614985065,1,1,1,"",0
"GO:0060563","neuroepithelial cell differentiation","0/17","5/3464",0,0,-0.15712300842042,1,1,1,"",0
"GO:0060566","positive regulation of termination of DNA-templated transcription","0/17","5/3464",0,0,-0.15712300842042,1,1,1,"",0
"GO:0060606","tube closure","0/17","9/3464",0,0,-0.210924628871157,1,1,1,"",0
"GO:0060612","adipose tissue development","0/17","17/3464",0,0,-0.29022437442028,1,1,1,"",0
"GO:0060627","regulation of vesicle-mediated transport","0/17","168/3464",0,0,-0.933020324033383,1,1,1,"",0
"GO:0060628","regulation of ER to Golgi vesicle-mediated transport","0/17","11/3464",0,0,-0.233253472635466,1,1,1,"",0
"GO:0060632","regulation of microtubule-based movement","0/17","9/3464",0,0,-0.210924628871157,1,1,1,"",0
"GO:0060633","negative regulation of transcription initiation by RNA polymerase II","0/17","7/3464",0,0,-0.185964220911726,1,1,1,"",0
"GO:0060674","placenta blood vessel development","0/17","5/3464",0,0,-0.15712300842042,1,1,1,"",0
"GO:0060760","positive regulation of response to cytokine stimulus","0/17","14/3464",0,0,-0.263259792748828,1,1,1,"",0
"GO:0060761","negative regulation of response to cytokine stimulus","0/17","19/3464",0,0,-0.306910857143731,1,1,1,"",0
"GO:0060765","regulation of androgen receptor signaling pathway","0/17","12/3464",0,0,-0.243660591563121,1,1,1,"",0
"GO:0060766","negative regulation of androgen receptor signaling pathway","0/17","5/3464",0,0,-0.15712300842042,1,1,1,"",0
"GO:0060816","random inactivation of X chromosome","0/17","7/3464",0,0,-0.185964220911726,1,1,1,"",0
"GO:0060828","regulation of canonical Wnt signaling pathway","0/17","67/3464",0,0,-0.580389694833055,1,1,1,"",0
"GO:0060840","artery development","0/17","13/3464",0,0,-0.253646726191546,1,1,1,"",0
"GO:0060964","regulation of miRNA-mediated gene silencing","0/17","13/3464",0,0,-0.253646726191546,1,1,1,"",0
"GO:0060966","regulation of gene silencing by regulatory ncRNA","0/17","15/3464",0,0,-0.272539275511706,1,1,1,"",0
"GO:0060972","left/right pattern formation","0/17","14/3464",0,0,-0.263259792748828,1,1,1,"",0
"GO:0060993","kidney morphogenesis","0/17","9/3464",0,0,-0.210924628871157,1,1,1,"",0
"GO:0060999","positive regulation of dendritic spine development","0/17","18/3464",0,0,-0.29868174554767,1,1,1,"",0
"GO:0061000","negative regulation of dendritic spine development","0/17","5/3464",0,0,-0.15712300842042,1,1,1,"",0
"GO:0061003","positive regulation of dendritic spine morphogenesis","0/17","11/3464",0,0,-0.233253472635466,1,1,1,"",0
"GO:0061008","hepaticobiliary system development","0/17","16/3464",0,0,-0.281518167921038,1,1,1,"",0
"GO:0061013","regulation of mRNA catabolic process","0/17","76/3464",0,0,-0.618963671662433,1,1,1,"",0
"GO:0061014","positive regulation of mRNA catabolic process","0/17","45/3464",0,0,-0.47411835755977,1,1,1,"",0
"GO:0061025","membrane fusion","0/17","59/3464",0,0,-0.5439982623352,1,1,1,"",0
"GO:0061028","establishment of endothelial barrier","0/17","10/3464",0,0,-0.222366263304878,1,1,1,"",0
"GO:0061035","regulation of cartilage development","0/17","8/3464",0,0,-0.198832874617629,1,1,1,"",0
"GO:0061041","regulation of wound healing","0/17","18/3464",0,0,-0.29868174554767,1,1,1,"",0
"GO:0061045","negative regulation of wound healing","0/17","9/3464",0,0,-0.210924628871157,1,1,1,"",0
"GO:0061061","muscle structure development","0/17","137/3464",0,0,-0.83861755218331,1,1,1,"",0
"GO:0061081","positive regulation of myeloid leukocyte cytokine production involved in immune response","0/17","5/3464",0,0,-0.15712300842042,1,1,1,"",0
"GO:0061082","myeloid leukocyte cytokine production","0/17","5/3464",0,0,-0.15712300842042,1,1,1,"",0
"GO:0061136","regulation of proteasomal protein catabolic process","0/17","91/3464",0,0,-0.678801182688221,1,1,1,"",0
"GO:0061138","morphogenesis of a branching epithelium","0/17","10/3464",0,0,-0.222366263304878,1,1,1,"",0
"GO:0061154","endothelial tube morphogenesis","0/17","7/3464",0,0,-0.185964220911726,1,1,1,"",0
"GO:0061157","mRNA destabilization","0/17","43/3464",0,0,-0.463327156147038,1,1,1,"",0
"GO:0061158","3'-UTR-mediated mRNA destabilization","0/17","6/3464",0,0,-0.17214451739573,1,1,1,"",0
"GO:0061178","regulation of insulin secretion involved in cellular response to glucose stimulus","0/17","11/3464",0,0,-0.233253472635466,1,1,1,"",0
"GO:0061180","mammary gland epithelium development","0/17","7/3464",0,0,-0.185964220911726,1,1,1,"",0
"GO:0061333","renal tubule morphogenesis","0/17","7/3464",0,0,-0.185964220911726,1,1,1,"",0
"GO:0061351","neural precursor cell proliferation","0/17","32/3464",0,0,-0.399053766541762,1,1,1,"",0
"GO:0061371","determination of heart left/right asymmetry","0/17","6/3464",0,0,-0.17214451739573,1,1,1,"",0
"GO:0061383","trabecula morphogenesis","0/17","5/3464",0,0,-0.15712300842042,1,1,1,"",0
"GO:0061448","connective tissue development","0/17","39/3464",0,0,-0.440993390439803,1,1,1,"",0
"GO:0061458","reproductive system development","0/17","23/3464",0,0,-0.337871567350104,1,1,1,"",0
"GO:0061462","protein localization to lysosome","0/17","22/3464",0,0,-0.330396906346997,1,1,1,"",0
"GO:0061512","protein localization to cilium","0/17","31/3464",0,0,-0.39271185338966,1,1,1,"",0
"GO:0061515","myeloid cell development","0/17","10/3464",0,0,-0.222366263304878,1,1,1,"",0
"GO:0061614","miRNA transcription","0/17","20/3464",0,0,-0.314929606982663,1,1,1,"",0
"GO:0061615","glycolytic process through fructose-6-phosphate","0/17","12/3464",0,0,-0.243660591563121,1,1,1,"",0
"GO:0061620","glycolytic process through glucose-6-phosphate","0/17","12/3464",0,0,-0.243660591563121,1,1,1,"",0
"GO:0061621","canonical glycolysis","0/17","12/3464",0,0,-0.243660591563121,1,1,1,"",0
"GO:0061635","regulation of protein complex stability","0/17","7/3464",0,0,-0.185964220911726,1,1,1,"",0
"GO:0061684","chaperone-mediated autophagy","0/17","8/3464",0,0,-0.198832874617629,1,1,1,"",0
"GO:0061709","reticulophagy","0/17","11/3464",0,0,-0.233253472635466,1,1,1,"",0
"GO:0061718","glucose catabolic process to pyruvate","0/17","12/3464",0,0,-0.243660591563121,1,1,1,"",0
"GO:0061723","glycophagy","0/17","6/3464",0,0,-0.17214451739573,1,1,1,"",0
"GO:0061734","type 2 mitophagy","0/17","8/3464",0,0,-0.198832874617629,1,1,1,"",0
"GO:0061795","Golgi lumen acidification","0/17","8/3464",0,0,-0.198832874617629,1,1,1,"",0
"GO:0061844","antimicrobial humoral immune response mediated by antimicrobial peptide","0/17","6/3464",0,0,-0.17214451739573,1,1,1,"",0
"GO:0061900","glial cell activation","0/17","9/3464",0,0,-0.210924628871157,1,1,1,"",0
"GO:0061909","autophagosome-lysosome fusion","0/17","9/3464",0,0,-0.210924628871157,1,1,1,"",0
"GO:0061919","process utilizing autophagic mechanism","0/17","243/3464",0,0,-1.13510971104498,1,1,1,"",0
"GO:0061951","establishment of protein localization to plasma membrane","0/17","25/3464",0,0,-0.352357874193654,1,1,1,"",0
"GO:0061952","midbody abscission","0/17","7/3464",0,0,-0.185964220911726,1,1,1,"",0
"GO:0061982","meiosis I cell cycle process","0/17","9/3464",0,0,-0.210924628871157,1,1,1,"",0
"GO:0062012","regulation of small molecule metabolic process","0/17","77/3464",0,0,-0.623114459153914,1,1,1,"",0
"GO:0062013","positive regulation of small molecule metabolic process","0/17","44/3464",0,0,-0.468752233411199,1,1,1,"",0
"GO:0062014","negative regulation of small molecule metabolic process","0/17","19/3464",0,0,-0.306910857143731,1,1,1,"",0
"GO:0062028","regulation of stress granule assembly","0/17","6/3464",0,0,-0.17214451739573,1,1,1,"",0
"GO:0062098","regulation of programmed necrotic cell death","0/17","7/3464",0,0,-0.185964220911726,1,1,1,"",0
"GO:0062125","regulation of mitochondrial gene expression","0/17","5/3464",0,0,-0.15712300842042,1,1,1,"",0
"GO:0062176","R-loop processing","0/17","6/3464",0,0,-0.17214451739573,1,1,1,"",0
"GO:0062197","cellular response to chemical stress","0/17","90/3464",0,0,-0.674961156685226,1,1,1,"",0
"GO:0062207","regulation of pattern recognition receptor signaling pathway","0/17","49/3464",0,0,-0.495031404012546,1,1,1,"",0
"GO:0062208","positive regulation of pattern recognition receptor signaling pathway","0/17","18/3464",0,0,-0.29868174554767,1,1,1,"",0
"GO:0062237","protein localization to postsynapse","0/17","18/3464",0,0,-0.29868174554767,1,1,1,"",0
"GO:0065002","intracellular protein transmembrane transport","0/17","14/3464",0,0,-0.263259792748828,1,1,1,"",0
"GO:0065004","protein-DNA complex assembly","0/17","46/3464",0,0,-0.479427510851292,1,1,1,"",0
"GO:0065005","protein-lipid complex assembly","0/17","5/3464",0,0,-0.15712300842042,1,1,1,"",0
"GO:0070050","neuron cellular homeostasis","0/17","19/3464",0,0,-0.306910857143731,1,1,1,"",0
"GO:0070059","intrinsic apoptotic signaling pathway in response to endoplasmic reticulum stress","0/17","17/3464",0,0,-0.29022437442028,1,1,1,"",0
"GO:0070086","ubiquitin-dependent endocytosis","0/17","5/3464",0,0,-0.15712300842042,1,1,1,"",0
"GO:0070098","chemokine-mediated signaling pathway","0/17","7/3464",0,0,-0.185964220911726,1,1,1,"",0
"GO:0070102","interleukin-6-mediated signaling pathway","0/17","5/3464",0,0,-0.15712300842042,1,1,1,"",0
"GO:0070142","synaptic vesicle budding","0/17","5/3464",0,0,-0.15712300842042,1,1,1,"",0
"GO:0070167","regulation of biomineral tissue development","0/17","13/3464",0,0,-0.253646726191546,1,1,1,"",0
"GO:0070169","positive regulation of biomineral tissue development","0/17","10/3464",0,0,-0.222366263304878,1,1,1,"",0
"GO:0070199","establishment of protein localization to chromosome","0/17","7/3464",0,0,-0.185964220911726,1,1,1,"",0
"GO:0070200","establishment of protein localization to telomere","0/17","5/3464",0,0,-0.15712300842042,1,1,1,"",0
"GO:0070227","lymphocyte apoptotic process","0/17","8/3464",0,0,-0.198832874617629,1,1,1,"",0
"GO:0070228","regulation of lymphocyte apoptotic process","0/17","5/3464",0,0,-0.15712300842042,1,1,1,"",0
"GO:0070252","actin-mediated cell contraction","0/17","23/3464",0,0,-0.337871567350104,1,1,1,"",0
"GO:0070266","necroptotic process","0/17","8/3464",0,0,-0.198832874617629,1,1,1,"",0
"GO:0070296","sarcoplasmic reticulum calcium ion transport","0/17","10/3464",0,0,-0.222366263304878,1,1,1,"",0
"GO:0070301","cellular response to hydrogen peroxide","0/17","16/3464",0,0,-0.281518167921038,1,1,1,"",0
"GO:0070302","regulation of stress-activated protein kinase signaling cascade","0/17","13/3464",0,0,-0.253646726191546,1,1,1,"",0
"GO:0070304","positive regulation of stress-activated protein kinase signaling cascade","0/17","8/3464",0,0,-0.198832874617629,1,1,1,"",0
"GO:0070306","lens fiber cell differentiation","0/17","7/3464",0,0,-0.185964220911726,1,1,1,"",0
"GO:0070316","regulation of G0 to G1 transition","0/17","12/3464",0,0,-0.243660591563121,1,1,1,"",0
"GO:0070328","triglyceride homeostasis","0/17","6/3464",0,0,-0.17214451739573,1,1,1,"",0
"GO:0070341","fat cell proliferation","0/17","5/3464",0,0,-0.15712300842042,1,1,1,"",0
"GO:0070371","ERK1 and ERK2 cascade","0/17","47/3464",0,0,-0.484681568129949,1,1,1,"",0
"GO:0070372","regulation of ERK1 and ERK2 cascade","0/17","43/3464",0,0,-0.463327156147038,1,1,1,"",0
"GO:0070373","negative regulation of ERK1 and ERK2 cascade","0/17","15/3464",0,0,-0.272539275511706,1,1,1,"",0
"GO:0070374","positive regulation of ERK1 and ERK2 cascade","0/17","25/3464",0,0,-0.352357874193654,1,1,1,"",0
"GO:0070498","interleukin-1-mediated signaling pathway","0/17","6/3464",0,0,-0.17214451739573,1,1,1,"",0
"GO:0070509","calcium ion import","0/17","9/3464",0,0,-0.210924628871157,1,1,1,"",0
"GO:0070527","platelet aggregation","0/17","13/3464",0,0,-0.253646726191546,1,1,1,"",0
"GO:0070534","protein K63-linked ubiquitination","0/17","22/3464",0,0,-0.330396906346997,1,1,1,"",0
"GO:0070536","protein K63-linked deubiquitination","0/17","8/3464",0,0,-0.198832874617629,1,1,1,"",0
"GO:0070542","response to fatty acid","0/17","6/3464",0,0,-0.17214451739573,1,1,1,"",0
"GO:0070555","response to interleukin-1","0/17","19/3464",0,0,-0.306910857143731,1,1,1,"",0
"GO:0070570","regulation of neuron projection regeneration","0/17","6/3464",0,0,-0.17214451739573,1,1,1,"",0
"GO:0070571","negative regulation of neuron projection regeneration","0/17","5/3464",0,0,-0.15712300842042,1,1,1,"",0
"GO:0070585","protein localization to mitochondrion","0/17","52/3464",0,0,-0.510184459151963,1,1,1,"",0
"GO:0070593","dendrite self-avoidance","0/17","5/3464",0,0,-0.15712300842042,1,1,1,"",0
"GO:0070613","regulation of protein processing","0/17","6/3464",0,0,-0.17214451739573,1,1,1,"",0
"GO:0070633","transepithelial transport","0/17","9/3464",0,0,-0.210924628871157,1,1,1,"",0
"GO:0070664","negative regulation of leukocyte proliferation","0/17","7/3464",0,0,-0.185964220911726,1,1,1,"",0
"GO:0070723","response to cholesterol","0/17","5/3464",0,0,-0.15712300842042,1,1,1,"",0
"GO:0070741","response to interleukin-6","0/17","8/3464",0,0,-0.198832874617629,1,1,1,"",0
"GO:0070778","L-aspartate transmembrane transport","0/17","5/3464",0,0,-0.15712300842042,1,1,1,"",0
"GO:0070828","heterochromatin organization","0/17","63/3464",0,0,-0.562466969038577,1,1,1,"",0
"GO:0070830","bicellular tight junction assembly","0/17","10/3464",0,0,-0.222366263304878,1,1,1,"",0
"GO:0070841","inclusion body assembly","0/17","17/3464",0,0,-0.29022437442028,1,1,1,"",0
"GO:0070848","response to growth factor","0/17","169/3464",0,0,-0.935935041484839,1,1,1,"",0
"GO:0070849","response to epidermal growth factor","0/17","20/3464",0,0,-0.314929606982663,1,1,1,"",0
"GO:0070861","regulation of protein exit from endoplasmic reticulum","0/17","14/3464",0,0,-0.263259792748828,1,1,1,"",0
"GO:0070862","negative regulation of protein exit from endoplasmic reticulum","0/17","5/3464",0,0,-0.15712300842042,1,1,1,"",0
"GO:0070863","positive regulation of protein exit from endoplasmic reticulum","0/17","9/3464",0,0,-0.210924628871157,1,1,1,"",0
"GO:0070873","regulation of glycogen metabolic process","0/17","8/3464",0,0,-0.198832874617629,1,1,1,"",0
"GO:0070875","positive regulation of glycogen metabolic process","0/17","7/3464",0,0,-0.185964220911726,1,1,1,"",0
"GO:0070884","regulation of calcineurin-NFAT signaling cascade","0/17","9/3464",0,0,-0.210924628871157,1,1,1,"",0
"GO:0070886","positive regulation of calcineurin-NFAT signaling cascade","0/17","5/3464",0,0,-0.15712300842042,1,1,1,"",0
"GO:0070897","transcription preinitiation complex assembly","0/17","20/3464",0,0,-0.314929606982663,1,1,1,"",0
"GO:0070914","UV-damage excision repair","0/17","5/3464",0,0,-0.15712300842042,1,1,1,"",0
"GO:0070918","regulatory ncRNA processing","0/17","21/3464",0,0,-0.322753678537855,1,1,1,"",0
"GO:0070922","RISC complex assembly","0/17","7/3464",0,0,-0.185964220911726,1,1,1,"",0
"GO:0070934","CRD-mediated mRNA stabilization","0/17","5/3464",0,0,-0.15712300842042,1,1,1,"",0
"GO:0070935","3'-UTR-mediated mRNA stabilization","0/17","8/3464",0,0,-0.198832874617629,1,1,1,"",0
"GO:0070936","protein K48-linked ubiquitination","0/17","47/3464",0,0,-0.484681568129949,1,1,1,"",0
"GO:0070972","protein localization to endoplasmic reticulum","0/17","20/3464",0,0,-0.314929606982663,1,1,1,"",0
"GO:0070973","protein localization to endoplasmic reticulum exit site","0/17","6/3464",0,0,-0.17214451739573,1,1,1,"",0
"GO:0070979","protein K11-linked ubiquitination","0/17","17/3464",0,0,-0.29022437442028,1,1,1,"",0
"GO:0071025","RNA surveillance","0/17","15/3464",0,0,-0.272539275511706,1,1,1,"",0
"GO:0071027","nuclear RNA surveillance","0/17","14/3464",0,0,-0.263259792748828,1,1,1,"",0
"GO:0071044","histone mRNA catabolic process","0/17","6/3464",0,0,-0.17214451739573,1,1,1,"",0
"GO:0071071","regulation of phospholipid biosynthetic process","0/17","6/3464",0,0,-0.17214451739573,1,1,1,"",0
"GO:0071103","DNA conformation change","0/17","9/3464",0,0,-0.210924628871157,1,1,1,"",0
"GO:0071108","protein K48-linked deubiquitination","0/17","12/3464",0,0,-0.243660591563121,1,1,1,"",0
"GO:0071166","ribonucleoprotein complex localization","0/17","7/3464",0,0,-0.185964220911726,1,1,1,"",0
"GO:0071168","protein localization to chromatin","0/17","17/3464",0,0,-0.29022437442028,1,1,1,"",0
"GO:0071173","spindle assembly checkpoint signaling","0/17","14/3464",0,0,-0.263259792748828,1,1,1,"",0
"GO:0071174","mitotic spindle checkpoint signaling","0/17","14/3464",0,0,-0.263259792748828,1,1,1,"",0
"GO:0071214","cellular response to abiotic stimulus","0/17","66/3464",0,0,-0.575957377090023,1,1,1,"",0
"GO:0071216","cellular response to biotic stimulus","0/17","23/3464",0,0,-0.337871567350104,1,1,1,"",0
"GO:0071218","cellular response to misfolded protein","0/17","5/3464",0,0,-0.15712300842042,1,1,1,"",0
"GO:0071219","cellular response to molecule of bacterial origin","0/17","20/3464",0,0,-0.314929606982663,1,1,1,"",0
"GO:0071222","cellular response to lipopolysaccharide","0/17","20/3464",0,0,-0.314929606982663,1,1,1,"",0
"GO:0071233","cellular response to L-leucine","0/17","7/3464",0,0,-0.185964220911726,1,1,1,"",0
"GO:0071243","cellular response to arsenic-containing substance","0/17","5/3464",0,0,-0.15712300842042,1,1,1,"",0
"GO:0071248","cellular response to metal ion","0/17","38/3464",0,0,-0.435239380780737,1,1,1,"",0
"GO:0071260","cellular response to mechanical stimulus","0/17","13/3464",0,0,-0.253646726191546,1,1,1,"",0
"GO:0071277","cellular response to calcium ion","0/17","20/3464",0,0,-0.314929606982663,1,1,1,"",0
"GO:0071280","cellular response to copper ion","0/17","6/3464",0,0,-0.17214451739573,1,1,1,"",0
"GO:0071287","cellular response to manganese ion","0/17","5/3464",0,0,-0.15712300842042,1,1,1,"",0
"GO:0071300","cellular response to retinoic acid","0/17","6/3464",0,0,-0.17214451739573,1,1,1,"",0
"GO:0071312","cellular response to alkaloid","0/17","5/3464",0,0,-0.15712300842042,1,1,1,"",0
"GO:0071320","cellular response to cAMP","0/17","10/3464",0,0,-0.222366263304878,1,1,1,"",0
"GO:0071322","cellular response to carbohydrate stimulus","0/17","25/3464",0,0,-0.352357874193654,1,1,1,"",0
"GO:0071326","cellular response to monosaccharide stimulus","0/17","24/3464",0,0,-0.3451886157451,1,1,1,"",0
"GO:0071331","cellular response to hexose stimulus","0/17","24/3464",0,0,-0.3451886157451,1,1,1,"",0
"GO:0071333","cellular response to glucose stimulus","0/17","24/3464",0,0,-0.3451886157451,1,1,1,"",0
"GO:0071346","cellular response to type II interferon","0/17","15/3464",0,0,-0.272539275511706,1,1,1,"",0
"GO:0071347","cellular response to interleukin-1","0/17","16/3464",0,0,-0.281518167921038,1,1,1,"",0
"GO:0071354","cellular response to interleukin-6","0/17","8/3464",0,0,-0.198832874617629,1,1,1,"",0
"GO:0071356","cellular response to tumor necrosis factor","0/17","46/3464",0,0,-0.479427510851292,1,1,1,"",0
"GO:0071357","cellular response to type I interferon","0/17","40/3464",0,0,-0.446676580142383,1,1,1,"",0
"GO:0071362","cellular response to ether","0/17","5/3464",0,0,-0.15712300842042,1,1,1,"",0
"GO:0071363","cellular response to growth factor stimulus","0/17","162/3464",0,0,-0.9153749798141,1,1,1,"",0
"GO:0071364","cellular response to epidermal growth factor stimulus","0/17","17/3464",0,0,-0.29022437442028,1,1,1,"",0
"GO:0071378","cellular response to growth hormone stimulus","0/17","7/3464",0,0,-0.185964220911726,1,1,1,"",0
"GO:0071384","cellular response to corticosteroid stimulus","0/17","9/3464",0,0,-0.210924628871157,1,1,1,"",0
"GO:0071385","cellular response to glucocorticoid stimulus","0/17","8/3464",0,0,-0.198832874617629,1,1,1,"",0
"GO:0071402","cellular response to lipoprotein particle stimulus","0/17","10/3464",0,0,-0.222366263304878,1,1,1,"",0
"GO:0071404","cellular response to low-density lipoprotein particle stimulus","0/17","7/3464",0,0,-0.185964220911726,1,1,1,"",0
"GO:0071421","manganese ion transmembrane transport","0/17","5/3464",0,0,-0.15712300842042,1,1,1,"",0
"GO:0071425","hematopoietic stem cell proliferation","0/17","5/3464",0,0,-0.15712300842042,1,1,1,"",0
"GO:0071450","cellular response to oxygen radical","0/17","6/3464",0,0,-0.17214451739573,1,1,1,"",0
"GO:0071451","cellular response to superoxide","0/17","6/3464",0,0,-0.17214451739573,1,1,1,"",0
"GO:0071453","cellular response to oxygen levels","0/17","57/3464",0,0,-0.534541497290977,1,1,1,"",0
"GO:0071456","cellular response to hypoxia","0/17","46/3464",0,0,-0.479427510851292,1,1,1,"",0
"GO:0071466","cellular response to xenobiotic stimulus","0/17","17/3464",0,0,-0.29022437442028,1,1,1,"",0
"GO:0071467","cellular response to pH","0/17","5/3464",0,0,-0.15712300842042,1,1,1,"",0
"GO:0071470","cellular response to osmotic stress","0/17","14/3464",0,0,-0.263259792748828,1,1,1,"",0
"GO:0071474","cellular hyperosmotic response","0/17","6/3464",0,0,-0.17214451739573,1,1,1,"",0
"GO:0071478","cellular response to radiation","0/17","34/3464",0,0,-0.411455112762703,1,1,1,"",0
"GO:0071479","cellular response to ionizing radiation","0/17","15/3464",0,0,-0.272539275511706,1,1,1,"",0
"GO:0071480","cellular response to gamma radiation","0/17","8/3464",0,0,-0.198832874617629,1,1,1,"",0
"GO:0071482","cellular response to light stimulus","0/17","21/3464",0,0,-0.322753678537855,1,1,1,"",0
"GO:0071496","cellular response to external stimulus","0/17","13/3464",0,0,-0.253646726191546,1,1,1,"",0
"GO:0071498","cellular response to fluid shear stress","0/17","20/3464",0,0,-0.314929606982663,1,1,1,"",0
"GO:0071499","cellular response to laminar fluid shear stress","0/17","12/3464",0,0,-0.243660591563121,1,1,1,"",0
"GO:0071501","cellular response to sterol depletion","0/17","5/3464",0,0,-0.15712300842042,1,1,1,"",0
"GO:0071526","semaphorin-plexin signaling pathway","0/17","15/3464",0,0,-0.272539275511706,1,1,1,"",0
"GO:0071539","protein localization to centrosome","0/17","16/3464",0,0,-0.281518167921038,1,1,1,"",0
"GO:0071548","response to dexamethasone","0/17","7/3464",0,0,-0.185964220911726,1,1,1,"",0
"GO:0071559","response to transforming growth factor beta","0/17","66/3464",0,0,-0.575957377090023,1,1,1,"",0
"GO:0071560","cellular response to transforming growth factor beta stimulus","0/17","65/3464",0,0,-0.571493323100444,1,1,1,"",0
"GO:0071577","zinc ion transmembrane transport","0/17","11/3464",0,0,-0.233253472635466,1,1,1,"",0
"GO:0071616","acyl-CoA biosynthetic process","0/17","18/3464",0,0,-0.29868174554767,1,1,1,"",0
"GO:0071621","granulocyte chemotaxis","0/17","15/3464",0,0,-0.272539275511706,1,1,1,"",0
"GO:0071622","regulation of granulocyte chemotaxis","0/17","8/3464",0,0,-0.198832874617629,1,1,1,"",0
"GO:0071636","positive regulation of transforming growth factor beta production","0/17","5/3464",0,0,-0.15712300842042,1,1,1,"",0
"GO:0071674","mononuclear cell migration","0/17","32/3464",0,0,-0.399053766541762,1,1,1,"",0
"GO:0071675","regulation of mononuclear cell migration","0/17","26/3464",0,0,-0.359388190900476,1,1,1,"",0
"GO:0071677","positive regulation of mononuclear cell migration","0/17","21/3464",0,0,-0.322753678537855,1,1,1,"",0
"GO:0071679","commissural neuron axon guidance","0/17","5/3464",0,0,-0.15712300842042,1,1,1,"",0
"GO:0071692","protein localization to extracellular region","0/17","65/3464",0,0,-0.571493323100444,1,1,1,"",0
"GO:0071705","nitrogen compound transport","0/17","165/3464",0,0,-0.924231740209632,1,1,1,"",0
"GO:0071706","tumor necrosis factor superfamily cytokine production","0/17","29/3464",0,0,-0.379721941742842,1,1,1,"",0
"GO:0071709","membrane assembly","0/17","26/3464",0,0,-0.359388190900476,1,1,1,"",0
"GO:0071731","response to nitric oxide","0/17","5/3464",0,0,-0.15712300842042,1,1,1,"",0
"GO:0071732","cellular response to nitric oxide","0/17","5/3464",0,0,-0.15712300842042,1,1,1,"",0
"GO:0071763","nuclear membrane organization","0/17","15/3464",0,0,-0.272539275511706,1,1,1,"",0
"GO:0071772","response to BMP","0/17","29/3464",0,0,-0.379721941742842,1,1,1,"",0
"GO:0071773","cellular response to BMP stimulus","0/17","29/3464",0,0,-0.379721941742842,1,1,1,"",0
"GO:0071774","response to fibroblast growth factor","0/17","15/3464",0,0,-0.272539275511706,1,1,1,"",0
"GO:0071786","endoplasmic reticulum tubular network organization","0/17","12/3464",0,0,-0.243660591563121,1,1,1,"",0
"GO:0071806","protein transmembrane transport","0/17","24/3464",0,0,-0.3451886157451,1,1,1,"",0
"GO:0071824","protein-DNA complex organization","0/17","55/3464",0,0,-0.524925788047709,1,1,1,"",0
"GO:0071825","protein-lipid complex organization","0/17","6/3464",0,0,-0.17214451739573,1,1,1,"",0
"GO:0071826","protein-RNA complex organization","0/17","88/3464",0,0,-0.667221729916716,1,1,1,"",0
"GO:0071827","plasma lipoprotein particle organization","0/17","5/3464",0,0,-0.15712300842042,1,1,1,"",0
"GO:0071871","response to epinephrine","0/17","5/3464",0,0,-0.15712300842042,1,1,1,"",0
"GO:0071875","adrenergic receptor signaling pathway","0/17","10/3464",0,0,-0.222366263304878,1,1,1,"",0
"GO:0071880","adenylate cyclase-activating adrenergic receptor signaling pathway","0/17","6/3464",0,0,-0.17214451739573,1,1,1,"",0
"GO:0071887","leukocyte apoptotic process","0/17","11/3464",0,0,-0.233253472635466,1,1,1,"",0
"GO:0071895","odontoblast differentiation","0/17","5/3464",0,0,-0.15712300842042,1,1,1,"",0
"GO:0071897","DNA biosynthetic process","0/17","38/3464",0,0,-0.435239380780737,1,1,1,"",0
"GO:0071900","regulation of protein serine/threonine kinase activity","0/17","30/3464",0,0,-0.386269614985065,1,1,1,"",0
"GO:0071901","negative regulation of protein serine/threonine kinase activity","0/17","12/3464",0,0,-0.243660591563121,1,1,1,"",0
"GO:0071902","positive regulation of protein serine/threonine kinase activity","0/17","11/3464",0,0,-0.233253472635466,1,1,1,"",0
"GO:0071985","multivesicular body sorting pathway","0/17","20/3464",0,0,-0.314929606982663,1,1,1,"",0
"GO:0072028","nephron morphogenesis","0/17","5/3464",0,0,-0.15712300842042,1,1,1,"",0
"GO:0072078","nephron tubule morphogenesis","0/17","5/3464",0,0,-0.15712300842042,1,1,1,"",0
"GO:0072088","nephron epithelium morphogenesis","0/17","5/3464",0,0,-0.15712300842042,1,1,1,"",0
"GO:0072089","stem cell proliferation","0/17","9/3464",0,0,-0.210924628871157,1,1,1,"",0
"GO:0072091","regulation of stem cell proliferation","0/17","7/3464",0,0,-0.185964220911726,1,1,1,"",0
"GO:0072132","mesenchyme morphogenesis","0/17","7/3464",0,0,-0.185964220911726,1,1,1,"",0
"GO:0072163","mesonephric epithelium development","0/17","9/3464",0,0,-0.210924628871157,1,1,1,"",0
"GO:0072164","mesonephric tubule development","0/17","9/3464",0,0,-0.210924628871157,1,1,1,"",0
"GO:0072175","epithelial tube formation","0/17","10/3464",0,0,-0.222366263304878,1,1,1,"",0
"GO:0072319","vesicle uncoating","0/17","6/3464",0,0,-0.17214451739573,1,1,1,"",0
"GO:0072329","monocarboxylic acid catabolic process","0/17","32/3464",0,0,-0.399053766541762,1,1,1,"",0
"GO:0072330","monocarboxylic acid biosynthetic process","0/17","35/3464",0,0,-0.41752294232855,1,1,1,"",0
"GO:0072331","signal transduction by p53 class mediator","0/17","48/3464",0,0,-0.489882304792675,1,1,1,"",0
"GO:0072332","intrinsic apoptotic signaling pathway by p53 class mediator","0/17","16/3464",0,0,-0.281518167921038,1,1,1,"",0
"GO:0072337","modified amino acid transport","0/17","5/3464",0,0,-0.15712300842042,1,1,1,"",0
"GO:0072344","rescue of stalled cytosolic ribosome","0/17","16/3464",0,0,-0.281518167921038,1,1,1,"",0
"GO:0072348","sulfur compound transport","0/17","10/3464",0,0,-0.222366263304878,1,1,1,"",0
"GO:0072350","tricarboxylic acid metabolic process","0/17","5/3464",0,0,-0.15712300842042,1,1,1,"",0
"GO:0072359","circulatory system development","0/17","172/3464",0,0,-0.944635744339573,1,1,1,"",0
"GO:0072393","microtubule anchoring at microtubule organizing center","0/17","6/3464",0,0,-0.17214451739573,1,1,1,"",0
"GO:0072521","purine-containing compound metabolic process","0/17","144/3464",0,0,-0.86068110537247,1,1,1,"",0
"GO:0072522","purine-containing compound biosynthetic process","0/17","69/3464",0,0,-0.589161990559319,1,1,1,"",0
"GO:0072523","purine-containing compound catabolic process","0/17","44/3464",0,0,-0.468752233411199,1,1,1,"",0
"GO:0072524","pyridine-containing compound metabolic process","0/17","50/3464",0,0,-0.500130463301569,1,1,1,"",0
"GO:0072526","pyridine-containing compound catabolic process","0/17","34/3464",0,0,-0.411455112762703,1,1,1,"",0
"GO:0072527","pyrimidine-containing compound metabolic process","0/17","15/3464",0,0,-0.272539275511706,1,1,1,"",0
"GO:0072528","pyrimidine-containing compound biosynthetic process","0/17","12/3464",0,0,-0.243660591563121,1,1,1,"",0
"GO:0072529","pyrimidine-containing compound catabolic process","0/17","5/3464",0,0,-0.15712300842042,1,1,1,"",0
"GO:0072530","purine-containing compound transmembrane transport","0/17","5/3464",0,0,-0.15712300842042,1,1,1,"",0
"GO:0072538","T-helper 17 type immune response","0/17","14/3464",0,0,-0.263259792748828,1,1,1,"",0
"GO:0072539","T-helper 17 cell differentiation","0/17","14/3464",0,0,-0.263259792748828,1,1,1,"",0
"GO:0072540","T-helper 17 cell lineage commitment","0/17","6/3464",0,0,-0.17214451739573,1,1,1,"",0
"GO:0072577","endothelial cell apoptotic process","0/17","11/3464",0,0,-0.233253472635466,1,1,1,"",0
"GO:0072578","neurotransmitter-gated ion channel clustering","0/17","5/3464",0,0,-0.15712300842042,1,1,1,"",0
"GO:0072583","clathrin-dependent endocytosis","0/17","25/3464",0,0,-0.352357874193654,1,1,1,"",0
"GO:0072593","reactive oxygen species metabolic process","0/17","41/3464",0,0,-0.452291622376296,1,1,1,"",0
"GO:0072594","establishment of protein localization to organelle","0/17","141/3464",0,0,-0.851283960020189,1,1,1,"",0
"GO:0072599","establishment of protein localization to endoplasmic reticulum","0/17","20/3464",0,0,-0.314929606982663,1,1,1,"",0
"GO:0072662","protein localization to peroxisome","0/17","7/3464",0,0,-0.185964220911726,1,1,1,"",0
"GO:0072663","establishment of protein localization to peroxisome","0/17","9/3464",0,0,-0.210924628871157,1,1,1,"",0
"GO:0072665","protein localization to vacuole","0/17","35/3464",0,0,-0.41752294232855,1,1,1,"",0
"GO:0072666","establishment of protein localization to vacuole","0/17","28/3464",0,0,-0.373063278791047,1,1,1,"",0
"GO:0072673","lamellipodium morphogenesis","0/17","7/3464",0,0,-0.185964220911726,1,1,1,"",0
"GO:0072676","lymphocyte migration","0/17","15/3464",0,0,-0.272539275511706,1,1,1,"",0
"GO:0072678","T cell migration","0/17","11/3464",0,0,-0.233253472635466,1,1,1,"",0
"GO:0072698","protein localization to microtubule cytoskeleton","0/17","22/3464",0,0,-0.330396906346997,1,1,1,"",0
"GO:0075522","IRES-dependent viral translational initiation","0/17","7/3464",0,0,-0.185964220911726,1,1,1,"",0
"GO:0075733","intracellular transport of virus","0/17","5/3464",0,0,-0.15712300842042,1,1,1,"",0
"GO:0080164","regulation of nitric oxide metabolic process","0/17","14/3464",0,0,-0.263259792748828,1,1,1,"",0
"GO:0080171","lytic vacuole organization","0/17","39/3464",0,0,-0.440993390439803,1,1,1,"",0
"GO:0086001","cardiac muscle cell action potential","0/17","21/3464",0,0,-0.322753678537855,1,1,1,"",0
"GO:0086002","cardiac muscle cell action potential involved in contraction","0/17","9/3464",0,0,-0.210924628871157,1,1,1,"",0
"GO:0086003","cardiac muscle cell contraction","0/17","16/3464",0,0,-0.281518167921038,1,1,1,"",0
"GO:0086004","regulation of cardiac muscle cell contraction","0/17","10/3464",0,0,-0.222366263304878,1,1,1,"",0
"GO:0086009","membrane repolarization","0/17","11/3464",0,0,-0.233253472635466,1,1,1,"",0
"GO:0086010","membrane depolarization during action potential","0/17","5/3464",0,0,-0.15712300842042,1,1,1,"",0
"GO:0086011","membrane repolarization during action potential","0/17","6/3464",0,0,-0.17214451739573,1,1,1,"",0
"GO:0086013","membrane repolarization during cardiac muscle cell action potential","0/17","6/3464",0,0,-0.17214451739573,1,1,1,"",0
"GO:0086091","regulation of heart rate by cardiac conduction","0/17","5/3464",0,0,-0.15712300842042,1,1,1,"",0
"GO:0089718","amino acid import across plasma membrane","0/17","9/3464",0,0,-0.210924628871157,1,1,1,"",0
"GO:0090042","tubulin deacetylation","0/17","10/3464",0,0,-0.222366263304878,1,1,1,"",0
"GO:0090043","regulation of tubulin deacetylation","0/17","8/3464",0,0,-0.198832874617629,1,1,1,"",0
"GO:0090049","regulation of cell migration involved in sprouting angiogenesis","0/17","12/3464",0,0,-0.243660591563121,1,1,1,"",0
"GO:0090050","positive regulation of cell migration involved in sprouting angiogenesis","0/17","6/3464",0,0,-0.17214451739573,1,1,1,"",0
"GO:0090051","negative regulation of cell migration involved in sprouting angiogenesis","0/17","6/3464",0,0,-0.17214451739573,1,1,1,"",0
"GO:0090063","positive regulation of microtubule nucleation","0/17","6/3464",0,0,-0.17214451739573,1,1,1,"",0
"GO:0090068","positive regulation of cell cycle process","0/17","52/3464",0,0,-0.510184459151963,1,1,1,"",0
"GO:0090075","relaxation of muscle","0/17","10/3464",0,0,-0.222366263304878,1,1,1,"",0
"GO:0090083","regulation of inclusion body assembly","0/17","14/3464",0,0,-0.263259792748828,1,1,1,"",0
"GO:0090084","negative regulation of inclusion body assembly","0/17","7/3464",0,0,-0.185964220911726,1,1,1,"",0
"GO:0090087","regulation of peptide transport","0/17","31/3464",0,0,-0.39271185338966,1,1,1,"",0
"GO:0090090","negative regulation of canonical Wnt signaling pathway","0/17","23/3464",0,0,-0.337871567350104,1,1,1,"",0
"GO:0090092","regulation of transmembrane receptor protein serine/threonine kinase signaling pathway","0/17","55/3464",0,0,-0.524925788047709,1,1,1,"",0
"GO:0090100","positive regulation of transmembrane receptor protein serine/threonine kinase signaling pathway","0/17","18/3464",0,0,-0.29868174554767,1,1,1,"",0
"GO:0090101","negative regulation of transmembrane receptor protein serine/threonine kinase signaling pathway","0/17","31/3464",0,0,-0.39271185338966,1,1,1,"",0
"GO:0090109","regulation of cell-substrate junction assembly","0/17","29/3464",0,0,-0.379721941742842,1,1,1,"",0
"GO:0090110","COPII-coated vesicle cargo loading","0/17","13/3464",0,0,-0.253646726191546,1,1,1,"",0
"GO:0090114","COPII-coated vesicle budding","0/17","27/3464",0,0,-0.366287569727191,1,1,1,"",0
"GO:0090128","regulation of synapse maturation","0/17","11/3464",0,0,-0.233253472635466,1,1,1,"",0
"GO:0090130","tissue migration","0/17","23/3464",0,0,-0.337871567350104,1,1,1,"",0
"GO:0090132","epithelium migration","0/17","23/3464",0,0,-0.337871567350104,1,1,1,"",0
"GO:0090140","regulation of mitochondrial fission","0/17","11/3464",0,0,-0.233253472635466,1,1,1,"",0
"GO:0090141","positive regulation of mitochondrial fission","0/17","7/3464",0,0,-0.185964220911726,1,1,1,"",0
"GO:0090148","membrane fission","0/17","27/3464",0,0,-0.366287569727191,1,1,1,"",0
"GO:0090158","endoplasmic reticulum membrane organization","0/17","8/3464",0,0,-0.198832874617629,1,1,1,"",0
"GO:0090160","Golgi to lysosome transport","0/17","6/3464",0,0,-0.17214451739573,1,1,1,"",0
"GO:0090161","Golgi ribbon formation","0/17","6/3464",0,0,-0.17214451739573,1,1,1,"",0
"GO:0090162","establishment of epithelial cell polarity","0/17","5/3464",0,0,-0.15712300842042,1,1,1,"",0
"GO:0090168","Golgi reassembly","0/17","5/3464",0,0,-0.15712300842042,1,1,1,"",0
"GO:0090169","regulation of spindle assembly","0/17","13/3464",0,0,-0.253646726191546,1,1,1,"",0
"GO:0090174","organelle membrane fusion","0/17","44/3464",0,0,-0.468752233411199,1,1,1,"",0
"GO:0090181","regulation of cholesterol metabolic process","0/17","11/3464",0,0,-0.233253472635466,1,1,1,"",0
"GO:0090199","regulation of release of cytochrome c from mitochondria","0/17","13/3464",0,0,-0.253646726191546,1,1,1,"",0
"GO:0090200","positive regulation of release of cytochrome c from mitochondria","0/17","6/3464",0,0,-0.17214451739573,1,1,1,"",0
"GO:0090201","negative regulation of release of cytochrome c from mitochondria","0/17","7/3464",0,0,-0.185964220911726,1,1,1,"",0
"GO:0090205","positive regulation of cholesterol metabolic process","0/17","7/3464",0,0,-0.185964220911726,1,1,1,"",0
"GO:0090207","regulation of triglyceride metabolic process","0/17","6/3464",0,0,-0.17214451739573,1,1,1,"",0
"GO:0090224","regulation of spindle organization","0/17","18/3464",0,0,-0.29868174554767,1,1,1,"",0
"GO:0090231","regulation of spindle checkpoint","0/17","11/3464",0,0,-0.233253472635466,1,1,1,"",0
"GO:0090232","positive regulation of spindle checkpoint","0/17","9/3464",0,0,-0.210924628871157,1,1,1,"",0
"GO:0090235","regulation of metaphase plate congression","0/17","5/3464",0,0,-0.15712300842042,1,1,1,"",0
"GO:0090257","regulation of muscle system process","0/17","48/3464",0,0,-0.489882304792675,1,1,1,"",0
"GO:0090263","positive regulation of canonical Wnt signaling pathway","0/17","36/3464",0,0,-0.423507307653009,1,1,1,"",0
"GO:0090266","regulation of mitotic cell cycle spindle assembly checkpoint","0/17","11/3464",0,0,-0.233253472635466,1,1,1,"",0
"GO:0090267","positive regulation of mitotic cell cycle spindle assembly checkpoint","0/17","9/3464",0,0,-0.210924628871157,1,1,1,"",0
"GO:0090276","regulation of peptide hormone secretion","0/17","31/3464",0,0,-0.39271185338966,1,1,1,"",0
"GO:0090277","positive regulation of peptide hormone secretion","0/17","20/3464",0,0,-0.314929606982663,1,1,1,"",0
"GO:0090279","regulation of calcium ion import","0/17","6/3464",0,0,-0.17214451739573,1,1,1,"",0
"GO:0090287","regulation of cellular response to growth factor stimulus","0/17","69/3464",0,0,-0.589161990559319,1,1,1,"",0
"GO:0090288","negative regulation of cellular response to growth factor stimulus","0/17","13/3464",0,0,-0.253646726191546,1,1,1,"",0
"GO:0090303","positive regulation of wound healing","0/17","8/3464",0,0,-0.198832874617629,1,1,1,"",0
"GO:0090307","mitotic spindle assembly","0/17","27/3464",0,0,-0.366287569727191,1,1,1,"",0
"GO:0090311","regulation of protein deacetylation","0/17","8/3464",0,0,-0.198832874617629,1,1,1,"",0
"GO:0090313","regulation of protein targeting to membrane","0/17","9/3464",0,0,-0.210924628871157,1,1,1,"",0
"GO:0090314","positive regulation of protein targeting to membrane","0/17","8/3464",0,0,-0.198832874617629,1,1,1,"",0
"GO:0090316","positive regulation of intracellular protein transport","0/17","32/3464",0,0,-0.399053766541762,1,1,1,"",0
"GO:0090317","negative regulation of intracellular protein transport","0/17","12/3464",0,0,-0.243660591563121,1,1,1,"",0
"GO:0090322","regulation of superoxide metabolic process","0/17","7/3464",0,0,-0.185964220911726,1,1,1,"",0
"GO:0090329","regulation of DNA-templated DNA replication","0/17","8/3464",0,0,-0.198832874617629,1,1,1,"",0
"GO:0090335","regulation of brown fat cell differentiation","0/17","5/3464",0,0,-0.15712300842042,1,1,1,"",0
"GO:0090382","phagosome maturation","0/17","8/3464",0,0,-0.198832874617629,1,1,1,"",0
"GO:0090394","negative regulation of excitatory postsynaptic potential","0/17","6/3464",0,0,-0.17214451739573,1,1,1,"",0
"GO:0090398","cellular senescence","0/17","22/3464",0,0,-0.330396906346997,1,1,1,"",0
"GO:0090407","organophosphate biosynthetic process","0/17","173/3464",0,0,-0.947521722419545,1,1,1,"",0
"GO:0090497","mesenchymal cell migration","0/17","10/3464",0,0,-0.222366263304878,1,1,1,"",0
"GO:0090504","epiboly","0/17","12/3464",0,0,-0.243660591563121,1,1,1,"",0
"GO:0090505","epiboly involved in wound healing","0/17","11/3464",0,0,-0.233253472635466,1,1,1,"",0
"GO:0090522","vesicle tethering involved in exocytosis","0/17","8/3464",0,0,-0.198832874617629,1,1,1,"",0
"GO:0090559","regulation of membrane permeability","0/17","16/3464",0,0,-0.281518167921038,1,1,1,"",0
"GO:0090592","DNA synthesis involved in DNA replication","0/17","7/3464",0,0,-0.185964220911726,1,1,1,"",0
"GO:0090596","sensory organ morphogenesis","0/17","22/3464",0,0,-0.330396906346997,1,1,1,"",0
"GO:0090630","activation of GTPase activity","0/17","5/3464",0,0,-0.15712300842042,1,1,1,"",0
"GO:0090656","t-circle formation","0/17","6/3464",0,0,-0.17214451739573,1,1,1,"",0
"GO:0090670","RNA localization to Cajal body","0/17","8/3464",0,0,-0.198832874617629,1,1,1,"",0
"GO:0090671","telomerase RNA localization to Cajal body","0/17","8/3464",0,0,-0.198832874617629,1,1,1,"",0
"GO:0090672","telomerase RNA localization","0/17","8/3464",0,0,-0.198832874617629,1,1,1,"",0
"GO:0090685","RNA localization to nucleus","0/17","8/3464",0,0,-0.198832874617629,1,1,1,"",0
"GO:0090737","telomere maintenance via telomere trimming","0/17","6/3464",0,0,-0.17214451739573,1,1,1,"",0
"GO:0095500","acetylcholine receptor signaling pathway","0/17","5/3464",0,0,-0.15712300842042,1,1,1,"",0
"GO:0097006","regulation of plasma lipoprotein particle levels","0/17","9/3464",0,0,-0.210924628871157,1,1,1,"",0
"GO:0097009","energy homeostasis","0/17","8/3464",0,0,-0.198832874617629,1,1,1,"",0
"GO:0097035","regulation of membrane lipid distribution","0/17","15/3464",0,0,-0.272539275511706,1,1,1,"",0
"GO:0097062","dendritic spine maintenance","0/17","8/3464",0,0,-0.198832874617629,1,1,1,"",0
"GO:0097090","presynaptic membrane organization","0/17","9/3464",0,0,-0.210924628871157,1,1,1,"",0
"GO:0097091","synaptic vesicle clustering","0/17","7/3464",0,0,-0.185964220911726,1,1,1,"",0
"GO:0097104","postsynaptic membrane assembly","0/17","5/3464",0,0,-0.15712300842042,1,1,1,"",0
"GO:0097105","presynaptic membrane assembly","0/17","7/3464",0,0,-0.185964220911726,1,1,1,"",0
"GO:0097106","postsynaptic density organization","0/17","18/3464",0,0,-0.29868174554767,1,1,1,"",0
"GO:0097107","postsynaptic density assembly","0/17","9/3464",0,0,-0.210924628871157,1,1,1,"",0
"GO:0097120","receptor localization to synapse","0/17","31/3464",0,0,-0.39271185338966,1,1,1,"",0
"GO:0097178","ruffle assembly","0/17","12/3464",0,0,-0.243660591563121,1,1,1,"",0
"GO:0097192","extrinsic apoptotic signaling pathway in absence of ligand","0/17","9/3464",0,0,-0.210924628871157,1,1,1,"",0
"GO:0097194","execution phase of apoptosis","0/17","16/3464",0,0,-0.281518167921038,1,1,1,"",0
"GO:0097237","cellular response to toxic substance","0/17","26/3464",0,0,-0.359388190900476,1,1,1,"",0
"GO:0097242","amyloid-beta clearance","0/17","14/3464",0,0,-0.263259792748828,1,1,1,"",0
"GO:0097300","programmed necrotic cell death","0/17","10/3464",0,0,-0.222366263304878,1,1,1,"",0
"GO:0097305","response to alcohol","0/17","54/3464",0,0,-0.520055573560295,1,1,1,"",0
"GO:0097306","cellular response to alcohol","0/17","26/3464",0,0,-0.359388190900476,1,1,1,"",0
"GO:0097320","plasma membrane tubulation","0/17","6/3464",0,0,-0.17214451739573,1,1,1,"",0
"GO:0097345","mitochondrial outer membrane permeabilization","0/17","6/3464",0,0,-0.17214451739573,1,1,1,"",0
"GO:0097352","autophagosome maturation","0/17","27/3464",0,0,-0.366287569727191,1,1,1,"",0
"GO:0097401","synaptic vesicle lumen acidification","0/17","13/3464",0,0,-0.253646726191546,1,1,1,"",0
"GO:0097468","programmed cell death in response to reactive oxygen species","0/17","7/3464",0,0,-0.185964220911726,1,1,1,"",0
"GO:0097479","synaptic vesicle localization","0/17","25/3464",0,0,-0.352357874193654,1,1,1,"",0
"GO:0097499","protein localization to non-motile cilium","0/17","6/3464",0,0,-0.17214451739573,1,1,1,"",0
"GO:0097529","myeloid leukocyte migration","0/17","28/3464",0,0,-0.373063278791047,1,1,1,"",0
"GO:0097530","granulocyte migration","0/17","16/3464",0,0,-0.281518167921038,1,1,1,"",0
"GO:0097553","calcium ion transmembrane import into cytosol","0/17","27/3464",0,0,-0.366287569727191,1,1,1,"",0
"GO:0097680","double-strand break repair via classical nonhomologous end joining","0/17","5/3464",0,0,-0.15712300842042,1,1,1,"",0
"GO:0097696","cell surface receptor signaling pathway via STAT","0/17","29/3464",0,0,-0.379721941742842,1,1,1,"",0
"GO:0097699","vascular endothelial cell response to fluid shear stress","0/17","13/3464",0,0,-0.253646726191546,1,1,1,"",0
"GO:0097700","vascular endothelial cell response to laminar fluid shear stress","0/17","9/3464",0,0,-0.210924628871157,1,1,1,"",0
"GO:0097707","ferroptosis","0/17","8/3464",0,0,-0.198832874617629,1,1,1,"",0
"GO:0097720","calcineurin-mediated signaling","0/17","13/3464",0,0,-0.253646726191546,1,1,1,"",0
"GO:0097722","sperm motility","0/17","23/3464",0,0,-0.337871567350104,1,1,1,"",0
"GO:0097734","extracellular exosome biogenesis","0/17","10/3464",0,0,-0.222366263304878,1,1,1,"",0
"GO:0097746","blood vessel diameter maintenance","0/17","21/3464",0,0,-0.322753678537855,1,1,1,"",0
"GO:0098534","centriole assembly","0/17","9/3464",0,0,-0.210924628871157,1,1,1,"",0
"GO:0098542","defense response to other organism","0/17","188/3464",0,0,-0.990004213204319,1,1,1,"",0
"GO:0098586","cellular response to virus","0/17","15/3464",0,0,-0.272539275511706,1,1,1,"",0
"GO:0098656","monoatomic anion transmembrane transport","0/17","19/3464",0,0,-0.306910857143731,1,1,1,"",0
"GO:0098693","regulation of synaptic vesicle cycle","0/17","8/3464",0,0,-0.198832874617629,1,1,1,"",0
"GO:0098696","regulation of neurotransmitter receptor localization to postsynaptic specialization membrane","0/17","9/3464",0,0,-0.210924628871157,1,1,1,"",0
"GO:0098698","postsynaptic specialization assembly","0/17","14/3464",0,0,-0.263259792748828,1,1,1,"",0
"GO:0098703","calcium ion import across plasma membrane","0/17","5/3464",0,0,-0.15712300842042,1,1,1,"",0
"GO:0098704","carbohydrate import across plasma membrane","0/17","18/3464",0,0,-0.29868174554767,1,1,1,"",0
"GO:0098708","D-glucose import across plasma membrane","0/17","18/3464",0,0,-0.29868174554767,1,1,1,"",0
"GO:0098727","maintenance of cell number","0/17","37/3464",0,0,-0.429411701263547,1,1,1,"",0
"GO:0098732","macromolecule deacylation","0/17","18/3464",0,0,-0.29868174554767,1,1,1,"",0
"GO:0098734","macromolecule depalmitoylation","0/17","6/3464",0,0,-0.17214451739573,1,1,1,"",0
"GO:0098754","detoxification","0/17","25/3464",0,0,-0.352357874193654,1,1,1,"",0
"GO:0098773","skin epidermis development","0/17","8/3464",0,0,-0.198832874617629,1,1,1,"",0
"GO:0098780","response to mitochondrial depolarisation","0/17","5/3464",0,0,-0.15712300842042,1,1,1,"",0
"GO:0098792","xenophagy","0/17","8/3464",0,0,-0.198832874617629,1,1,1,"",0
"GO:0098813","nuclear chromosome segregation","0/17","83/3464",0,0,-0.64751006800636,1,1,1,"",0
"GO:0098815","modulation of excitatory postsynaptic potential","0/17","16/3464",0,0,-0.281518167921038,1,1,1,"",0
"GO:0098840","protein transport along microtubule","0/17","10/3464",0,0,-0.222366263304878,1,1,1,"",0
"GO:0098869","cellular oxidant detoxification","0/17","15/3464",0,0,-0.272539275511706,1,1,1,"",0
"GO:0098876","vesicle-mediated transport to the plasma membrane","0/17","70/3464",0,0,-0.593503337871722,1,1,1,"",0
"GO:0098877","neurotransmitter receptor transport to plasma membrane","0/17","5/3464",0,0,-0.15712300842042,1,1,1,"",0
"GO:0098880","maintenance of postsynaptic specialization structure","0/17","5/3464",0,0,-0.15712300842042,1,1,1,"",0
"GO:0098884","postsynaptic neurotransmitter receptor internalization","0/17","16/3464",0,0,-0.281518167921038,1,1,1,"",0
"GO:0098885","modification of postsynaptic actin cytoskeleton","0/17","11/3464",0,0,-0.233253472635466,1,1,1,"",0
"GO:0098900","regulation of action potential","0/17","14/3464",0,0,-0.263259792748828,1,1,1,"",0
"GO:0098901","regulation of cardiac muscle cell action potential","0/17","10/3464",0,0,-0.222366263304878,1,1,1,"",0
"GO:0098917","retrograde trans-synaptic signaling","0/17","6/3464",0,0,-0.17214451739573,1,1,1,"",0
"GO:0098926","postsynaptic signal transduction","0/17","8/3464",0,0,-0.198832874617629,1,1,1,"",0
"GO:0098927","vesicle-mediated transport between endosomal compartments","0/17","21/3464",0,0,-0.322753678537855,1,1,1,"",0
"GO:0098935","dendritic transport","0/17","11/3464",0,0,-0.233253472635466,1,1,1,"",0
"GO:0098937","anterograde dendritic transport","0/17","8/3464",0,0,-0.198832874617629,1,1,1,"",0
"GO:0098969","neurotransmitter receptor transport to postsynaptic membrane","0/17","5/3464",0,0,-0.15712300842042,1,1,1,"",0
"GO:0098971","anterograde dendritic transport of neurotransmitter receptor complex","0/17","5/3464",0,0,-0.15712300842042,1,1,1,"",0
"GO:0098974","postsynaptic actin cytoskeleton organization","0/17","6/3464",0,0,-0.17214451739573,1,1,1,"",0
"GO:0099003","vesicle-mediated transport in synapse","0/17","104/3464",0,0,-0.727071457078448,1,1,1,"",0
"GO:0099010","modification of postsynaptic structure","0/17","15/3464",0,0,-0.272539275511706,1,1,1,"",0
"GO:0099022","vesicle tethering","0/17","19/3464",0,0,-0.306910857143731,1,1,1,"",0
"GO:0099024","plasma membrane invagination","0/17","11/3464",0,0,-0.233253472635466,1,1,1,"",0
"GO:0099054","presynapse assembly","0/17","15/3464",0,0,-0.272539275511706,1,1,1,"",0
"GO:0099068","postsynapse assembly","0/17","35/3464",0,0,-0.41752294232855,1,1,1,"",0
"GO:0099072","regulation of postsynaptic membrane neurotransmitter receptor levels","0/17","47/3464",0,0,-0.484681568129949,1,1,1,"",0
"GO:0099084","postsynaptic specialization organization","0/17","24/3464",0,0,-0.3451886157451,1,1,1,"",0
"GO:0099118","microtubule-based protein transport","0/17","10/3464",0,0,-0.222366263304878,1,1,1,"",0
"GO:0099149","regulation of postsynaptic neurotransmitter receptor internalization","0/17","12/3464",0,0,-0.243660591563121,1,1,1,"",0
"GO:0099150","regulation of postsynaptic specialization assembly","0/17","9/3464",0,0,-0.210924628871157,1,1,1,"",0
"GO:0099151","regulation of postsynaptic density assembly","0/17","6/3464",0,0,-0.17214451739573,1,1,1,"",0
"GO:0099159","regulation of modification of postsynaptic structure","0/17","7/3464",0,0,-0.185964220911726,1,1,1,"",0
"GO:0099170","postsynaptic modulation of chemical synaptic transmission","0/17","14/3464",0,0,-0.263259792748828,1,1,1,"",0
"GO:0099171","presynaptic modulation of chemical synaptic transmission","0/17","9/3464",0,0,-0.210924628871157,1,1,1,"",0
"GO:0099172","presynapse organization","0/17","21/3464",0,0,-0.322753678537855,1,1,1,"",0
"GO:0099174","regulation of presynapse organization","0/17","7/3464",0,0,-0.185964220911726,1,1,1,"",0
"GO:0099188","postsynaptic cytoskeleton organization","0/17","9/3464",0,0,-0.210924628871157,1,1,1,"",0
"GO:0099500","vesicle fusion to plasma membrane","0/17","8/3464",0,0,-0.198832874617629,1,1,1,"",0
"GO:0099504","synaptic vesicle cycle","0/17","90/3464",0,0,-0.674961156685226,1,1,1,"",0
"GO:0099505","regulation of presynaptic membrane potential","0/17","5/3464",0,0,-0.15712300842042,1,1,1,"",0
"GO:0099514","synaptic vesicle cytoskeletal transport","0/17","8/3464",0,0,-0.198832874617629,1,1,1,"",0
"GO:0099517","synaptic vesicle transport along microtubule","0/17","8/3464",0,0,-0.198832874617629,1,1,1,"",0
"GO:0099532","synaptic vesicle endosomal processing","0/17","7/3464",0,0,-0.185964220911726,1,1,1,"",0
"GO:0099558","maintenance of synapse structure","0/17","8/3464",0,0,-0.198832874617629,1,1,1,"",0
"GO:0099560","synaptic membrane adhesion","0/17","9/3464",0,0,-0.210924628871157,1,1,1,"",0
"GO:0099565","chemical synaptic transmission, postsynaptic","0/17","24/3464",0,0,-0.3451886157451,1,1,1,"",0
"GO:0099590","neurotransmitter receptor internalization","0/17","16/3464",0,0,-0.281518167921038,1,1,1,"",0
"GO:0099622","cardiac muscle cell membrane repolarization","0/17","8/3464",0,0,-0.198832874617629,1,1,1,"",0
"GO:0099633","protein localization to postsynaptic specialization membrane","0/17","13/3464",0,0,-0.253646726191546,1,1,1,"",0
"GO:0099637","neurotransmitter receptor transport","0/17","7/3464",0,0,-0.185964220911726,1,1,1,"",0
"GO:0099638","endosome to plasma membrane protein transport","0/17","6/3464",0,0,-0.17214451739573,1,1,1,"",0
"GO:0099640","axo-dendritic protein transport","0/17","7/3464",0,0,-0.185964220911726,1,1,1,"",0
"GO:0099641","anterograde axonal protein transport","0/17","6/3464",0,0,-0.17214451739573,1,1,1,"",0
"GO:0099643","signal release from synapse","0/17","37/3464",0,0,-0.429411701263547,1,1,1,"",0
"GO:0099645","neurotransmitter receptor localization to postsynaptic specialization membrane","0/17","13/3464",0,0,-0.253646726191546,1,1,1,"",0
"GO:0101023","vascular endothelial cell proliferation","0/17","9/3464",0,0,-0.210924628871157,1,1,1,"",0
"GO:0101024","mitotic nuclear membrane organization","0/17","5/3464",0,0,-0.15712300842042,1,1,1,"",0
"GO:0104004","cellular response to environmental stimulus","0/17","66/3464",0,0,-0.575957377090023,1,1,1,"",0
"GO:0106030","neuron projection fasciculation","0/17","8/3464",0,0,-0.198832874617629,1,1,1,"",0
"GO:0106056","regulation of calcineurin-mediated signaling","0/17","9/3464",0,0,-0.210924628871157,1,1,1,"",0
"GO:0106058","positive regulation of calcineurin-mediated signaling","0/17","5/3464",0,0,-0.15712300842042,1,1,1,"",0
"GO:0106106","cold-induced thermogenesis","0/17","30/3464",0,0,-0.386269614985065,1,1,1,"",0
"GO:0106118","regulation of sterol biosynthetic process","0/17","10/3464",0,0,-0.222366263304878,1,1,1,"",0
"GO:0106120","positive regulation of sterol biosynthetic process","0/17","6/3464",0,0,-0.17214451739573,1,1,1,"",0
"GO:0110020","regulation of actomyosin structure organization","0/17","25/3464",0,0,-0.352357874193654,1,1,1,"",0
"GO:0110053","regulation of actin filament organization","0/17","74/3464",0,0,-0.610584922070728,1,1,1,"",0
"GO:0110075","regulation of ferroptosis","0/17","8/3464",0,0,-0.198832874617629,1,1,1,"",0
"GO:0110076","negative regulation of ferroptosis","0/17","5/3464",0,0,-0.15712300842042,1,1,1,"",0
"GO:0110154","RNA decapping","0/17","8/3464",0,0,-0.198832874617629,1,1,1,"",0
"GO:0110156","mRNA methylguanosine-cap decapping","0/17","8/3464",0,0,-0.198832874617629,1,1,1,"",0
"GO:0120009","intermembrane lipid transfer","0/17","8/3464",0,0,-0.198832874617629,1,1,1,"",0
"GO:0120033","negative regulation of plasma membrane bounded cell projection assembly","0/17","15/3464",0,0,-0.272539275511706,1,1,1,"",0
"GO:0120161","regulation of cold-induced thermogenesis","0/17","30/3464",0,0,-0.386269614985065,1,1,1,"",0
"GO:0120162","positive regulation of cold-induced thermogenesis","0/17","19/3464",0,0,-0.306910857143731,1,1,1,"",0
"GO:0120163","negative regulation of cold-induced thermogenesis","0/17","11/3464",0,0,-0.233253472635466,1,1,1,"",0
"GO:0120180","cell-substrate junction disassembly","0/17","5/3464",0,0,-0.15712300842042,1,1,1,"",0
"GO:0120181","focal adhesion disassembly","0/17","5/3464",0,0,-0.15712300842042,1,1,1,"",0
"GO:0120182","regulation of focal adhesion disassembly","0/17","5/3464",0,0,-0.15712300842042,1,1,1,"",0
"GO:0120192","tight junction assembly","0/17","12/3464",0,0,-0.243660591563121,1,1,1,"",0
"GO:0120193","tight junction organization","0/17","12/3464",0,0,-0.243660591563121,1,1,1,"",0
"GO:0120254","olefinic compound metabolic process","0/17","17/3464",0,0,-0.29022437442028,1,1,1,"",0
"GO:0120316","sperm flagellum assembly","0/17","6/3464",0,0,-0.17214451739573,1,1,1,"",0
"GO:0140013","meiotic nuclear division","0/17","15/3464",0,0,-0.272539275511706,1,1,1,"",0
"GO:0140014","mitotic nuclear division","0/17","74/3464",0,0,-0.610584922070728,1,1,1,"",0
"GO:0140029","exocytic process","0/17","25/3464",0,0,-0.352357874193654,1,1,1,"",0
"GO:0140053","mitochondrial gene expression","0/17","36/3464",0,0,-0.423507307653009,1,1,1,"",0
"GO:0140056","organelle localization by membrane tethering","0/17","29/3464",0,0,-0.379721941742842,1,1,1,"",0
"GO:0140058","neuron projection arborization","0/17","9/3464",0,0,-0.210924628871157,1,1,1,"",0
"GO:0140112","extracellular vesicle biogenesis","0/17","11/3464",0,0,-0.233253472635466,1,1,1,"",0
"GO:0140238","presynaptic endocytosis","0/17","37/3464",0,0,-0.429411701263547,1,1,1,"",0
"GO:0140239","postsynaptic endocytosis","0/17","16/3464",0,0,-0.281518167921038,1,1,1,"",0
"GO:0140243","regulation of translation at synapse","0/17","5/3464",0,0,-0.15712300842042,1,1,1,"",0
"GO:0140253","cell-cell fusion","0/17","43/3464",0,0,-0.463327156147038,1,1,1,"",0
"GO:0140271","hexose import across plasma membrane","0/17","18/3464",0,0,-0.29868174554767,1,1,1,"",0
"GO:0140354","lipid import into cell","0/17","6/3464",0,0,-0.17214451739573,1,1,1,"",0
"GO:0140374","antiviral innate immune response","0/17","14/3464",0,0,-0.263259792748828,1,1,1,"",0
"GO:0140448","signaling receptor ligand precursor processing","0/17","11/3464",0,0,-0.233253472635466,1,1,1,"",0
"GO:0140467","integrated stress response signaling","0/17","18/3464",0,0,-0.29868174554767,1,1,1,"",0
"GO:0140527","reciprocal homologous recombination","0/17","5/3464",0,0,-0.15712300842042,1,1,1,"",0
"GO:0140546","defense response to symbiont","0/17","183/3464",0,0,-0.976006015575107,1,1,1,"",0
"GO:0140588","chromatin looping","0/17","7/3464",0,0,-0.185964220911726,1,1,1,"",0
"GO:0140627","ubiquitin-dependent protein catabolic process via the C-end degron rule pathway","0/17","9/3464",0,0,-0.210924628871157,1,1,1,"",0
"GO:0140632","canonical inflammasome complex assembly","0/17","8/3464",0,0,-0.198832874617629,1,1,1,"",0
"GO:0140673","transcription elongation-coupled chromatin remodeling","0/17","9/3464",0,0,-0.210924628871157,1,1,1,"",0
"GO:0140718","facultative heterochromatin formation","0/17","6/3464",0,0,-0.17214451739573,1,1,1,"",0
"GO:0140719","constitutive heterochromatin formation","0/17","17/3464",0,0,-0.29022437442028,1,1,1,"",0
"GO:0140861","DNA repair-dependent chromatin remodeling","0/17","6/3464",0,0,-0.17214451739573,1,1,1,"",0
"GO:0140888","interferon-mediated signaling pathway","0/17","21/3464",0,0,-0.322753678537855,1,1,1,"",0
"GO:0140894","endolysosomal toll-like receptor signaling pathway","0/17","10/3464",0,0,-0.222366263304878,1,1,1,"",0
"GO:0140895","cell surface toll-like receptor signaling pathway","0/17","12/3464",0,0,-0.243660591563121,1,1,1,"",0
"GO:0140896","cGAS/STING signaling pathway","0/17","9/3464",0,0,-0.210924628871157,1,1,1,"",0
"GO:0140962","multicellular organismal-level chemical homeostasis","0/17","10/3464",0,0,-0.222366263304878,1,1,1,"",0
"GO:0141005","transposable element silencing by heterochromatin formation","0/17","5/3464",0,0,-0.15712300842042,1,1,1,"",0
"GO:0141060","disruption of anatomical structure in another organism","0/17","6/3464",0,0,-0.17214451739573,1,1,1,"",0
"GO:0141084","inflammasome-mediated signaling pathway","0/17","9/3464",0,0,-0.210924628871157,1,1,1,"",0
"GO:0141085","regulation of inflammasome-mediated signaling pathway","0/17","9/3464",0,0,-0.210924628871157,1,1,1,"",0
"GO:0141087","positive regulation of inflammasome-mediated signaling pathway","0/17","5/3464",0,0,-0.15712300842042,1,1,1,"",0
"GO:0141091","transforming growth factor beta receptor superfamily signaling pathway","0/17","75/3464",0,0,-0.614787334791332,1,1,1,"",0
"GO:0141137","positive regulation of gene expression, epigenetic","0/17","23/3464",0,0,-0.337871567350104,1,1,1,"",0
"GO:0141156","cAMP/PKA signal transduction","0/17","15/3464",0,0,-0.272539275511706,1,1,1,"",0
"GO:0141161","regulation of cAMP/PKA signal transduction","0/17","11/3464",0,0,-0.233253472635466,1,1,1,"",0
"GO:0141162","negative regulation of cAMP/PKA signal transduction","0/17","7/3464",0,0,-0.185964220911726,1,1,1,"",0
"GO:0141188","nucleic acid catabolic process","0/17","119/3464",0,0,-0.779480911627095,1,1,1,"",0
"GO:0141193","nuclear receptor-mediated signaling pathway","0/17","50/3464",0,0,-0.500130463301569,1,1,1,"",0
"GO:0141198","protein branched polyubiquitination","0/17","10/3464",0,0,-0.222366263304878,1,1,1,"",0
"GO:0150052","regulation of postsynapse assembly","0/17","18/3464",0,0,-0.29868174554767,1,1,1,"",0
"GO:0150063","visual system development","0/17","48/3464",0,0,-0.489882304792675,1,1,1,"",0
"GO:0150076","neuroinflammatory response","0/17","15/3464",0,0,-0.272539275511706,1,1,1,"",0
"GO:0150077","regulation of neuroinflammatory response","0/17","7/3464",0,0,-0.185964220911726,1,1,1,"",0
"GO:0150093","amyloid-beta clearance by transcytosis","0/17","7/3464",0,0,-0.185964220911726,1,1,1,"",0
"GO:0150104","transport across blood-brain barrier","0/17","21/3464",0,0,-0.322753678537855,1,1,1,"",0
"GO:0150105","protein localization to cell-cell junction","0/17","7/3464",0,0,-0.185964220911726,1,1,1,"",0
"GO:0150115","cell-substrate junction organization","0/17","42/3464",0,0,-0.457841027287798,1,1,1,"",0
"GO:0150116","regulation of cell-substrate junction organization","0/17","31/3464",0,0,-0.39271185338966,1,1,1,"",0
"GO:0150117","positive regulation of cell-substrate junction organization","0/17","15/3464",0,0,-0.272539275511706,1,1,1,"",0
"GO:0150118","negative regulation of cell-substrate junction organization","0/17","6/3464",0,0,-0.17214451739573,1,1,1,"",0
"GO:0150146","cell junction disassembly","0/17","7/3464",0,0,-0.185964220911726,1,1,1,"",0
"GO:0160049","negative regulation of cGAS/STING signaling pathway","0/17","6/3464",0,0,-0.17214451739573,1,1,1,"",0
"GO:0160165","CD8-positive, alpha-beta T cell homeostasis","0/17","5/3464",0,0,-0.15712300842042,1,1,1,"",0
"GO:0160240","RNA polymerase II transcription initiation surveillance","0/17","9/3464",0,0,-0.210924628871157,1,1,1,"",0
"GO:0160307","protein biosynthetic process","0/17","245/3464",0,0,-1.14012539342946,1,1,1,"",0
"GO:0170033","L-amino acid metabolic process","0/17","28/3464",0,0,-0.373063278791047,1,1,1,"",0
"GO:0170034","L-amino acid biosynthetic process","0/17","10/3464",0,0,-0.222366263304878,1,1,1,"",0
"GO:0170035","L-amino acid catabolic process","0/17","16/3464",0,0,-0.281518167921038,1,1,1,"",0
"GO:0170038","proteinogenic amino acid biosynthetic process","0/17","10/3464",0,0,-0.222366263304878,1,1,1,"",0
"GO:0170039","proteinogenic amino acid metabolic process","0/17","26/3464",0,0,-0.359388190900476,1,1,1,"",0
"GO:0170040","proteinogenic amino acid catabolic process","0/17","16/3464",0,0,-0.281518167921038,1,1,1,"",0
"GO:0170041","non-proteinogenic amino acid metabolic process","0/17","11/3464",0,0,-0.233253472635466,1,1,1,"",0
"GO:0170043","non-proteinogenic amino acid biosynthetic process","0/17","5/3464",0,0,-0.15712300842042,1,1,1,"",0
"GO:0170062","nutrient storage","0/17","14/3464",0,0,-0.263259792748828,1,1,1,"",0
"GO:0180010","co-transcriptional mRNA 3'-end processing, cleavage and polyadenylation pathway","0/17","7/3464",0,0,-0.185964220911726,1,1,1,"",0
"GO:0180012","co-transcriptional RNA 3'-end processing, cleavage and polyadenylation pathway","0/17","8/3464",0,0,-0.198832874617629,1,1,1,"",0
"GO:0180046","GPI anchored protein biosynthesis","0/17","11/3464",0,0,-0.233253472635466,1,1,1,"",0
"GO:0180064","protein O-linked glycosylation via xylose","0/17","14/3464",0,0,-0.263259792748828,1,1,1,"",0
"GO:1900015","regulation of cytokine production involved in inflammatory response","0/17","7/3464",0,0,-0.185964220911726,1,1,1,"",0
"GO:1900024","regulation of substrate adhesion-dependent cell spreading","0/17","17/3464",0,0,-0.29022437442028,1,1,1,"",0
"GO:1900026","positive regulation of substrate adhesion-dependent cell spreading","0/17","12/3464",0,0,-0.243660591563121,1,1,1,"",0
"GO:1900027","regulation of ruffle assembly","0/17","10/3464",0,0,-0.222366263304878,1,1,1,"",0
"GO:1900029","positive regulation of ruffle assembly","0/17","7/3464",0,0,-0.185964220911726,1,1,1,"",0
"GO:1900034","regulation of cellular response to heat","0/17","6/3464",0,0,-0.17214451739573,1,1,1,"",0
"GO:1900037","regulation of cellular response to hypoxia","0/17","11/3464",0,0,-0.233253472635466,1,1,1,"",0
"GO:1900038","negative regulation of cellular response to hypoxia","0/17","8/3464",0,0,-0.198832874617629,1,1,1,"",0
"GO:1900044","regulation of protein K63-linked ubiquitination","0/17","5/3464",0,0,-0.15712300842042,1,1,1,"",0
"GO:1900046","regulation of hemostasis","0/17","5/3464",0,0,-0.15712300842042,1,1,1,"",0
"GO:1900076","regulation of cellular response to insulin stimulus","0/17","25/3464",0,0,-0.352357874193654,1,1,1,"",0
"GO:1900077","negative regulation of cellular response to insulin stimulus","0/17","16/3464",0,0,-0.281518167921038,1,1,1,"",0
"GO:1900078","positive regulation of cellular response to insulin stimulus","0/17","9/3464",0,0,-0.210924628871157,1,1,1,"",0
"GO:1900087","positive regulation of G1/S transition of mitotic cell cycle","0/17","9/3464",0,0,-0.210924628871157,1,1,1,"",0
"GO:1900101","regulation of endoplasmic reticulum unfolded protein response","0/17","16/3464",0,0,-0.281518167921038,1,1,1,"",0
"GO:1900102","negative regulation of endoplasmic reticulum unfolded protein response","0/17","12/3464",0,0,-0.243660591563121,1,1,1,"",0
"GO:1900103","positive regulation of endoplasmic reticulum unfolded protein response","0/17","5/3464",0,0,-0.15712300842042,1,1,1,"",0
"GO:1900117","regulation of execution phase of apoptosis","0/17","7/3464",0,0,-0.185964220911726,1,1,1,"",0
"GO:1900118","negative regulation of execution phase of apoptosis","0/17","5/3464",0,0,-0.15712300842042,1,1,1,"",0
"GO:1900151","regulation of nuclear-transcribed mRNA catabolic process, deadenylation-dependent decay","0/17","13/3464",0,0,-0.253646726191546,1,1,1,"",0
"GO:1900152","negative regulation of nuclear-transcribed mRNA catabolic process, deadenylation-dependent decay","0/17","5/3464",0,0,-0.15712300842042,1,1,1,"",0
"GO:1900153","positive regulation of nuclear-transcribed mRNA catabolic process, deadenylation-dependent decay","0/17","8/3464",0,0,-0.198832874617629,1,1,1,"",0
"GO:1900180","regulation of protein localization to nucleus","0/17","40/3464",0,0,-0.446676580142383,1,1,1,"",0
"GO:1900181","negative regulation of protein localization to nucleus","0/17","11/3464",0,0,-0.233253472635466,1,1,1,"",0
"GO:1900182","positive regulation of protein localization to nucleus","0/17","25/3464",0,0,-0.352357874193654,1,1,1,"",0
"GO:1900221","regulation of amyloid-beta clearance","0/17","8/3464",0,0,-0.198832874617629,1,1,1,"",0
"GO:1900225","regulation of NLRP3 inflammasome complex assembly","0/17","8/3464",0,0,-0.198832874617629,1,1,1,"",0
"GO:1900227","positive regulation of NLRP3 inflammasome complex assembly","0/17","5/3464",0,0,-0.15712300842042,1,1,1,"",0
"GO:1900242","regulation of synaptic vesicle endocytosis","0/17","11/3464",0,0,-0.233253472635466,1,1,1,"",0
"GO:1900271","regulation of long-term synaptic potentiation","0/17","12/3464",0,0,-0.243660591563121,1,1,1,"",0
"GO:1900272","negative regulation of long-term synaptic potentiation","0/17","6/3464",0,0,-0.17214451739573,1,1,1,"",0
"GO:1900273","positive regulation of long-term synaptic potentiation","0/17","7/3464",0,0,-0.185964220911726,1,1,1,"",0
"GO:1900368","regulation of post-transcriptional gene silencing by regulatory ncRNA","0/17","13/3464",0,0,-0.253646726191546,1,1,1,"",0
"GO:1900370","positive regulation of post-transcriptional gene silencing by RNA","0/17","7/3464",0,0,-0.185964220911726,1,1,1,"",0
"GO:1900371","regulation of purine nucleotide biosynthetic process","0/17","7/3464",0,0,-0.185964220911726,1,1,1,"",0
"GO:1900373","positive regulation of purine nucleotide biosynthetic process","0/17","7/3464",0,0,-0.185964220911726,1,1,1,"",0
"GO:1900407","regulation of cellular response to oxidative stress","0/17","7/3464",0,0,-0.185964220911726,1,1,1,"",0
"GO:1900542","regulation of purine nucleotide metabolic process","0/17","26/3464",0,0,-0.359388190900476,1,1,1,"",0
"GO:1900544","positive regulation of purine nucleotide metabolic process","0/17","17/3464",0,0,-0.29022437442028,1,1,1,"",0
"GO:1901077","regulation of relaxation of muscle","0/17","5/3464",0,0,-0.15712300842042,1,1,1,"",0
"GO:1901096","regulation of autophagosome maturation","0/17","7/3464",0,0,-0.185964220911726,1,1,1,"",0
"GO:1901099","negative regulation of signal transduction in absence of ligand","0/17","7/3464",0,0,-0.185964220911726,1,1,1,"",0
"GO:1901135","carbohydrate derivative metabolic process","0/17","221/3464",0,0,-1.07882928581803,1,1,1,"",0
"GO:1901136","carbohydrate derivative catabolic process","0/17","61/3464",0,0,-0.553304252063298,1,1,1,"",0
"GO:1901137","carbohydrate derivative biosynthetic process","0/17","139/3464",0,0,-0.84497068121935,1,1,1,"",0
"GO:1901184","regulation of ERBB signaling pathway","0/17","24/3464",0,0,-0.3451886157451,1,1,1,"",0
"GO:1901185","negative regulation of ERBB signaling pathway","0/17","12/3464",0,0,-0.243660591563121,1,1,1,"",0
"GO:1901186","positive regulation of ERBB signaling pathway","0/17","10/3464",0,0,-0.222366263304878,1,1,1,"",0
"GO:1901222","regulation of non-canonical NF-kappaB signal transduction","0/17","18/3464",0,0,-0.29868174554767,1,1,1,"",0
"GO:1901223","negative regulation of non-canonical NF-kappaB signal transduction","0/17","5/3464",0,0,-0.15712300842042,1,1,1,"",0
"GO:1901224","positive regulation of non-canonical NF-kappaB signal transduction","0/17","14/3464",0,0,-0.263259792748828,1,1,1,"",0
"GO:1901264","carbohydrate derivative transport","0/17","16/3464",0,0,-0.281518167921038,1,1,1,"",0
"GO:1901292","nucleoside phosphate catabolic process","0/17","51/3464",0,0,-0.505181000485228,1,1,1,"",0
"GO:1901293","nucleoside phosphate biosynthetic process","0/17","83/3464",0,0,-0.64751006800636,1,1,1,"",0
"GO:1901298","regulation of hydrogen peroxide-mediated programmed cell death","0/17","5/3464",0,0,-0.15712300842042,1,1,1,"",0
"GO:1901342","regulation of vasculature development","0/17","50/3464",0,0,-0.500130463301569,1,1,1,"",0
"GO:1901343","negative regulation of vasculature development","0/17","16/3464",0,0,-0.281518167921038,1,1,1,"",0
"GO:1901379","regulation of potassium ion transmembrane transport","0/17","17/3464",0,0,-0.29022437442028,1,1,1,"",0
"GO:1901381","positive regulation of potassium ion transmembrane transport","0/17","7/3464",0,0,-0.185964220911726,1,1,1,"",0
"GO:1901524","regulation of mitophagy","0/17","21/3464",0,0,-0.322753678537855,1,1,1,"",0
"GO:1901525","negative regulation of mitophagy","0/17","5/3464",0,0,-0.15712300842042,1,1,1,"",0
"GO:1901526","positive regulation of mitophagy","0/17","7/3464",0,0,-0.185964220911726,1,1,1,"",0
"GO:1901532","regulation of hematopoietic progenitor cell differentiation","0/17","16/3464",0,0,-0.281518167921038,1,1,1,"",0
"GO:1901533","negative regulation of hematopoietic progenitor cell differentiation","0/17","6/3464",0,0,-0.17214451739573,1,1,1,"",0
"GO:1901568","fatty acid derivative metabolic process","0/17","20/3464",0,0,-0.314929606982663,1,1,1,"",0
"GO:1901570","fatty acid derivative biosynthetic process","0/17","14/3464",0,0,-0.263259792748828,1,1,1,"",0
"GO:1901605","alpha-amino acid metabolic process","0/17","34/3464",0,0,-0.411455112762703,1,1,1,"",0
"GO:1901606","alpha-amino acid catabolic process","0/17","16/3464",0,0,-0.281518167921038,1,1,1,"",0
"GO:1901607","alpha-amino acid biosynthetic process","0/17","12/3464",0,0,-0.243660591563121,1,1,1,"",0
"GO:1901632","regulation of synaptic vesicle membrane organization","0/17","5/3464",0,0,-0.15712300842042,1,1,1,"",0
"GO:1901654","response to ketone","0/17","44/3464",0,0,-0.468752233411199,1,1,1,"",0
"GO:1901655","cellular response to ketone","0/17","24/3464",0,0,-0.3451886157451,1,1,1,"",0
"GO:1901673","regulation of mitotic spindle assembly","0/17","9/3464",0,0,-0.210924628871157,1,1,1,"",0
"GO:1901679","nucleotide transmembrane transport","0/17","5/3464",0,0,-0.15712300842042,1,1,1,"",0
"GO:1901739","regulation of myoblast fusion","0/17","41/3464",0,0,-0.452291622376296,1,1,1,"",0
"GO:1901740","negative regulation of myoblast fusion","0/17","39/3464",0,0,-0.440993390439803,1,1,1,"",0
"GO:1901796","regulation of signal transduction by p53 class mediator","0/17","34/3464",0,0,-0.411455112762703,1,1,1,"",0
"GO:1901797","negative regulation of signal transduction by p53 class mediator","0/17","7/3464",0,0,-0.185964220911726,1,1,1,"",0
"GO:1901798","positive regulation of signal transduction by p53 class mediator","0/17","17/3464",0,0,-0.29022437442028,1,1,1,"",0
"GO:1901799","negative regulation of proteasomal protein catabolic process","0/17","24/3464",0,0,-0.3451886157451,1,1,1,"",0
"GO:1901800","positive regulation of proteasomal protein catabolic process","0/17","42/3464",0,0,-0.457841027287798,1,1,1,"",0
"GO:1901844","regulation of cell communication by electrical coupling involved in cardiac conduction","0/17","5/3464",0,0,-0.15712300842042,1,1,1,"",0
"GO:1901861","regulation of muscle tissue development","0/17","5/3464",0,0,-0.15712300842042,1,1,1,"",0
"GO:1901873","regulation of post-translational protein modification","0/17","79/3464",0,0,-0.631341407150529,1,1,1,"",0
"GO:1901874","negative regulation of post-translational protein modification","0/17","27/3464",0,0,-0.366287569727191,1,1,1,"",0
"GO:1901875","positive regulation of post-translational protein modification","0/17","41/3464",0,0,-0.452291622376296,1,1,1,"",0
"GO:1901879","regulation of protein depolymerization","0/17","30/3464",0,0,-0.386269614985065,1,1,1,"",0
"GO:1901880","negative regulation of protein depolymerization","0/17","22/3464",0,0,-0.330396906346997,1,1,1,"",0
"GO:1901881","positive regulation of protein depolymerization","0/17","5/3464",0,0,-0.15712300842042,1,1,1,"",0
"GO:1901888","regulation of cell junction assembly","0/17","89/3464",0,0,-0.671101453605238,1,1,1,"",0
"GO:1901889","negative regulation of cell junction assembly","0/17","11/3464",0,0,-0.233253472635466,1,1,1,"",0
"GO:1901890","positive regulation of cell junction assembly","0/17","26/3464",0,0,-0.359388190900476,1,1,1,"",0
"GO:1901970","positive regulation of mitotic sister chromatid separation","0/17","6/3464",0,0,-0.17214451739573,1,1,1,"",0
"GO:1901976","regulation of cell cycle checkpoint","0/17","17/3464",0,0,-0.29022437442028,1,1,1,"",0
"GO:1901978","positive regulation of cell cycle checkpoint","0/17","10/3464",0,0,-0.222366263304878,1,1,1,"",0
"GO:1901987","regulation of cell cycle phase transition","0/17","114/3464",0,0,-0.762359974593799,1,1,1,"",0
"GO:1901988","negative regulation of cell cycle phase transition","0/17","58/3464",0,0,-0.539289220725874,1,1,1,"",0
"GO:1901989","positive regulation of cell cycle phase transition","0/17","23/3464",0,0,-0.337871567350104,1,1,1,"",0
"GO:1901990","regulation of mitotic cell cycle phase transition","0/17","87/3464",0,0,-0.663321632261148,1,1,1,"",0
"GO:1901991","negative regulation of mitotic cell cycle phase transition","0/17","41/3464",0,0,-0.452291622376296,1,1,1,"",0
"GO:1901992","positive regulation of mitotic cell cycle phase transition","0/17","21/3464",0,0,-0.322753678537855,1,1,1,"",0
"GO:1902001","fatty acid transmembrane transport","0/17","6/3464",0,0,-0.17214451739573,1,1,1,"",0
"GO:1902003","regulation of amyloid-beta formation","0/17","17/3464",0,0,-0.29022437442028,1,1,1,"",0
"GO:1902004","positive regulation of amyloid-beta formation","0/17","7/3464",0,0,-0.185964220911726,1,1,1,"",0
"GO:1902017","regulation of cilium assembly","0/17","21/3464",0,0,-0.322753678537855,1,1,1,"",0
"GO:1902018","negative regulation of cilium assembly","0/17","10/3464",0,0,-0.222366263304878,1,1,1,"",0
"GO:1902036","regulation of hematopoietic stem cell differentiation","0/17","10/3464",0,0,-0.222366263304878,1,1,1,"",0
"GO:1902074","response to salt","0/17","5/3464",0,0,-0.15712300842042,1,1,1,"",0
"GO:1902099","regulation of metaphase/anaphase transition of cell cycle","0/17","33/3464",0,0,-0.405300067126917,1,1,1,"",0
"GO:1902100","negative regulation of metaphase/anaphase transition of cell cycle","0/17","16/3464",0,0,-0.281518167921038,1,1,1,"",0
"GO:1902101","positive regulation of metaphase/anaphase transition of cell cycle","0/17","6/3464",0,0,-0.17214451739573,1,1,1,"",0
"GO:1902105","regulation of leukocyte differentiation","0/17","57/3464",0,0,-0.534541497290977,1,1,1,"",0
"GO:1902106","negative regulation of leukocyte differentiation","0/17","18/3464",0,0,-0.29868174554767,1,1,1,"",0
"GO:1902107","positive regulation of leukocyte differentiation","0/17","33/3464",0,0,-0.405300067126917,1,1,1,"",0
"GO:1902108","regulation of mitochondrial membrane permeability involved in apoptotic process","0/17","8/3464",0,0,-0.198832874617629,1,1,1,"",0
"GO:1902110","positive regulation of mitochondrial membrane permeability involved in apoptotic process","0/17","7/3464",0,0,-0.185964220911726,1,1,1,"",0
"GO:1902116","negative regulation of organelle assembly","0/17","21/3464",0,0,-0.322753678537855,1,1,1,"",0
"GO:1902170","cellular response to reactive nitrogen species","0/17","5/3464",0,0,-0.15712300842042,1,1,1,"",0
"GO:1902175","regulation of oxidative stress-induced intrinsic apoptotic signaling pathway","0/17","19/3464",0,0,-0.306910857143731,1,1,1,"",0
"GO:1902176","negative regulation of oxidative stress-induced intrinsic apoptotic signaling pathway","0/17","14/3464",0,0,-0.263259792748828,1,1,1,"",0
"GO:1902229","regulation of intrinsic apoptotic signaling pathway in response to DNA damage","0/17","5/3464",0,0,-0.15712300842042,1,1,1,"",0
"GO:1902235","regulation of endoplasmic reticulum stress-induced intrinsic apoptotic signaling pathway","0/17","12/3464",0,0,-0.243660591563121,1,1,1,"",0
"GO:1902236","negative regulation of endoplasmic reticulum stress-induced intrinsic apoptotic signaling pathway","0/17","9/3464",0,0,-0.210924628871157,1,1,1,"",0
"GO:1902253","regulation of intrinsic apoptotic signaling pathway by p53 class mediator","0/17","6/3464",0,0,-0.17214451739573,1,1,1,"",0
"GO:1902275","regulation of chromatin organization","0/17","8/3464",0,0,-0.198832874617629,1,1,1,"",0
"GO:1902305","regulation of sodium ion transmembrane transport","0/17","13/3464",0,0,-0.253646726191546,1,1,1,"",0
"GO:1902307","positive regulation of sodium ion transmembrane transport","0/17","5/3464",0,0,-0.15712300842042,1,1,1,"",0
"GO:1902369","negative regulation of RNA catabolic process","0/17","31/3464",0,0,-0.39271185338966,1,1,1,"",0
"GO:1902373","negative regulation of mRNA catabolic process","0/17","28/3464",0,0,-0.373063278791047,1,1,1,"",0
"GO:1902410","mitotic cytokinetic process","0/17","12/3464",0,0,-0.243660591563121,1,1,1,"",0
"GO:1902412","regulation of mitotic cytokinesis","0/17","9/3464",0,0,-0.210924628871157,1,1,1,"",0
"GO:1902414","protein localization to cell junction","0/17","39/3464",0,0,-0.440993390439803,1,1,1,"",0
"GO:1902430","negative regulation of amyloid-beta formation","0/17","10/3464",0,0,-0.222366263304878,1,1,1,"",0
"GO:1902455","negative regulation of stem cell population maintenance","0/17","9/3464",0,0,-0.210924628871157,1,1,1,"",0
"GO:1902459","positive regulation of stem cell population maintenance","0/17","18/3464",0,0,-0.29868174554767,1,1,1,"",0
"GO:1902473","regulation of protein localization to synapse","0/17","12/3464",0,0,-0.243660591563121,1,1,1,"",0
"GO:1902475","L-alpha-amino acid transmembrane transport","0/17","19/3464",0,0,-0.306910857143731,1,1,1,"",0
"GO:1902476","chloride transmembrane transport","0/17","11/3464",0,0,-0.233253472635466,1,1,1,"",0
"GO:1902533","positive regulation of intracellular signal transduction","0/17","265/3464",0,0,-1.1894491538019,1,1,1,"",0
"GO:1902570","protein localization to nucleolus","0/17","6/3464",0,0,-0.17214451739573,1,1,1,"",0
"GO:1902652","secondary alcohol metabolic process","0/17","30/3464",0,0,-0.386269614985065,1,1,1,"",0
"GO:1902653","secondary alcohol biosynthetic process","0/17","19/3464",0,0,-0.306910857143731,1,1,1,"",0
"GO:1902656","calcium ion import into cytosol","0/17","5/3464",0,0,-0.15712300842042,1,1,1,"",0
"GO:1902683","regulation of receptor localization to synapse","0/17","13/3464",0,0,-0.253646726191546,1,1,1,"",0
"GO:1902686","mitochondrial outer membrane permeabilization involved in programmed cell death","0/17","8/3464",0,0,-0.198832874617629,1,1,1,"",0
"GO:1902692","regulation of neuroblast proliferation","0/17","6/3464",0,0,-0.17214451739573,1,1,1,"",0
"GO:1902749","regulation of cell cycle G2/M phase transition","0/17","24/3464",0,0,-0.3451886157451,1,1,1,"",0
"GO:1902750","negative regulation of cell cycle G2/M phase transition","0/17","16/3464",0,0,-0.281518167921038,1,1,1,"",0
"GO:1902751","positive regulation of cell cycle G2/M phase transition","0/17","5/3464",0,0,-0.15712300842042,1,1,1,"",0
"GO:1902774","late endosome to lysosome transport","0/17","11/3464",0,0,-0.233253472635466,1,1,1,"",0
"GO:1902806","regulation of cell cycle G1/S phase transition","0/17","48/3464",0,0,-0.489882304792675,1,1,1,"",0
"GO:1902807","negative regulation of cell cycle G1/S phase transition","0/17","14/3464",0,0,-0.263259792748828,1,1,1,"",0
"GO:1902808","positive regulation of cell cycle G1/S phase transition","0/17","10/3464",0,0,-0.222366263304878,1,1,1,"",0
"GO:1902882","regulation of response to oxidative stress","0/17","11/3464",0,0,-0.233253472635466,1,1,1,"",0
"GO:1902893","regulation of miRNA transcription","0/17","19/3464",0,0,-0.306910857143731,1,1,1,"",0
"GO:1902894","negative regulation of miRNA transcription","0/17","8/3464",0,0,-0.198832874617629,1,1,1,"",0
"GO:1902895","positive regulation of miRNA transcription","0/17","12/3464",0,0,-0.243660591563121,1,1,1,"",0
"GO:1902902","negative regulation of autophagosome assembly","0/17","7/3464",0,0,-0.185964220911726,1,1,1,"",0
"GO:1902903","regulation of supramolecular fiber organization","0/17","119/3464",0,0,-0.779480911627095,1,1,1,"",0
"GO:1902904","negative regulation of supramolecular fiber organization","0/17","46/3464",0,0,-0.479427510851292,1,1,1,"",0
"GO:1902905","positive regulation of supramolecular fiber organization","0/17","56/3464",0,0,-0.529754049529149,1,1,1,"",0
"GO:1902914","regulation of protein polyubiquitination","0/17","10/3464",0,0,-0.222366263304878,1,1,1,"",0
"GO:1902916","positive regulation of protein polyubiquitination","0/17","5/3464",0,0,-0.15712300842042,1,1,1,"",0
"GO:1902930","regulation of alcohol biosynthetic process","0/17","12/3464",0,0,-0.243660591563121,1,1,1,"",0
"GO:1902932","positive regulation of alcohol biosynthetic process","0/17","7/3464",0,0,-0.185964220911726,1,1,1,"",0
"GO:1902946","protein localization to early endosome","0/17","5/3464",0,0,-0.15712300842042,1,1,1,"",0
"GO:1902950","regulation of dendritic spine maintenance","0/17","7/3464",0,0,-0.185964220911726,1,1,1,"",0
"GO:1902951","negative regulation of dendritic spine maintenance","0/17","5/3464",0,0,-0.15712300842042,1,1,1,"",0
"GO:1902953","positive regulation of ER to Golgi vesicle-mediated transport","0/17","8/3464",0,0,-0.198832874617629,1,1,1,"",0
"GO:1902988","neurofibrillary tangle assembly","0/17","7/3464",0,0,-0.185964220911726,1,1,1,"",0
"GO:1902991","regulation of amyloid precursor protein catabolic process","0/17","20/3464",0,0,-0.314929606982663,1,1,1,"",0
"GO:1902992","negative regulation of amyloid precursor protein catabolic process","0/17","11/3464",0,0,-0.233253472635466,1,1,1,"",0
"GO:1902993","positive regulation of amyloid precursor protein catabolic process","0/17","9/3464",0,0,-0.210924628871157,1,1,1,"",0
"GO:1902996","regulation of neurofibrillary tangle assembly","0/17","5/3464",0,0,-0.15712300842042,1,1,1,"",0
"GO:1903008","organelle disassembly","0/17","30/3464",0,0,-0.386269614985065,1,1,1,"",0
"GO:1903018","regulation of glycoprotein metabolic process","0/17","13/3464",0,0,-0.253646726191546,1,1,1,"",0
"GO:1903019","negative regulation of glycoprotein metabolic process","0/17","6/3464",0,0,-0.17214451739573,1,1,1,"",0
"GO:1903020","positive regulation of glycoprotein metabolic process","0/17","5/3464",0,0,-0.15712300842042,1,1,1,"",0
"GO:1903034","regulation of response to wounding","0/17","26/3464",0,0,-0.359388190900476,1,1,1,"",0
"GO:1903035","negative regulation of response to wounding","0/17","16/3464",0,0,-0.281518167921038,1,1,1,"",0
"GO:1903036","positive regulation of response to wounding","0/17","9/3464",0,0,-0.210924628871157,1,1,1,"",0
"GO:1903038","negative regulation of leukocyte cell-cell adhesion","0/17","28/3464",0,0,-0.373063278791047,1,1,1,"",0
"GO:1903046","meiotic cell cycle process","0/17","18/3464",0,0,-0.29868174554767,1,1,1,"",0
"GO:1903059","regulation of protein lipidation","0/17","6/3464",0,0,-0.17214451739573,1,1,1,"",0
"GO:1903077","negative regulation of protein localization to plasma membrane","0/17","10/3464",0,0,-0.222366263304878,1,1,1,"",0
"GO:1903115","regulation of actin filament-based movement","0/17","11/3464",0,0,-0.233253472635466,1,1,1,"",0
"GO:1903131","mononuclear cell differentiation","0/17","85/3464",0,0,-0.655458850074914,1,1,1,"",0
"GO:1903146","regulation of autophagy of mitochondrion","0/17","23/3464",0,0,-0.337871567350104,1,1,1,"",0
"GO:1903147","negative regulation of autophagy of mitochondrion","0/17","5/3464",0,0,-0.15712300842042,1,1,1,"",0
"GO:1903169","regulation of calcium ion transmembrane transport","0/17","29/3464",0,0,-0.379721941742842,1,1,1,"",0
"GO:1903170","negative regulation of calcium ion transmembrane transport","0/17","10/3464",0,0,-0.222366263304878,1,1,1,"",0
"GO:1903232","melanosome assembly","0/17","8/3464",0,0,-0.198832874617629,1,1,1,"",0
"GO:1903241","U2-type prespliceosome assembly","0/17","7/3464",0,0,-0.185964220911726,1,1,1,"",0
"GO:1903265","positive regulation of tumor necrosis factor-mediated signaling pathway","0/17","7/3464",0,0,-0.185964220911726,1,1,1,"",0
"GO:1903286","regulation of potassium ion import","0/17","5/3464",0,0,-0.15712300842042,1,1,1,"",0
"GO:1903297","regulation of hypoxia-induced intrinsic apoptotic signaling pathway","0/17","5/3464",0,0,-0.15712300842042,1,1,1,"",0
"GO:1903298","negative regulation of hypoxia-induced intrinsic apoptotic signaling pathway","0/17","5/3464",0,0,-0.15712300842042,1,1,1,"",0
"GO:1903305","regulation of regulated secretory pathway","0/17","30/3464",0,0,-0.386269614985065,1,1,1,"",0
"GO:1903306","negative regulation of regulated secretory pathway","0/17","6/3464",0,0,-0.17214451739573,1,1,1,"",0
"GO:1903307","positive regulation of regulated secretory pathway","0/17","10/3464",0,0,-0.222366263304878,1,1,1,"",0
"GO:1903311","regulation of mRNA metabolic process","0/17","130/3464",0,0,-0.816054085098373,1,1,1,"",0
"GO:1903312","negative regulation of mRNA metabolic process","0/17","43/3464",0,0,-0.463327156147038,1,1,1,"",0
"GO:1903313","positive regulation of mRNA metabolic process","0/17","51/3464",0,0,-0.505181000485228,1,1,1,"",0
"GO:1903317","regulation of protein maturation","0/17","7/3464",0,0,-0.185964220911726,1,1,1,"",0
"GO:1903318","negative regulation of protein maturation","0/17","5/3464",0,0,-0.15712300842042,1,1,1,"",0
"GO:1903320","regulation of protein modification by small protein conjugation or removal","0/17","77/3464",0,0,-0.623114459153914,1,1,1,"",0
"GO:1903321","negative regulation of protein modification by small protein conjugation or removal","0/17","27/3464",0,0,-0.366287569727191,1,1,1,"",0
"GO:1903322","positive regulation of protein modification by small protein conjugation or removal","0/17","40/3464",0,0,-0.446676580142383,1,1,1,"",0
"GO:1903350","response to dopamine","0/17","12/3464",0,0,-0.243660591563121,1,1,1,"",0
"GO:1903351","cellular response to dopamine","0/17","12/3464",0,0,-0.243660591563121,1,1,1,"",0
"GO:1903358","regulation of Golgi organization","0/17","8/3464",0,0,-0.198832874617629,1,1,1,"",0
"GO:1903376","regulation of oxidative stress-induced neuron intrinsic apoptotic signaling pathway","0/17","8/3464",0,0,-0.198832874617629,1,1,1,"",0
"GO:1903377","negative regulation of oxidative stress-induced neuron intrinsic apoptotic signaling pathway","0/17","7/3464",0,0,-0.185964220911726,1,1,1,"",0
"GO:1903405","protein localization to nuclear body","0/17","5/3464",0,0,-0.15712300842042,1,1,1,"",0
"GO:1903409","reactive oxygen species biosynthetic process","0/17","12/3464",0,0,-0.243660591563121,1,1,1,"",0
"GO:1903421","regulation of synaptic vesicle recycling","0/17","13/3464",0,0,-0.253646726191546,1,1,1,"",0
"GO:1903426","regulation of reactive oxygen species biosynthetic process","0/17","9/3464",0,0,-0.210924628871157,1,1,1,"",0
"GO:1903427","negative regulation of reactive oxygen species biosynthetic process","0/17","6/3464",0,0,-0.17214451739573,1,1,1,"",0
"GO:1903441","protein localization to ciliary membrane","0/17","13/3464",0,0,-0.253646726191546,1,1,1,"",0
"GO:1903504","regulation of mitotic spindle checkpoint","0/17","11/3464",0,0,-0.233253472635466,1,1,1,"",0
"GO:1903509","liposaccharide metabolic process","0/17","28/3464",0,0,-0.373063278791047,1,1,1,"",0
"GO:1903513","endoplasmic reticulum to cytosol transport","0/17","14/3464",0,0,-0.263259792748828,1,1,1,"",0
"GO:1903514","release of sequestered calcium ion into cytosol by endoplasmic reticulum","0/17","9/3464",0,0,-0.210924628871157,1,1,1,"",0
"GO:1903524","positive regulation of blood circulation","0/17","6/3464",0,0,-0.17214451739573,1,1,1,"",0
"GO:1903530","regulation of secretion by cell","0/17","100/3464",0,0,-0.712528222867668,1,1,1,"",0
"GO:1903531","negative regulation of secretion by cell","0/17","25/3464",0,0,-0.352357874193654,1,1,1,"",0
"GO:1903532","positive regulation of secretion by cell","0/17","54/3464",0,0,-0.520055573560295,1,1,1,"",0
"GO:1903533","regulation of protein targeting","0/17","9/3464",0,0,-0.210924628871157,1,1,1,"",0
"GO:1903539","protein localization to postsynaptic membrane","0/17","18/3464",0,0,-0.29868174554767,1,1,1,"",0
"GO:1903540","establishment of protein localization to postsynaptic membrane","0/17","5/3464",0,0,-0.15712300842042,1,1,1,"",0
"GO:1903541","regulation of exosomal secretion","0/17","9/3464",0,0,-0.210924628871157,1,1,1,"",0
"GO:1903543","positive regulation of exosomal secretion","0/17","8/3464",0,0,-0.198832874617629,1,1,1,"",0
"GO:1903555","regulation of tumor necrosis factor superfamily cytokine production","0/17","29/3464",0,0,-0.379721941742842,1,1,1,"",0
"GO:1903556","negative regulation of tumor necrosis factor superfamily cytokine production","0/17","6/3464",0,0,-0.17214451739573,1,1,1,"",0
"GO:1903557","positive regulation of tumor necrosis factor superfamily cytokine production","0/17","21/3464",0,0,-0.322753678537855,1,1,1,"",0
"GO:1903573","negative regulation of response to endoplasmic reticulum stress","0/17","24/3464",0,0,-0.3451886157451,1,1,1,"",0
"GO:1903578","regulation of ATP metabolic process","0/17","25/3464",0,0,-0.352357874193654,1,1,1,"",0
"GO:1903580","positive regulation of ATP metabolic process","0/17","17/3464",0,0,-0.29022437442028,1,1,1,"",0
"GO:1903599","positive regulation of autophagy of mitochondrion","0/17","9/3464",0,0,-0.210924628871157,1,1,1,"",0
"GO:1903608","protein localization to cytoplasmic stress granule","0/17","6/3464",0,0,-0.17214451739573,1,1,1,"",0
"GO:1903670","regulation of sprouting angiogenesis","0/17","8/3464",0,0,-0.198832874617629,1,1,1,"",0
"GO:1903672","positive regulation of sprouting angiogenesis","0/17","6/3464",0,0,-0.17214451739573,1,1,1,"",0
"GO:1903706","regulation of hemopoiesis","0/17","78/3464",0,0,-0.627240206637006,1,1,1,"",0
"GO:1903707","negative regulation of hemopoiesis","0/17","20/3464",0,0,-0.314929606982663,1,1,1,"",0
"GO:1903708","positive regulation of hemopoiesis","0/17","33/3464",0,0,-0.405300067126917,1,1,1,"",0
"GO:1903725","regulation of phospholipid metabolic process","0/17","11/3464",0,0,-0.233253472635466,1,1,1,"",0
"GO:1903729","regulation of plasma membrane organization","0/17","5/3464",0,0,-0.15712300842042,1,1,1,"",0
"GO:1903747","regulation of protein localization to mitochondrion","0/17","23/3464",0,0,-0.337871567350104,1,1,1,"",0
"GO:1903749","positive regulation of protein localization to mitochondrion","0/17","17/3464",0,0,-0.29022437442028,1,1,1,"",0
"GO:1903779","regulation of cardiac conduction","0/17","6/3464",0,0,-0.17214451739573,1,1,1,"",0
"GO:1903828","negative regulation of protein localization","0/17","56/3464",0,0,-0.529754049529149,1,1,1,"",0
"GO:1903830","magnesium ion transmembrane transport","0/17","5/3464",0,0,-0.15712300842042,1,1,1,"",0
"GO:1903844","regulation of cellular response to transforming growth factor beta stimulus","0/17","37/3464",0,0,-0.429411701263547,1,1,1,"",0
"GO:1903846","positive regulation of cellular response to transforming growth factor beta stimulus","0/17","9/3464",0,0,-0.210924628871157,1,1,1,"",0
"GO:1903861","positive regulation of dendrite extension","0/17","6/3464",0,0,-0.17214451739573,1,1,1,"",0
"GO:1903897","regulation of PERK-mediated unfolded protein response","0/17","8/3464",0,0,-0.198832874617629,1,1,1,"",0
"GO:1903898","negative regulation of PERK-mediated unfolded protein response","0/17","7/3464",0,0,-0.185964220911726,1,1,1,"",0
"GO:1903900","regulation of viral life cycle","0/17","27/3464",0,0,-0.366287569727191,1,1,1,"",0
"GO:1903902","positive regulation of viral life cycle","0/17","9/3464",0,0,-0.210924628871157,1,1,1,"",0
"GO:1903909","regulation of receptor clustering","0/17","5/3464",0,0,-0.15712300842042,1,1,1,"",0
"GO:1903939","regulation of TORC2 signaling","0/17","6/3464",0,0,-0.17214451739573,1,1,1,"",0
"GO:1904018","positive regulation of vasculature development","0/17","30/3464",0,0,-0.386269614985065,1,1,1,"",0
"GO:1904019","epithelial cell apoptotic process","0/17","12/3464",0,0,-0.243660591563121,1,1,1,"",0
"GO:1904035","regulation of epithelial cell apoptotic process","0/17","9/3464",0,0,-0.210924628871157,1,1,1,"",0
"GO:1904036","negative regulation of epithelial cell apoptotic process","0/17","6/3464",0,0,-0.17214451739573,1,1,1,"",0
"GO:1904062","regulation of monoatomic cation transmembrane transport","0/17","52/3464",0,0,-0.510184459151963,1,1,1,"",0
"GO:1904063","negative regulation of cation transmembrane transport","0/17","14/3464",0,0,-0.263259792748828,1,1,1,"",0
"GO:1904064","positive regulation of cation transmembrane transport","0/17","19/3464",0,0,-0.306910857143731,1,1,1,"",0
"GO:1904152","regulation of retrograde protein transport, ER to cytosol","0/17","6/3464",0,0,-0.17214451739573,1,1,1,"",0
"GO:1904153","negative regulation of retrograde protein transport, ER to cytosol","0/17","5/3464",0,0,-0.15712300842042,1,1,1,"",0
"GO:1904177","regulation of adipose tissue development","0/17","8/3464",0,0,-0.198832874617629,1,1,1,"",0
"GO:1904178","negative regulation of adipose tissue development","0/17","5/3464",0,0,-0.15712300842042,1,1,1,"",0
"GO:1904263","positive regulation of TORC1 signaling","0/17","22/3464",0,0,-0.330396906346997,1,1,1,"",0
"GO:1904292","regulation of ERAD pathway","0/17","12/3464",0,0,-0.243660591563121,1,1,1,"",0
"GO:1904294","positive regulation of ERAD pathway","0/17","9/3464",0,0,-0.210924628871157,1,1,1,"",0
"GO:1904353","regulation of telomere capping","0/17","7/3464",0,0,-0.185964220911726,1,1,1,"",0
"GO:1904356","regulation of telomere maintenance via telomere lengthening","0/17","22/3464",0,0,-0.330396906346997,1,1,1,"",0
"GO:1904357","negative regulation of telomere maintenance via telomere lengthening","0/17","8/3464",0,0,-0.198832874617629,1,1,1,"",0
"GO:1904358","positive regulation of telomere maintenance via telomere lengthening","0/17","15/3464",0,0,-0.272539275511706,1,1,1,"",0
"GO:1904376","negative regulation of protein localization to cell periphery","0/17","11/3464",0,0,-0.233253472635466,1,1,1,"",0
"GO:1904380","endoplasmic reticulum mannose trimming","0/17","5/3464",0,0,-0.15712300842042,1,1,1,"",0
"GO:1904385","cellular response to angiotensin","0/17","9/3464",0,0,-0.210924628871157,1,1,1,"",0
"GO:1904415","regulation of xenophagy","0/17","6/3464",0,0,-0.17214451739573,1,1,1,"",0
"GO:1904427","positive regulation of calcium ion transmembrane transport","0/17","9/3464",0,0,-0.210924628871157,1,1,1,"",0
"GO:1904491","protein localization to ciliary transition zone","0/17","5/3464",0,0,-0.15712300842042,1,1,1,"",0
"GO:1904515","positive regulation of TORC2 signaling","0/17","5/3464",0,0,-0.15712300842042,1,1,1,"",0
"GO:1904594","regulation of termination of RNA polymerase II transcription","0/17","7/3464",0,0,-0.185964220911726,1,1,1,"",0
"GO:1904595","positive regulation of termination of RNA polymerase II transcription","0/17","5/3464",0,0,-0.15712300842042,1,1,1,"",0
"GO:1904659","D-glucose transmembrane transport","0/17","23/3464",0,0,-0.337871567350104,1,1,1,"",0
"GO:1904688","regulation of cytoplasmic translational initiation","0/17","6/3464",0,0,-0.17214451739573,1,1,1,"",0
"GO:1904705","regulation of vascular associated smooth muscle cell proliferation","0/17","14/3464",0,0,-0.263259792748828,1,1,1,"",0
"GO:1904706","negative regulation of vascular associated smooth muscle cell proliferation","0/17","5/3464",0,0,-0.15712300842042,1,1,1,"",0
"GO:1904707","positive regulation of vascular associated smooth muscle cell proliferation","0/17","9/3464",0,0,-0.210924628871157,1,1,1,"",0
"GO:1904738","vascular associated smooth muscle cell migration","0/17","9/3464",0,0,-0.210924628871157,1,1,1,"",0
"GO:1904752","regulation of vascular associated smooth muscle cell migration","0/17","9/3464",0,0,-0.210924628871157,1,1,1,"",0
"GO:1904754","positive regulation of vascular associated smooth muscle cell migration","0/17","5/3464",0,0,-0.15712300842042,1,1,1,"",0
"GO:1904779","regulation of protein localization to centrosome","0/17","5/3464",0,0,-0.15712300842042,1,1,1,"",0
"GO:1904861","excitatory synapse assembly","0/17","14/3464",0,0,-0.263259792748828,1,1,1,"",0
"GO:1904867","protein localization to Cajal body","0/17","5/3464",0,0,-0.15712300842042,1,1,1,"",0
"GO:1904869","regulation of protein localization to Cajal body","0/17","5/3464",0,0,-0.15712300842042,1,1,1,"",0
"GO:1904871","positive regulation of protein localization to Cajal body","0/17","5/3464",0,0,-0.15712300842042,1,1,1,"",0
"GO:1904872","regulation of telomerase RNA localization to Cajal body","0/17","8/3464",0,0,-0.198832874617629,1,1,1,"",0
"GO:1904874","positive regulation of telomerase RNA localization to Cajal body","0/17","5/3464",0,0,-0.15712300842042,1,1,1,"",0
"GO:1904889","regulation of excitatory synapse assembly","0/17","7/3464",0,0,-0.185964220911726,1,1,1,"",0
"GO:1904892","regulation of receptor signaling pathway via STAT","0/17","18/3464",0,0,-0.29868174554767,1,1,1,"",0
"GO:1904893","negative regulation of receptor signaling pathway via STAT","0/17","7/3464",0,0,-0.185964220911726,1,1,1,"",0
"GO:1904894","positive regulation of receptor signaling pathway via STAT","0/17","8/3464",0,0,-0.198832874617629,1,1,1,"",0
"GO:1904896","ESCRT complex disassembly","0/17","6/3464",0,0,-0.17214451739573,1,1,1,"",0
"GO:1904903","ESCRT III complex disassembly","0/17","6/3464",0,0,-0.17214451739573,1,1,1,"",0
"GO:1904950","negative regulation of establishment of protein localization","0/17","26/3464",0,0,-0.359388190900476,1,1,1,"",0
"GO:1905037","autophagosome organization","0/17","63/3464",0,0,-0.562466969038577,1,1,1,"",0
"GO:1905039","carboxylic acid transmembrane transport","0/17","32/3464",0,0,-0.399053766541762,1,1,1,"",0
"GO:1905089","regulation of type 2 mitophagy","0/17","6/3464",0,0,-0.17214451739573,1,1,1,"",0
"GO:1905091","positive regulation of type 2 mitophagy","0/17","5/3464",0,0,-0.15712300842042,1,1,1,"",0
"GO:1905144","response to acetylcholine","0/17","6/3464",0,0,-0.17214451739573,1,1,1,"",0
"GO:1905145","cellular response to acetylcholine","0/17","6/3464",0,0,-0.17214451739573,1,1,1,"",0
"GO:1905146","lysosomal protein catabolic process","0/17","5/3464",0,0,-0.15712300842042,1,1,1,"",0
"GO:1905168","positive regulation of double-strand break repair via homologous recombination","0/17","16/3464",0,0,-0.281518167921038,1,1,1,"",0
"GO:1905244","regulation of modification of synaptic structure","0/17","11/3464",0,0,-0.233253472635466,1,1,1,"",0
"GO:1905274","regulation of modification of postsynaptic actin cytoskeleton","0/17","5/3464",0,0,-0.15712300842042,1,1,1,"",0
"GO:1905279","regulation of retrograde transport, endosome to Golgi","0/17","5/3464",0,0,-0.15712300842042,1,1,1,"",0
"GO:1905288","vascular associated smooth muscle cell apoptotic process","0/17","5/3464",0,0,-0.15712300842042,1,1,1,"",0
"GO:1905314","semi-lunar valve development","0/17","9/3464",0,0,-0.210924628871157,1,1,1,"",0
"GO:1905330","regulation of morphogenesis of an epithelium","0/17","6/3464",0,0,-0.17214451739573,1,1,1,"",0
"GO:1905383","protein localization to presynapse","0/17","6/3464",0,0,-0.17214451739573,1,1,1,"",0
"GO:1905459","regulation of vascular associated smooth muscle cell apoptotic process","0/17","5/3464",0,0,-0.15712300842042,1,1,1,"",0
"GO:1905476","negative regulation of protein localization to membrane","0/17","12/3464",0,0,-0.243660591563121,1,1,1,"",0
"GO:1905508","protein localization to microtubule organizing center","0/17","17/3464",0,0,-0.29022437442028,1,1,1,"",0
"GO:1905515","non-motile cilium assembly","0/17","12/3464",0,0,-0.243660591563121,1,1,1,"",0
"GO:1905517","macrophage migration","0/17","10/3464",0,0,-0.222366263304878,1,1,1,"",0
"GO:1905521","regulation of macrophage migration","0/17","9/3464",0,0,-0.210924628871157,1,1,1,"",0
"GO:1905523","positive regulation of macrophage migration","0/17","6/3464",0,0,-0.17214451739573,1,1,1,"",0
"GO:1905562","regulation of vascular endothelial cell proliferation","0/17","9/3464",0,0,-0.210924628871157,1,1,1,"",0
"GO:1905564","positive regulation of vascular endothelial cell proliferation","0/17","7/3464",0,0,-0.185964220911726,1,1,1,"",0
"GO:1905606","regulation of presynapse assembly","0/17","7/3464",0,0,-0.185964220911726,1,1,1,"",0
"GO:1905634","regulation of protein localization to chromatin","0/17","6/3464",0,0,-0.17214451739573,1,1,1,"",0
"GO:1905710","positive regulation of membrane permeability","0/17","10/3464",0,0,-0.222366263304878,1,1,1,"",0
"GO:1905818","regulation of chromosome separation","0/17","23/3464",0,0,-0.337871567350104,1,1,1,"",0
"GO:1905819","negative regulation of chromosome separation","0/17","16/3464",0,0,-0.281518167921038,1,1,1,"",0
"GO:1905820","positive regulation of chromosome separation","0/17","7/3464",0,0,-0.185964220911726,1,1,1,"",0
"GO:1905874","regulation of postsynaptic density organization","0/17","9/3464",0,0,-0.210924628871157,1,1,1,"",0
"GO:1905897","regulation of response to endoplasmic reticulum stress","0/17","36/3464",0,0,-0.423507307653009,1,1,1,"",0
"GO:1905898","positive regulation of response to endoplasmic reticulum stress","0/17","16/3464",0,0,-0.281518167921038,1,1,1,"",0
"GO:1905906","regulation of amyloid fibril formation","0/17","7/3464",0,0,-0.185964220911726,1,1,1,"",0
"GO:1905908","positive regulation of amyloid fibril formation","0/17","5/3464",0,0,-0.15712300842042,1,1,1,"",0
"GO:1905952","regulation of lipid localization","0/17","22/3464",0,0,-0.330396906346997,1,1,1,"",0
"GO:1905953","negative regulation of lipid localization","0/17","12/3464",0,0,-0.243660591563121,1,1,1,"",0
"GO:1905954","positive regulation of lipid localization","0/17","9/3464",0,0,-0.210924628871157,1,1,1,"",0
"GO:1990000","amyloid fibril formation","0/17","13/3464",0,0,-0.253646726191546,1,1,1,"",0
"GO:1990034","calcium ion export across plasma membrane","0/17","5/3464",0,0,-0.15712300842042,1,1,1,"",0
"GO:1990089","response to nerve growth factor","0/17","26/3464",0,0,-0.359388190900476,1,1,1,"",0
"GO:1990090","cellular response to nerve growth factor stimulus","0/17","26/3464",0,0,-0.359388190900476,1,1,1,"",0
"GO:1990116","ribosome-associated ubiquitin-dependent protein catabolic process","0/17","12/3464",0,0,-0.243660591563121,1,1,1,"",0
"GO:1990144","intrinsic apoptotic signaling pathway in response to hypoxia","0/17","7/3464",0,0,-0.185964220911726,1,1,1,"",0
"GO:1990173","protein localization to nucleoplasm","0/17","6/3464",0,0,-0.17214451739573,1,1,1,"",0
"GO:1990182","exosomal secretion","0/17","10/3464",0,0,-0.222366263304878,1,1,1,"",0
"GO:1990253","cellular response to leucine starvation","0/17","9/3464",0,0,-0.210924628871157,1,1,1,"",0
"GO:1990266","neutrophil migration","0/17","10/3464",0,0,-0.222366263304878,1,1,1,"",0
"GO:1990416","cellular response to brain-derived neurotrophic factor stimulus","0/17","5/3464",0,0,-0.15712300842042,1,1,1,"",0
"GO:1990456","mitochondrion-endoplasmic reticulum membrane tethering","0/17","5/3464",0,0,-0.15712300842042,1,1,1,"",0
"GO:1990542","mitochondrial transmembrane transport","0/17","8/3464",0,0,-0.198832874617629,1,1,1,"",0
"GO:1990748","cellular detoxification","0/17","23/3464",0,0,-0.337871567350104,1,1,1,"",0
"GO:1990776","response to angiotensin","0/17","9/3464",0,0,-0.210924628871157,1,1,1,"",0
"GO:1990806","ligand-gated ion channel signaling pathway","0/17","12/3464",0,0,-0.243660591563121,1,1,1,"",0
"GO:1990840","response to lectin","0/17","6/3464",0,0,-0.17214451739573,1,1,1,"",0
"GO:1990845","adaptive thermogenesis","0/17","34/3464",0,0,-0.411455112762703,1,1,1,"",0
"GO:1990849","vacuolar localization","0/17","18/3464",0,0,-0.29868174554767,1,1,1,"",0
"GO:1990858","cellular response to lectin","0/17","6/3464",0,0,-0.17214451739573,1,1,1,"",0
"GO:1990868","response to chemokine","0/17","9/3464",0,0,-0.210924628871157,1,1,1,"",0
"GO:1990869","cellular response to chemokine","0/17","9/3464",0,0,-0.210924628871157,1,1,1,"",0
"GO:1990874","vascular associated smooth muscle cell proliferation","0/17","14/3464",0,0,-0.263259792748828,1,1,1,"",0
"GO:1990928","response to amino acid starvation","0/17","19/3464",0,0,-0.306910857143731,1,1,1,"",0
"GO:2000001","regulation of DNA damage checkpoint","0/17","6/3464",0,0,-0.17214451739573,1,1,1,"",0
"GO:2000008","regulation of protein localization to cell surface","0/17","15/3464",0,0,-0.272539275511706,1,1,1,"",0
"GO:2000009","negative regulation of protein localization to cell surface","0/17","5/3464",0,0,-0.15712300842042,1,1,1,"",0
"GO:2000010","positive regulation of protein localization to cell surface","0/17","6/3464",0,0,-0.17214451739573,1,1,1,"",0
"GO:2000027","regulation of animal organ morphogenesis","0/17","5/3464",0,0,-0.15712300842042,1,1,1,"",0
"GO:2000036","regulation of stem cell population maintenance","0/17","28/3464",0,0,-0.373063278791047,1,1,1,"",0
"GO:2000045","regulation of G1/S transition of mitotic cell cycle","0/17","44/3464",0,0,-0.468752233411199,1,1,1,"",0
"GO:2000058","regulation of ubiquitin-dependent protein catabolic process","0/17","63/3464",0,0,-0.562466969038577,1,1,1,"",0
"GO:2000059","negative regulation of ubiquitin-dependent protein catabolic process","0/17","24/3464",0,0,-0.3451886157451,1,1,1,"",0
"GO:2000060","positive regulation of ubiquitin-dependent protein catabolic process","0/17","34/3464",0,0,-0.411455112762703,1,1,1,"",0
"GO:2000074","regulation of type B pancreatic cell development","0/17","5/3464",0,0,-0.15712300842042,1,1,1,"",0
"GO:2000106","regulation of leukocyte apoptotic process","0/17","8/3464",0,0,-0.198832874617629,1,1,1,"",0
"GO:2000114","regulation of establishment of cell polarity","0/17","8/3464",0,0,-0.198832874617629,1,1,1,"",0
"GO:2000134","negative regulation of G1/S transition of mitotic cell cycle","0/17","12/3464",0,0,-0.243660591563121,1,1,1,"",0
"GO:2000142","regulation of DNA-templated transcription initiation","0/17","28/3464",0,0,-0.373063278791047,1,1,1,"",0
"GO:2000143","negative regulation of DNA-templated transcription initiation","0/17","7/3464",0,0,-0.185964220911726,1,1,1,"",0
"GO:2000144","positive regulation of DNA-templated transcription initiation","0/17","21/3464",0,0,-0.322753678537855,1,1,1,"",0
"GO:2000146","negative regulation of cell motility","0/17","75/3464",0,0,-0.614787334791332,1,1,1,"",0
"GO:2000177","regulation of neural precursor cell proliferation","0/17","17/3464",0,0,-0.29022437442028,1,1,1,"",0
"GO:2000179","positive regulation of neural precursor cell proliferation","0/17","9/3464",0,0,-0.210924628871157,1,1,1,"",0
"GO:2000181","negative regulation of blood vessel morphogenesis","0/17","16/3464",0,0,-0.281518167921038,1,1,1,"",0
"GO:2000197","regulation of ribonucleoprotein complex localization","0/17","7/3464",0,0,-0.185964220911726,1,1,1,"",0
"GO:2000241","regulation of reproductive process","0/17","16/3464",0,0,-0.281518167921038,1,1,1,"",0
"GO:2000243","positive regulation of reproductive process","0/17","5/3464",0,0,-0.15712300842042,1,1,1,"",0
"GO:2000278","regulation of DNA biosynthetic process","0/17","23/3464",0,0,-0.337871567350104,1,1,1,"",0
"GO:2000279","negative regulation of DNA biosynthetic process","0/17","7/3464",0,0,-0.185964220911726,1,1,1,"",0
"GO:2000300","regulation of synaptic vesicle exocytosis","0/17","19/3464",0,0,-0.306910857143731,1,1,1,"",0
"GO:2000316","regulation of T-helper 17 type immune response","0/17","6/3464",0,0,-0.17214451739573,1,1,1,"",0
"GO:2000319","regulation of T-helper 17 cell differentiation","0/17","6/3464",0,0,-0.17214451739573,1,1,1,"",0
"GO:2000322","regulation of nuclear receptor-mediated glucocorticoid signaling pathway","0/17","5/3464",0,0,-0.15712300842042,1,1,1,"",0
"GO:2000351","regulation of endothelial cell apoptotic process","0/17","9/3464",0,0,-0.210924628871157,1,1,1,"",0
"GO:2000352","negative regulation of endothelial cell apoptotic process","0/17","5/3464",0,0,-0.15712300842042,1,1,1,"",0
"GO:2000377","regulation of reactive oxygen species metabolic process","0/17","31/3464",0,0,-0.39271185338966,1,1,1,"",0
"GO:2000378","negative regulation of reactive oxygen species metabolic process","0/17","11/3464",0,0,-0.233253472635466,1,1,1,"",0
"GO:2000379","positive regulation of reactive oxygen species metabolic process","0/17","14/3464",0,0,-0.263259792748828,1,1,1,"",0
"GO:2000401","regulation of lymphocyte migration","0/17","13/3464",0,0,-0.253646726191546,1,1,1,"",0
"GO:2000403","positive regulation of lymphocyte migration","0/17","9/3464",0,0,-0.210924628871157,1,1,1,"",0
"GO:2000404","regulation of T cell migration","0/17","9/3464",0,0,-0.210924628871157,1,1,1,"",0
"GO:2000406","positive regulation of T cell migration","0/17","8/3464",0,0,-0.198832874617629,1,1,1,"",0
"GO:2000434","regulation of protein neddylation","0/17","9/3464",0,0,-0.210924628871157,1,1,1,"",0
"GO:2000463","positive regulation of excitatory postsynaptic potential","0/17","9/3464",0,0,-0.210924628871157,1,1,1,"",0
"GO:2000514","regulation of CD4-positive, alpha-beta T cell activation","0/17","14/3464",0,0,-0.263259792748828,1,1,1,"",0
"GO:2000515","negative regulation of CD4-positive, alpha-beta T cell activation","0/17","6/3464",0,0,-0.17214451739573,1,1,1,"",0
"GO:2000516","positive regulation of CD4-positive, alpha-beta T cell activation","0/17","7/3464",0,0,-0.185964220911726,1,1,1,"",0
"GO:2000573","positive regulation of DNA biosynthetic process","0/17","14/3464",0,0,-0.263259792748828,1,1,1,"",0
"GO:2000601","positive regulation of Arp2/3 complex-mediated actin nucleation","0/17","6/3464",0,0,-0.17214451739573,1,1,1,"",0
"GO:2000622","regulation of nuclear-transcribed mRNA catabolic process, nonsense-mediated decay","0/17","5/3464",0,0,-0.15712300842042,1,1,1,"",0
"GO:2000628","regulation of miRNA metabolic process","0/17","24/3464",0,0,-0.3451886157451,1,1,1,"",0
"GO:2000629","negative regulation of miRNA metabolic process","0/17","9/3464",0,0,-0.210924628871157,1,1,1,"",0
"GO:2000630","positive regulation of miRNA metabolic process","0/17","14/3464",0,0,-0.263259792748828,1,1,1,"",0
"GO:2000637","positive regulation of miRNA-mediated gene silencing","0/17","7/3464",0,0,-0.185964220911726,1,1,1,"",0
"GO:2000641","regulation of early endosome to late endosome transport","0/17","8/3464",0,0,-0.198832874617629,1,1,1,"",0
"GO:2000644","regulation of receptor catabolic process","0/17","6/3464",0,0,-0.17214451739573,1,1,1,"",0
"GO:2000646","positive regulation of receptor catabolic process","0/17","5/3464",0,0,-0.15712300842042,1,1,1,"",0
"GO:2000736","regulation of stem cell differentiation","0/17","22/3464",0,0,-0.330396906346997,1,1,1,"",0
"GO:2000737","negative regulation of stem cell differentiation","0/17","5/3464",0,0,-0.15712300842042,1,1,1,"",0
"GO:2000738","positive regulation of stem cell differentiation","0/17","5/3464",0,0,-0.15712300842042,1,1,1,"",0
"GO:2000765","regulation of cytoplasmic translation","0/17","17/3464",0,0,-0.29022437442028,1,1,1,"",0
"GO:2000767","positive regulation of cytoplasmic translation","0/17","8/3464",0,0,-0.198832874617629,1,1,1,"",0
"GO:2000772","regulation of cellular senescence","0/17","9/3464",0,0,-0.210924628871157,1,1,1,"",0
"GO:2000779","regulation of double-strand break repair","0/17","41/3464",0,0,-0.452291622376296,1,1,1,"",0
"GO:2000780","negative regulation of double-strand break repair","0/17","5/3464",0,0,-0.15712300842042,1,1,1,"",0
"GO:2000781","positive regulation of double-strand break repair","0/17","33/3464",0,0,-0.405300067126917,1,1,1,"",0
"GO:2000785","regulation of autophagosome assembly","0/17","28/3464",0,0,-0.373063278791047,1,1,1,"",0
"GO:2000786","positive regulation of autophagosome assembly","0/17","12/3464",0,0,-0.243660591563121,1,1,1,"",0
"GO:2000804","regulation of termination of RNA polymerase II transcription, poly(A)-coupled","0/17","6/3464",0,0,-0.17214451739573,1,1,1,"",0
"GO:2000816","negative regulation of mitotic sister chromatid separation","0/17","15/3464",0,0,-0.272539275511706,1,1,1,"",0
"GO:2000819","regulation of nucleotide-excision repair","0/17","14/3464",0,0,-0.263259792748828,1,1,1,"",0
"GO:2001014","regulation of skeletal muscle cell differentiation","0/17","8/3464",0,0,-0.198832874617629,1,1,1,"",0
"GO:2001044","regulation of integrin-mediated signaling pathway","0/17","5/3464",0,0,-0.15712300842042,1,1,1,"",0
"GO:2001057","reactive nitrogen species metabolic process","0/17","18/3464",0,0,-0.29868174554767,1,1,1,"",0
"GO:2001135","regulation of endocytic recycling","0/17","10/3464",0,0,-0.222366263304878,1,1,1,"",0
"GO:2001169","regulation of ATP biosynthetic process","0/17","7/3464",0,0,-0.185964220911726,1,1,1,"",0
"GO:2001171","positive regulation of ATP biosynthetic process","0/17","7/3464",0,0,-0.185964220911726,1,1,1,"",0
"GO:2001222","regulation of neuron migration","0/17","12/3464",0,0,-0.243660591563121,1,1,1,"",0
"GO:2001224","positive regulation of neuron migration","0/17","5/3464",0,0,-0.15712300842042,1,1,1,"",0
"GO:2001235","positive regulation of apoptotic signaling pathway","0/17","20/3464",0,0,-0.314929606982663,1,1,1,"",0
"GO:2001239","regulation of extrinsic apoptotic signaling pathway in absence of ligand","0/17","7/3464",0,0,-0.185964220911726,1,1,1,"",0
"GO:2001240","negative regulation of extrinsic apoptotic signaling pathway in absence of ligand","0/17","7/3464",0,0,-0.185964220911726,1,1,1,"",0
"GO:2001242","regulation of intrinsic apoptotic signaling pathway","0/17","54/3464",0,0,-0.520055573560295,1,1,1,"",0
"GO:2001243","negative regulation of intrinsic apoptotic signaling pathway","0/17","36/3464",0,0,-0.423507307653009,1,1,1,"",0
"GO:2001244","positive regulation of intrinsic apoptotic signaling pathway","0/17","15/3464",0,0,-0.272539275511706,1,1,1,"",0
"GO:2001251","negative regulation of chromosome organization","0/17","32/3464",0,0,-0.399053766541762,1,1,1,"",0
"GO:2001252","positive regulation of chromosome organization","0/17","35/3464",0,0,-0.41752294232855,1,1,1,"",0
