"ID","Description","GeneRatio","BgRatio","RichFactor","FoldEnrichment","zScore","pvalue","p.adjust","qvalue","geneID","Count"
"GO:0021932","hindbrain radial glia guided cell migration","2/19","5/3464",0.4,72.9263157894737,11.9510474229111,0.000282308788466135,0.675112666420401,0.675112666420401,"ATP1B2/FLNA",2
"GO:0021535","cell migration in hindbrain","2/19","6/3464",0.333333333333333,60.7719298245614,10.8810007878987,0.000422077727842897,0.675112666420401,0.675112666420401,"ATP1B2/FLNA",2
"GO:1901381","positive regulation of potassium ion transmembrane transport","2/19","7/3464",0.285714285714286,52.0902255639098,10.0472124009562,0.000588975907274513,0.675112666420401,0.675112666420401,"ATP1B2/FLNA",2
"GO:0038066","p38MAPK cascade","2/19","9/3464",0.222222222222222,40.5146198830409,8.813805664526,0.00100308028439859,0.675112666420401,0.675112666420401,"ZFP36L1/PER1",2
"GO:1902414","protein localization to cell junction","3/19","39/3464",0.0769230769230769,14.0242914979757,6.07385690896431,0.00112906339898205,0.675112666420401,0.675112666420401,"BAIAP2/FLNA/OLFM1",3
"GO:0003013","circulatory system process","4/19","90/3464",0.0444444444444444,8.10292397660819,5.06984071846647,0.00122517353582372,0.675112666420401,0.675112666420401,"ATP1B2/FLNA/SLC2A3/HRH1",4
"GO:0043268","positive regulation of potassium ion transport","2/19","10/3464",0.2,36.4631578947368,8.33920542466755,0.00124975133529406,0.675112666420401,0.675112666420401,"ATP1B2/FLNA",2
"GO:1903522","regulation of blood circulation","3/19","43/3464",0.0697674418604651,12.7197062423501,5.74225996292521,0.00150361979411785,0.675112666420401,0.675112666420401,"ATP1B2/FLNA/HRH1",3
"GO:0086009","membrane repolarization","2/19","11/3464",0.181818181818182,33.1483253588517,7.92984761123568,0.00152248131082251,0.675112666420401,0.675112666420401,"ATP1B2/FLNA",2
"GO:0044057","regulation of system process","4/19","101/3464",0.0396039603960396,7.22042730588848,4.7111388633906,0.00188371911356039,0.675112666420401,0.675112666420401,"BAIAP2/ATP1B2/FLNA/HRH1",4
"GO:0003018","vascular process in circulatory system","3/19","47/3464",0.0638297872340425,11.6371780515118,5.45206847230151,0.00194837710366638,0.675112666420401,0.675112666420401,"ATP1B2/SLC2A3/HRH1",3
"GO:0098739","import across plasma membrane","3/19","47/3464",0.0638297872340425,11.6371780515118,5.45206847230151,0.00194837710366638,0.675112666420401,0.675112666420401,"PEA15/ATP1B2/SLC2A3",3
"GO:0086065","cell communication involved in cardiac conduction","2/19","14/3464",0.142857142857143,26.0451127819549,6.97245781167695,0.00249440480490881,0.708886527520918,0.708886527520918,"ATP1B2/FLNA",2
"GO:0051591","response to cAMP","2/19","15/3464",0.133333333333333,24.3087719298246,6.71779671874508,0.00286875966886145,0.708886527520918,0.708886527520918,"ZFP36L1/PER1",2
"GO:0005996","monosaccharide metabolic process","3/19","55/3464",0.0545454545454545,9.9444976076555,4.96514835589197,0.00306602077687717,0.708886527520918,0.708886527520918,"ALDOA/PFKFB3/SLC2A3",3
"GO:0071364","cellular response to epidermal growth factor stimulus","2/19","17/3464",0.117647058823529,21.4489164086687,6.27599446264503,0.00369150354216303,0.708886527520918,0.708886527520918,"BAIAP2/ZFP36L1",2
"GO:1901379","regulation of potassium ion transmembrane transport","2/19","17/3464",0.117647058823529,21.4489164086687,6.27599446264503,0.00369150354216303,0.708886527520918,0.708886527520918,"ATP1B2/FLNA",2
"GO:0003008","system process","6/19","295/3464",0.0203389830508475,3.70811775200714,3.61098650647753,0.00379090113819418,0.708886527520918,0.708886527520918,"ALDOA/BAIAP2/ATP1B2/FLNA/SLC2A3/HRH1",6
"GO:1901136","carbohydrate derivative catabolic process","3/19","61/3464",0.0491803278688525,8.96635030198447,4.6612433382336,0.00411936739537088,0.708886527520918,0.708886527520918,"ALDOA/IDS/PFKFB3",3
"GO:0098704","carbohydrate import across plasma membrane","2/19","18/3464",0.111111111111111,20.2573099415205,6.08250772881176,0.00413938671723677,0.708886527520918,0.708886527520918,"PEA15/SLC2A3",2
"GO:0098708","D-glucose import across plasma membrane","2/19","18/3464",0.111111111111111,20.2573099415205,6.08250772881176,0.00413938671723677,0.708886527520918,0.708886527520918,"PEA15/SLC2A3",2
"GO:0140271","hexose import across plasma membrane","2/19","18/3464",0.111111111111111,20.2573099415205,6.08250772881176,0.00413938671723677,0.708886527520918,0.708886527520918,"PEA15/SLC2A3",2
"GO:0140467","integrated stress response signaling","2/19","18/3464",0.111111111111111,20.2573099415205,6.08250772881176,0.00413938671723677,0.708886527520918,0.708886527520918,"CEBPD/JUNB",2
"GO:1901698","response to nitrogen compound","5/19","206/3464",0.0242718446601942,4.42514052120593,3.76395911231577,0.00414705731121221,0.708886527520918,0.708886527520918,"BAIAP2/FLNA/ZFP36L1/PER1/HRH1",5
"GO:0002028","regulation of sodium ion transport","2/19","19/3464",0.105263157894737,19.191135734072,5.90405554792613,0.00461127646719241,0.708886527520918,0.708886527520918,"ATP1B2/PER1",2
"GO:1904064","positive regulation of cation transmembrane transport","2/19","19/3464",0.105263157894737,19.191135734072,5.90405554792613,0.00461127646719241,0.708886527520918,0.708886527520918,"ATP1B2/FLNA",2
"GO:0034767","positive regulation of monoatomic ion transmembrane transport","2/19","20/3464",0.1,18.2315789473684,5.73874508334547,0.00510692431744416,0.708886527520918,0.708886527520918,"ATP1B2/FLNA",2
"GO:0046683","response to organophosphorus","2/19","20/3464",0.1,18.2315789473684,5.73874508334547,0.00510692431744416,0.708886527520918,0.708886527520918,"ZFP36L1/PER1",2
"GO:0070849","response to epidermal growth factor","2/19","20/3464",0.1,18.2315789473684,5.73874508334547,0.00510692431744416,0.708886527520918,0.708886527520918,"BAIAP2/ZFP36L1",2
"GO:0010959","regulation of metal ion transport","3/19","66/3464",0.0454545454545455,8.28708133971292,4.43835801182413,0.00514751691084141,0.708886527520918,0.708886527520918,"ATP1B2/FLNA/PER1",3
"GO:0010232","vascular transport","2/19","21/3464",0.0952380952380952,17.3634085213033,5.58500211687517,0.00562608355175332,0.708886527520918,0.708886527520918,"ATP1B2/SLC2A3",2
"GO:0043266","regulation of potassium ion transport","2/19","21/3464",0.0952380952380952,17.3634085213033,5.58500211687517,0.00562608355175332,0.708886527520918,0.708886527520918,"ATP1B2/FLNA",2
"GO:0150104","transport across blood-brain barrier","2/19","21/3464",0.0952380952380952,17.3634085213033,5.58500211687517,0.00562608355175332,0.708886527520918,0.708886527520918,"ATP1B2/SLC2A3",2
"GO:0141124","intracellular signaling cassette","7/19","435/3464",0.0160919540229885,2.93381730187538,3.20271922316289,0.00609615892733734,0.717070689605018,0.717070689605017,"CEBPD/PEA15/FLNA/ZFP36L1/JUNB/PER1/PPP2CB",7
"GO:0061337","cardiac conduction","2/19","22/3464",0.0909090909090909,16.5741626794258,5.44150518508727,0.0061685092019364,0.717070689605018,0.717070689605017,"ATP1B2/FLNA",2
"GO:0008015","blood circulation","3/19","72/3464",0.0416666666666667,7.59649122807018,4.20010114300838,0.00657061855766164,0.717070689605018,0.717070689605017,"ATP1B2/FLNA/HRH1",3
"GO:0048545","response to steroid hormone","3/19","72/3464",0.0416666666666667,7.59649122807018,4.20010114300838,0.00657061855766164,0.717070689605018,0.717070689605017,"ZFP36L1/JUNB/PER1",3
"GO:0008645","hexose transmembrane transport","2/19","23/3464",0.0869565217391304,15.8535469107551,5.30713563389182,0.00673395803762572,0.717070689605018,0.717070689605017,"PEA15/SLC2A3",2
"GO:1904659","D-glucose transmembrane transport","2/19","23/3464",0.0869565217391304,15.8535469107551,5.30713563389182,0.00673395803762572,0.717070689605018,0.717070689605017,"PEA15/SLC2A3",2
"GO:0043269","regulation of monoatomic ion transport","3/19","74/3464",0.0405405405405405,7.39118065433855,4.1267250806515,0.00709235334464531,0.717070689605018,0.717070689605017,"ATP1B2/FLNA/PER1",3
"GO:0014074","response to purine-containing compound","2/19","24/3464",0.0833333333333333,15.1929824561403,5.18093923469783,0.00732218855608239,0.717070689605018,0.717070689605017,"ZFP36L1/PER1",2
"GO:0015749","monosaccharide transmembrane transport","2/19","24/3464",0.0833333333333333,15.1929824561403,5.18093923469783,0.00732218855608239,0.717070689605018,0.717070689605017,"PEA15/SLC2A3",2
"GO:0008643","carbohydrate transport","2/19","25/3464",0.08,14.5852631578947,5.06209632600194,0.00793296097206128,0.717070689605018,0.717070689605017,"PEA15/SLC2A3",2
"GO:0034219","carbohydrate transmembrane transport","2/19","25/3464",0.08,14.5852631578947,5.06209632600194,0.00793296097206128,0.717070689605018,0.717070689605017,"PEA15/SLC2A3",2
"GO:0043124","negative regulation of canonical NF-kappaB signal transduction","2/19","25/3464",0.08,14.5852631578947,5.06209632600194,0.00793296097206128,0.717070689605018,0.717070689605017,"PER1/PPP2CB",2
"GO:0071322","cellular response to carbohydrate stimulus","2/19","25/3464",0.08,14.5852631578947,5.06209632600194,0.00793296097206128,0.717070689605018,0.717070689605017,"ALDOA/ZFP36L1",2
"GO:0000902","cell morphogenesis","5/19","243/3464",0.0205761316872428,3.75135369287416,3.30265060459161,0.00838908304942376,0.742166113180936,0.742166113180936,"ALDOA/BAIAP2/NRN1/FLNA/OLFM1",5
"GO:0043270","positive regulation of monoatomic ion transport","2/19","27/3464",0.0740740740740741,13.504873294347,4.84372908665681,0.00922118088262767,0.791471885938489,0.791471885938489,"ATP1B2/FLNA",2
"GO:0043122","regulation of canonical NF-kappaB signal transduction","3/19","82/3464",0.0365853658536585,6.67008985879332,3.85849995282472,0.00942404672884136,0.791471885938489,0.791471885938489,"FLNA/PER1/PPP2CB",3
"GO:0007249","canonical NF-kappaB signal transduction","3/19","83/3464",0.036144578313253,6.58972733037413,3.82750280144066,0.00974358746685229,0.791471885938489,0.791471885938489,"FLNA/PER1/PPP2CB",3
"GO:0034762","regulation of transmembrane transport","3/19","83/3464",0.036144578313253,6.58972733037413,3.82750280144066,0.00974358746685229,0.791471885938489,0.791471885938489,"PEA15/ATP1B2/FLNA",3
"GO:0008360","regulation of cell shape","2/19","28/3464",0.0714285714285714,13.0225563909774,4.7430499028493,0.00989815730370405,0.791471885938489,0.791471885938489,"ALDOA/BAIAP2",2
"GO:1901699","cellular response to nitrogen compound","4/19","165/3464",0.0242424242424242,4.41977671451356,3.34238903816798,0.0109713622956247,0.834294473864272,0.834294473864272,"BAIAP2/FLNA/ZFP36L1/HRH1",4
"GO:0032879","regulation of localization","7/19","486/3464",0.01440329218107,2.62594758501191,2.8705873214481,0.01122965000279,0.834294473864272,0.834294473864272,"ALDOA/PEA15/ATP1B2/FLNA/ZFP36L1/PER1/OLFM1",7
"GO:0030902","hindbrain development","2/19","30/3464",0.0666666666666667,12.1543859649123,4.55632383021095,0.011316677989636,0.834294473864272,0.834294473864272,"ATP1B2/FLNA",2
"GO:0035418","protein localization to synapse","2/19","30/3464",0.0666666666666667,12.1543859649123,4.55632383021095,0.011316677989636,0.834294473864272,0.834294473864272,"BAIAP2/OLFM1",2
"GO:0042391","regulation of membrane potential","3/19","88/3464",0.0340909090909091,6.21531100478469,3.67983852705361,0.0114369372319056,0.834294473864272,0.834294473864272,"BAIAP2/ATP1B2/FLNA",3
"GO:0071805","potassium ion transmembrane transport","2/19","32/3464",0.0625,11.3947368421053,4.38655199676028,0.0128197550930291,0.919043822014048,0.919043822014049,"ATP1B2/FLNA",2
"GO:0006096","glycolytic process","2/19","34/3464",0.0588235294117647,10.7244582043344,4.2312262243607,0.0144055708095949,0.92151328348147,0.92151328348147,"ALDOA/PFKFB3",2
"GO:0008016","regulation of heart contraction","2/19","34/3464",0.0588235294117647,10.7244582043344,4.2312262243607,0.0144055708095949,0.92151328348147,0.92151328348147,"ATP1B2/FLNA",2
"GO:0009137","purine nucleoside diphosphate catabolic process","2/19","34/3464",0.0588235294117647,10.7244582043344,4.2312262243607,0.0144055708095949,0.92151328348147,0.92151328348147,"ALDOA/PFKFB3",2
"GO:0009181","purine ribonucleoside diphosphate catabolic process","2/19","34/3464",0.0588235294117647,10.7244582043344,4.2312262243607,0.0144055708095949,0.92151328348147,0.92151328348147,"ALDOA/PFKFB3",2
"GO:0019364","pyridine nucleotide catabolic process","2/19","34/3464",0.0588235294117647,10.7244582043344,4.2312262243607,0.0144055708095949,0.92151328348147,0.92151328348147,"ALDOA/PFKFB3",2
"GO:0046032","ADP catabolic process","2/19","34/3464",0.0588235294117647,10.7244582043344,4.2312262243607,0.0144055708095949,0.92151328348147,0.92151328348147,"ALDOA/PFKFB3",2
"GO:0072526","pyridine-containing compound catabolic process","2/19","34/3464",0.0588235294117647,10.7244582043344,4.2312262243607,0.0144055708095949,0.92151328348147,0.92151328348147,"ALDOA/PFKFB3",2
"GO:0009134","nucleoside diphosphate catabolic process","2/19","35/3464",0.0571428571428571,10.418045112782,4.15833505269593,0.0152289447175668,0.931205178465332,0.931205178465332,"ALDOA/PFKFB3",2
"GO:0009191","ribonucleoside diphosphate catabolic process","2/19","35/3464",0.0571428571428571,10.418045112782,4.15833505269593,0.0152289447175668,0.931205178465332,0.931205178465332,"ALDOA/PFKFB3",2
"GO:0009743","response to carbohydrate","2/19","35/3464",0.0571428571428571,10.418045112782,4.15833505269593,0.0152289447175668,0.931205178465332,0.931205178465332,"ALDOA/ZFP36L1",2
"GO:0034764","positive regulation of transmembrane transport","2/19","36/3464",0.0555555555555556,10.1286549707602,4.08833118450672,0.0160723333927936,0.96775499688358,0.96775499688358,"ATP1B2/FLNA",2
"GO:0006813","potassium ion transport","2/19","37/3464",0.0540540540540541,9.85490753911806,4.02102037466959,0.0169355168880692,0.96775499688358,0.96775499688358,"ATP1B2/FLNA",2
"GO:0046031","ADP metabolic process","2/19","37/3464",0.0540540540540541,9.85490753911806,4.02102037466959,0.0169355168880692,0.96775499688358,0.96775499688358,"ALDOA/PFKFB3",2
"GO:0050865","regulation of cell activation","3/19","105/3464",0.0285714285714286,5.20902255639098,3.25221563916259,0.0184190742963604,0.96775499688358,0.96775499688358,"FLNA/ZFP36L1/JUNB",3
"GO:0051240","positive regulation of multicellular organismal process","5/19","295/3464",0.0169491525423729,3.09009812667261,2.78692317829793,0.0185730562765862,0.96775499688358,0.96775499688358,"BAIAP2/FLNA/ZFP36L1/HRH1/OLFM1",5
"GO:0060047","heart contraction","2/19","39/3464",0.0512820512820513,9.34952766531714,3.89378848780045,0.0187203964923749,0.96775499688358,0.96775499688358,"ATP1B2/FLNA",2
"GO:0006195","purine nucleotide catabolic process","2/19","40/3464",0.05,9.11578947368421,3.83356051776736,0.0196416606211845,0.96775499688358,0.96775499688358,"ALDOA/PFKFB3",2
"GO:0006814","sodium ion transport","2/19","40/3464",0.05,9.11578947368421,3.83356051776736,0.0196416606211845,0.96775499688358,0.96775499688358,"ATP1B2/PER1",2
"GO:0009154","purine ribonucleotide catabolic process","2/19","40/3464",0.05,9.11578947368421,3.83356051776736,0.0196416606211845,0.96775499688358,0.96775499688358,"ALDOA/PFKFB3",2
"GO:0003015","heart process","2/19","41/3464",0.048780487804878,8.89345314505777,3.77540848287212,0.0205818555908868,0.96775499688358,0.96775499688358,"ATP1B2/FLNA",2
"GO:0009135","purine nucleoside diphosphate metabolic process","2/19","41/3464",0.048780487804878,8.89345314505777,3.77540848287212,0.0205818555908868,0.96775499688358,0.96775499688358,"ALDOA/PFKFB3",2
"GO:0009179","purine ribonucleoside diphosphate metabolic process","2/19","41/3464",0.048780487804878,8.89345314505777,3.77540848287212,0.0205818555908868,0.96775499688358,0.96775499688358,"ALDOA/PFKFB3",2
"GO:0006090","pyruvate metabolic process","2/19","42/3464",0.0476190476190476,8.68170426065163,3.71920964041089,0.021540769312323,0.96775499688358,0.96775499688358,"ALDOA/PFKFB3",2
"GO:0009261","ribonucleotide catabolic process","2/19","42/3464",0.0476190476190476,8.68170426065163,3.71920964041089,0.021540769312323,0.96775499688358,0.96775499688358,"ALDOA/PFKFB3",2
"GO:0090066","regulation of anatomical structure size","3/19","114/3464",0.0263157894736842,4.797783933518,3.0617428206897,0.0229014027707647,0.96775499688358,0.96775499688358,"BAIAP2/HRH1/OLFM1",3
"GO:0045595","regulation of cell differentiation","5/19","312/3464",0.016025641025641,2.92172739541161,2.64231388573997,0.0231949799829397,0.96775499688358,0.96775499688358,"CEBPD/BAIAP2/ZFP36L1/JUNB/OLFM1",5
"GO:0042981","regulation of apoptotic process","5/19","313/3464",0.0159744408945687,2.912392803094,2.63410753684857,0.0234886941946995,0.96775499688358,0.96775499688358,"PNMA2/PEA15/FLNA/ZFP36L1/OLFM1",5
"GO:0009132","nucleoside diphosphate metabolic process","2/19","44/3464",0.0454545454545455,8.28708133971292,3.61222950426046,0.0235139123631027,0.96775499688358,0.96775499688358,"ALDOA/PFKFB3",2
"GO:0009185","ribonucleoside diphosphate metabolic process","2/19","44/3464",0.0454545454545455,8.28708133971292,3.61222950426046,0.0235139123631027,0.96775499688358,0.96775499688358,"ALDOA/PFKFB3",2
"GO:0072523","purine-containing compound catabolic process","2/19","44/3464",0.0454545454545455,8.28708133971292,3.61222950426046,0.0235139123631027,0.96775499688358,0.96775499688358,"ALDOA/PFKFB3",2
"GO:0045619","regulation of lymphocyte differentiation","2/19","46/3464",0.0434782608695652,7.92677345537757,3.51182045225727,0.0255594237692986,0.96775499688358,0.96775499688358,"ZFP36L1/JUNB",2
"GO:0071356","cellular response to tumor necrosis factor","2/19","46/3464",0.0434782608695652,7.92677345537757,3.51182045225727,0.0255594237692986,0.96775499688358,0.96775499688358,"ZFP36L1/PPP2CB",2
"GO:0005975","carbohydrate metabolic process","3/19","119/3464",0.0252100840336134,4.59619637328616,2.96433479331418,0.0256301744156941,0.96775499688358,0.96775499688358,"ALDOA/PFKFB3/SLC2A3",3
"GO:1902903","regulation of supramolecular fiber organization","3/19","119/3464",0.0252100840336134,4.59619637328616,2.96433479331418,0.0256301744156941,0.96775499688358,0.96775499688358,"BAIAP2/FLNA/PPP2CB",3
"GO:0006006","glucose metabolic process","2/19","47/3464",0.0425531914893617,7.75811870100784,3.4638628519149,0.0266088036211044,0.96775499688358,0.96775499688358,"ALDOA/PFKFB3",2
"GO:0009166","nucleotide catabolic process","2/19","47/3464",0.0425531914893617,7.75811870100784,3.4638628519149,0.0266088036211044,0.96775499688358,0.96775499688358,"ALDOA/PFKFB3",2
"GO:0051017","actin filament bundle assembly","2/19","47/3464",0.0425531914893617,7.75811870100784,3.4638628519149,0.0266088036211044,0.96775499688358,0.96775499688358,"BAIAP2/FLNA",2
"GO:0061572","actin filament bundle organization","2/19","47/3464",0.0425531914893617,7.75811870100784,3.4638628519149,0.0266088036211044,0.96775499688358,0.96775499688358,"BAIAP2/FLNA",2
"GO:0009651","response to salt stress","1/19","5/3464",0.2,36.4631578947368,5.89244530481304,0.0271412399720337,0.96775499688358,0.96775499688358,"ZFP36L1",1
"GO:0043153","entrainment of circadian clock by photoperiod","1/19","5/3464",0.2,36.4631578947368,5.89244530481304,0.0271412399720337,0.96775499688358,0.96775499688358,"PER1",1
"GO:0046835","carbohydrate phosphorylation","1/19","5/3464",0.2,36.4631578947368,5.89244530481304,0.0271412399720337,0.96775499688358,0.96775499688358,"PFKFB3",1
"GO:0050655","dermatan sulfate proteoglycan metabolic process","1/19","5/3464",0.2,36.4631578947368,5.89244530481304,0.0271412399720337,0.96775499688358,0.96775499688358,"IDS",1
"GO:1902307","positive regulation of sodium ion transmembrane transport","1/19","5/3464",0.2,36.4631578947368,5.89244530481304,0.0271412399720337,0.96775499688358,0.96775499688358,"ATP1B2",1
"GO:1902996","regulation of neurofibrillary tangle assembly","1/19","5/3464",0.2,36.4631578947368,5.89244530481304,0.0271412399720337,0.96775499688358,0.96775499688358,"PPP2CB",1
"GO:1903286","regulation of potassium ion import","1/19","5/3464",0.2,36.4631578947368,5.89244530481304,0.0271412399720337,0.96775499688358,0.96775499688358,"ATP1B2",1
"GO:1905274","regulation of modification of postsynaptic actin cytoskeleton","1/19","5/3464",0.2,36.4631578947368,5.89244530481304,0.0271412399720337,0.96775499688358,0.96775499688358,"BAIAP2",1
"GO:2000322","regulation of nuclear receptor-mediated glucocorticoid signaling pathway","1/19","5/3464",0.2,36.4631578947368,5.89244530481304,0.0271412399720337,0.96775499688358,0.96775499688358,"PER1",1
"GO:2001044","regulation of integrin-mediated signaling pathway","1/19","5/3464",0.2,36.4631578947368,5.89244530481304,0.0271412399720337,0.96775499688358,0.96775499688358,"FLNA",1
"GO:2001224","positive regulation of neuron migration","1/19","5/3464",0.2,36.4631578947368,5.89244530481304,0.0271412399720337,0.96775499688358,0.96775499688358,"FLNA",1
"GO:0009725","response to hormone","4/19","216/3464",0.0185185185185185,3.37621832358674,2.67801890755917,0.0271553133369504,0.96775499688358,0.96775499688358,"BAIAP2/ZFP36L1/JUNB/PER1",4
"GO:0043067","regulation of programmed cell death","5/19","326/3464",0.0153374233128834,2.79625443978043,2.53022194502853,0.0275356034187403,0.96775499688358,0.96775499688358,"PNMA2/PEA15/FLNA/ZFP36L1/OLFM1",5
"GO:0070887","cellular response to chemical stimulus","6/19","447/3464",0.0134228187919463,2.4471918050159,2.43444873869046,0.0276752167425944,0.96775499688358,0.96775499688358,"ALDOA/BAIAP2/FLNA/ZFP36L1/PER1/HRH1",6
"GO:1901700","response to oxygen-containing compound","5/19","328/3464",0.0152439024390244,2.77920410783055,2.51468215890563,0.0281965136215416,0.96775499688358,0.96775499688358,"ALDOA/BAIAP2/FLNA/ZFP36L1/PER1",5
"GO:0021537","telencephalon development","2/19","49/3464",0.0408163265306122,7.44146079484425,3.3720615020145,0.0287597967941062,0.96775499688358,0.96775499688358,"ATP1B2/FLNA",2
"GO:0016052","carbohydrate catabolic process","2/19","50/3464",0.04,7.29263157894737,3.32808172466191,0.029861008646603,0.96775499688358,0.96775499688358,"ALDOA/PFKFB3",2
"GO:0034612","response to tumor necrosis factor","2/19","50/3464",0.04,7.29263157894737,3.32808172466191,0.029861008646603,0.96775499688358,0.96775499688358,"ZFP36L1/PPP2CB",2
"GO:0046496","nicotinamide nucleotide metabolic process","2/19","50/3464",0.04,7.29263157894737,3.32808172466191,0.029861008646603,0.96775499688358,0.96775499688358,"ALDOA/PFKFB3",2
"GO:0072524","pyridine-containing compound metabolic process","2/19","50/3464",0.04,7.29263157894737,3.32808172466191,0.029861008646603,0.96775499688358,0.96775499688358,"ALDOA/PFKFB3",2
"GO:0097435","supramolecular fiber organization","4/19","224/3464",0.0178571428571429,3.25563909774436,2.59196749532969,0.0305635187885434,0.96775499688358,0.96775499688358,"ALDOA/BAIAP2/FLNA/PPP2CB",4
"GO:0007015","actin filament organization","3/19","128/3464",0.0234375,4.27302631578947,2.80188234121868,0.030972902083142,0.96775499688358,0.96775499688358,"ALDOA/BAIAP2/FLNA",3
"GO:0019318","hexose metabolic process","2/19","51/3464",0.0392156862745098,7.14963880288958,3.28529963486484,0.0309790988223892,0.96775499688358,0.96775499688358,"ALDOA/PFKFB3",2
"GO:1901292","nucleoside phosphate catabolic process","2/19","51/3464",0.0392156862745098,7.14963880288958,3.28529963486484,0.0309790988223892,0.96775499688358,0.96775499688358,"ALDOA/PFKFB3",2
"GO:0071383","cellular response to steroid hormone stimulus","2/19","52/3464",0.0384615384615385,7.01214574898785,3.24365827363346,0.0321138702615071,0.96775499688358,0.96775499688358,"ZFP36L1/PER1",2
"GO:1904062","regulation of monoatomic cation transmembrane transport","2/19","52/3464",0.0384615384615385,7.01214574898785,3.24365827363346,0.0321138702615071,0.96775499688358,0.96775499688358,"ATP1B2/FLNA",2
"GO:0002763","positive regulation of myeloid leukocyte differentiation","1/19","6/3464",0.166666666666667,30.3859649122807,5.34947940115361,0.0324850724208718,0.96775499688358,0.96775499688358,"ZFP36L1",1
"GO:0007498","mesoderm development","1/19","6/3464",0.166666666666667,30.3859649122807,5.34947940115361,0.0324850724208718,0.96775499688358,0.96775499688358,"ZFP36L1",1
"GO:0009648","photoperiodism","1/19","6/3464",0.166666666666667,30.3859649122807,5.34947940115361,0.0324850724208718,0.96775499688358,0.96775499688358,"PER1",1
"GO:0009649","entrainment of circadian clock","1/19","6/3464",0.166666666666667,30.3859649122807,5.34947940115361,0.0324850724208718,0.96775499688358,0.96775499688358,"PER1",1
"GO:0010837","regulation of keratinocyte proliferation","1/19","6/3464",0.166666666666667,30.3859649122807,5.34947940115361,0.0324850724208718,0.96775499688358,0.96775499688358,"ZFP36L1",1
"GO:0030167","proteoglycan catabolic process","1/19","6/3464",0.166666666666667,30.3859649122807,5.34947940115361,0.0324850724208718,0.96775499688358,0.96775499688358,"IDS",1
"GO:0030224","monocyte differentiation","1/19","6/3464",0.166666666666667,30.3859649122807,5.34947940115361,0.0324850724208718,0.96775499688358,0.96775499688358,"ZFP36L1",1
"GO:0031440","regulation of mRNA 3'-end processing","1/19","6/3464",0.166666666666667,30.3859649122807,5.34947940115361,0.0324850724208718,0.96775499688358,0.96775499688358,"ZFP36L1",1
"GO:0045616","regulation of keratinocyte differentiation","1/19","6/3464",0.166666666666667,30.3859649122807,5.34947940115361,0.0324850724208718,0.96775499688358,0.96775499688358,"ZFP36L1",1
"GO:0046580","negative regulation of Ras protein signal transduction","1/19","6/3464",0.166666666666667,30.3859649122807,5.34947940115361,0.0324850724208718,0.96775499688358,0.96775499688358,"PPP2CB",1
"GO:0061158","3'-UTR-mediated mRNA destabilization","1/19","6/3464",0.166666666666667,30.3859649122807,5.34947940115361,0.0324850724208718,0.96775499688358,0.96775499688358,"ZFP36L1",1
"GO:0086011","membrane repolarization during action potential","1/19","6/3464",0.166666666666667,30.3859649122807,5.34947940115361,0.0324850724208718,0.96775499688358,0.96775499688358,"FLNA",1
"GO:0086013","membrane repolarization during cardiac muscle cell action potential","1/19","6/3464",0.166666666666667,30.3859649122807,5.34947940115361,0.0324850724208718,0.96775499688358,0.96775499688358,"FLNA",1
"GO:1902065","response to L-glutamate","1/19","6/3464",0.166666666666667,30.3859649122807,5.34947940115361,0.0324850724208718,0.96775499688358,0.96775499688358,"BAIAP2",1
"GO:2000316","regulation of T-helper 17 type immune response","1/19","6/3464",0.166666666666667,30.3859649122807,5.34947940115361,0.0324850724208718,0.96775499688358,0.96775499688358,"JUNB",1
"GO:2000319","regulation of T-helper 17 cell differentiation","1/19","6/3464",0.166666666666667,30.3859649122807,5.34947940115361,0.0324850724208718,0.96775499688358,0.96775499688358,"JUNB",1
"GO:0030217","T cell differentiation","2/19","55/3464",0.0363636363636364,6.62966507177033,3.12506341903418,0.0356163233158679,0.96775499688358,0.96775499688358,"ZFP36L1/JUNB",2
"GO:1990138","neuron projection extension","2/19","55/3464",0.0363636363636364,6.62966507177033,3.12506341903418,0.0356163233158679,0.96775499688358,0.96775499688358,"NRN1/OLFM1",2
"GO:0034765","regulation of monoatomic ion transmembrane transport","2/19","56/3464",0.0357142857142857,6.51127819548872,3.08748593080191,0.0368158781566734,0.96775499688358,0.96775499688358,"ATP1B2/FLNA",2
"GO:0051495","positive regulation of cytoskeleton organization","2/19","56/3464",0.0357142857142857,6.51127819548872,3.08748593080191,0.0368158781566734,0.96775499688358,0.96775499688358,"BAIAP2/FLNA",2
"GO:1902905","positive regulation of supramolecular fiber organization","2/19","56/3464",0.0357142857142857,6.51127819548872,3.08748593080191,0.0368158781566734,0.96775499688358,0.96775499688358,"BAIAP2/FLNA",2
"GO:0002534","cytokine production involved in inflammatory response","1/19","7/3464",0.142857142857143,26.0451127819549,4.92527807322813,0.0378010885064713,0.96775499688358,0.96775499688358,"PER1",1
"GO:0010718","positive regulation of epithelial to mesenchymal transition","1/19","7/3464",0.142857142857143,26.0451127819549,4.92527807322813,0.0378010885064713,0.96775499688358,0.96775499688358,"OLFM1",1
"GO:0010765","positive regulation of sodium ion transport","1/19","7/3464",0.142857142857143,26.0451127819549,4.92527807322813,0.0378010885064713,0.96775499688358,0.96775499688358,"ATP1B2",1
"GO:0030219","megakaryocyte differentiation","1/19","7/3464",0.142857142857143,26.0451127819549,4.92527807322813,0.0378010885064713,0.96775499688358,0.96775499688358,"FLNA",1
"GO:0034975","protein folding in endoplasmic reticulum","1/19","7/3464",0.142857142857143,26.0451127819549,4.92527807322813,0.0378010885064713,0.96775499688358,0.96775499688358,"CANX",1
"GO:0035774","positive regulation of insulin secretion involved in cellular response to glucose stimulus","1/19","7/3464",0.142857142857143,26.0451127819549,4.92527807322813,0.0378010885064713,0.96775499688358,0.96775499688358,"ALDOA",1
"GO:0036376","sodium ion export across plasma membrane","1/19","7/3464",0.142857142857143,26.0451127819549,4.92527807322813,0.0378010885064713,0.96775499688358,0.96775499688358,"ATP1B2",1
"GO:0043114","regulation of vascular permeability","1/19","7/3464",0.142857142857143,26.0451127819549,4.92527807322813,0.0378010885064713,0.96775499688358,0.96775499688358,"HRH1",1
"GO:0043616","keratinocyte proliferation","1/19","7/3464",0.142857142857143,26.0451127819549,4.92527807322813,0.0378010885064713,0.96775499688358,0.96775499688358,"ZFP36L1",1
"GO:0045494","photoreceptor cell maintenance","1/19","7/3464",0.142857142857143,26.0451127819549,4.92527807322813,0.0378010885064713,0.96775499688358,0.96775499688358,"ATP1B2",1
"GO:0045604","regulation of epidermal cell differentiation","1/19","7/3464",0.142857142857143,26.0451127819549,4.92527807322813,0.0378010885064713,0.96775499688358,0.96775499688358,"ZFP36L1",1
"GO:0051180","vitamin transport","1/19","7/3464",0.142857142857143,26.0451127819549,4.92527807322813,0.0378010885064713,0.96775499688358,0.96775499688358,"SLC2A3",1
"GO:0072091","regulation of stem cell proliferation","1/19","7/3464",0.142857142857143,26.0451127819549,4.92527807322813,0.0378010885064713,0.96775499688358,0.96775499688358,"ZFP36L1",1
"GO:0099159","regulation of modification of postsynaptic structure","1/19","7/3464",0.142857142857143,26.0451127819549,4.92527807322813,0.0378010885064713,0.96775499688358,0.96775499688358,"BAIAP2",1
"GO:0150105","protein localization to cell-cell junction","1/19","7/3464",0.142857142857143,26.0451127819549,4.92527807322813,0.0378010885064713,0.96775499688358,0.96775499688358,"FLNA",1
"GO:1900015","regulation of cytokine production involved in inflammatory response","1/19","7/3464",0.142857142857143,26.0451127819549,4.92527807322813,0.0378010885064713,0.96775499688358,0.96775499688358,"PER1",1
"GO:1902988","neurofibrillary tangle assembly","1/19","7/3464",0.142857142857143,26.0451127819549,4.92527807322813,0.0378010885064713,0.96775499688358,0.96775499688358,"PPP2CB",1
"GO:0010976","positive regulation of neuron projection development","2/19","57/3464",0.0350877192982456,6.39704524469067,3.05081485970374,0.0380311505961185,0.96775499688358,0.96775499688358,"BAIAP2/ATP1B2",2
"GO:1902105","regulation of leukocyte differentiation","2/19","57/3464",0.0350877192982456,6.39704524469067,3.05081485970374,0.0380311505961185,0.96775499688358,0.96775499688358,"ZFP36L1/JUNB",2
"GO:0022604","regulation of cell morphogenesis","2/19","59/3464",0.0338983050847458,6.18019625334523,2.98004000529099,0.0405080958077788,0.96775499688358,0.96775499688358,"ALDOA/BAIAP2",2
"GO:0007267","cell-cell signaling","4/19","248/3464",0.0161290322580645,2.94057724957555,2.35508826862839,0.042299590170468,0.96775499688358,0.96775499688358,"ALDOA/BAIAP2/NRN1/HRH1",4
"GO:0000165","MAPK cascade","3/19","145/3464",0.0206896551724138,3.77205081669691,2.53215330313828,0.0425702828506336,0.96775499688358,0.96775499688358,"PEA15/ZFP36L1/PER1",3
"GO:0006883","intracellular sodium ion homeostasis","1/19","8/3464",0.125,22.7894736842105,4.58155917125288,0.043089425017428,0.96775499688358,0.96775499688358,"ATP1B2",1
"GO:0007492","endoderm development","1/19","8/3464",0.125,22.7894736842105,4.58155917125288,0.043089425017428,0.96775499688358,0.96775499688358,"ZFP36L1",1
"GO:0010543","regulation of platelet activation","1/19","8/3464",0.125,22.7894736842105,4.58155917125288,0.043089425017428,0.96775499688358,0.96775499688358,"FLNA",1
"GO:0030007","intracellular potassium ion homeostasis","1/19","8/3464",0.125,22.7894736842105,4.58155917125288,0.043089425017428,0.96775499688358,0.96775499688358,"ATP1B2",1
"GO:0031958","nuclear receptor-mediated corticosteroid signaling pathway","1/19","8/3464",0.125,22.7894736842105,4.58155917125288,0.043089425017428,0.96775499688358,0.96775499688358,"PER1",1
"GO:0042921","nuclear receptor-mediated glucocorticoid signaling pathway","1/19","8/3464",0.125,22.7894736842105,4.58155917125288,0.043089425017428,0.96775499688358,0.96775499688358,"PER1",1
"GO:0045622","regulation of T-helper cell differentiation","1/19","8/3464",0.125,22.7894736842105,4.58155917125288,0.043089425017428,0.96775499688358,0.96775499688358,"JUNB",1
"GO:0045682","regulation of epidermis development","1/19","8/3464",0.125,22.7894736842105,4.58155917125288,0.043089425017428,0.96775499688358,0.96775499688358,"ZFP36L1",1
"GO:0071385","cellular response to glucocorticoid stimulus","1/19","8/3464",0.125,22.7894736842105,4.58155917125288,0.043089425017428,0.96775499688358,0.96775499688358,"ZFP36L1",1
"GO:0099622","cardiac muscle cell membrane repolarization","1/19","8/3464",0.125,22.7894736842105,4.58155917125288,0.043089425017428,0.96775499688358,0.96775499688358,"FLNA",1
"GO:1900153","positive regulation of nuclear-transcribed mRNA catabolic process, deadenylation-dependent decay","1/19","8/3464",0.125,22.7894736842105,4.58155917125288,0.043089425017428,0.96775499688358,0.96775499688358,"ZFP36L1",1
"GO:1990573","potassium ion import across plasma membrane","1/19","8/3464",0.125,22.7894736842105,4.58155917125288,0.043089425017428,0.96775499688358,0.96775499688358,"ATP1B2",1
"GO:0030001","metal ion transport","3/19","147/3464",0.0204081632653061,3.72073039742213,2.50310964444259,0.0440628831698253,0.96775499688358,0.96775499688358,"ATP1B2/FLNA/PER1",3
"GO:1901701","cellular response to oxygen-containing compound","4/19","252/3464",0.0158730158730159,2.89390142021721,2.3183462801604,0.0444794937919609,0.96775499688358,0.96775499688358,"ALDOA/BAIAP2/FLNA/ZFP36L1",4
"GO:0060560","developmental growth involved in morphogenesis","2/19","63/3464",0.0317460317460317,5.78780284043442,2.84781419170984,0.0456423983744982,0.96775499688358,0.96775499688358,"NRN1/OLFM1",2
"GO:0051049","regulation of transport","5/19","374/3464",0.0133689839572193,2.43737686462145,2.18542368176529,0.0463673841633995,0.96775499688358,0.96775499688358,"ALDOA/PEA15/ATP1B2/FLNA/PER1",5
"GO:0098657","import into cell","4/19","258/3464",0.0155038759689922,2.8266013871889,2.26454163691849,0.0478704178651211,0.96775499688358,0.96775499688358,"PEA15/ATP1B2/CANX/SLC2A3",4
"GO:0009306","protein secretion","2/19","65/3464",0.0307692307692308,5.60971659919028,2.78588865887599,0.0482968400538066,0.96775499688358,0.96775499688358,"ALDOA/CANX",2
"GO:0035592","establishment of protein localization to extracellular region","2/19","65/3464",0.0307692307692308,5.60971659919028,2.78588865887599,0.0482968400538066,0.96775499688358,0.96775499688358,"ALDOA/CANX",2
"GO:0046434","organophosphate catabolic process","2/19","65/3464",0.0307692307692308,5.60971659919028,2.78588865887599,0.0482968400538066,0.96775499688358,0.96775499688358,"ALDOA/PFKFB3",2
"GO:0048588","developmental cell growth","2/19","65/3464",0.0307692307692308,5.60971659919028,2.78588865887599,0.0482968400538066,0.96775499688358,0.96775499688358,"NRN1/OLFM1",2
"GO:0071692","protein localization to extracellular region","2/19","65/3464",0.0307692307692308,5.60971659919028,2.78588865887599,0.0482968400538066,0.96775499688358,0.96775499688358,"ALDOA/CANX",2
"GO:0001895","retina homeostasis","1/19","9/3464",0.111111111111111,20.2573099415205,4.29537695031584,0.0483502181090567,0.96775499688358,0.96775499688358,"ATP1B2",1
"GO:0010288","response to lead ion","1/19","9/3464",0.111111111111111,20.2573099415205,4.29537695031584,0.0483502181090567,0.96775499688358,0.96775499688358,"PPP2CB",1
"GO:0019082","viral protein processing","1/19","9/3464",0.111111111111111,20.2573099415205,4.29537695031584,0.0483502181090567,0.96775499688358,0.96775499688358,"CANX",1
"GO:0019229","regulation of vasoconstriction","1/19","9/3464",0.111111111111111,20.2573099415205,4.29537695031584,0.0483502181090567,0.96775499688358,0.96775499688358,"HRH1",1
"GO:0042303","molting cycle","1/19","9/3464",0.111111111111111,20.2573099415205,4.29537695031584,0.0483502181090567,0.96775499688358,0.96775499688358,"PER1",1
"GO:0042633","hair cycle","1/19","9/3464",0.111111111111111,20.2573099415205,4.29537695031584,0.0483502181090567,0.96775499688358,0.96775499688358,"PER1",1
"GO:0055075","potassium ion homeostasis","1/19","9/3464",0.111111111111111,20.2573099415205,4.29537695031584,0.0483502181090567,0.96775499688358,0.96775499688358,"ATP1B2",1
"GO:0055078","sodium ion homeostasis","1/19","9/3464",0.111111111111111,20.2573099415205,4.29537695031584,0.0483502181090567,0.96775499688358,0.96775499688358,"ATP1B2",1
"GO:0071384","cellular response to corticosteroid stimulus","1/19","9/3464",0.111111111111111,20.2573099415205,4.29537695031584,0.0483502181090567,0.96775499688358,0.96775499688358,"ZFP36L1",1
"GO:0072089","stem cell proliferation","1/19","9/3464",0.111111111111111,20.2573099415205,4.29537695031584,0.0483502181090567,0.96775499688358,0.96775499688358,"ZFP36L1",1
"GO:0086002","cardiac muscle cell action potential involved in contraction","1/19","9/3464",0.111111111111111,20.2573099415205,4.29537695031584,0.0483502181090567,0.96775499688358,0.96775499688358,"FLNA",1
"GO:0098696","regulation of neurotransmitter receptor localization to postsynaptic specialization membrane","1/19","9/3464",0.111111111111111,20.2573099415205,4.29537695031584,0.0483502181090567,0.96775499688358,0.96775499688358,"OLFM1",1
"GO:0099171","presynaptic modulation of chemical synaptic transmission","1/19","9/3464",0.111111111111111,20.2573099415205,4.29537695031584,0.0483502181090567,0.96775499688358,0.96775499688358,"NRN1",1
"GO:1902042","negative regulation of extrinsic apoptotic signaling pathway via death domain receptors","1/19","9/3464",0.111111111111111,20.2573099415205,4.29537695031584,0.0483502181090567,0.96775499688358,0.96775499688358,"PEA15",1
"GO:1904035","regulation of epithelial cell apoptotic process","1/19","9/3464",0.111111111111111,20.2573099415205,4.29537695031584,0.0483502181090567,0.96775499688358,0.96775499688358,"ZFP36L1",1
"GO:2000179","positive regulation of neural precursor cell proliferation","1/19","9/3464",0.111111111111111,20.2573099415205,4.29537695031584,0.0483502181090567,0.96775499688358,0.96775499688358,"FLNA",1
"GO:2000463","positive regulation of excitatory postsynaptic potential","1/19","9/3464",0.111111111111111,20.2573099415205,4.29537695031584,0.0483502181090567,0.96775499688358,0.96775499688358,"BAIAP2",1
"GO:0048699","generation of neurons","5/19","381/3464",0.0131233595800525,2.39259566238431,2.13948475732966,0.0496500501211351,0.96775499688358,0.96775499688358,"BAIAP2/ATP1B2/NRN1/FLNA/OLFM1",5
"GO:0033993","response to lipid","3/19","155/3464",0.0193548387096774,3.52869269949066,2.39178398368006,0.0502991684638711,0.96775499688358,0.96775499688358,"ZFP36L1/JUNB/PER1",3
"GO:0051222","positive regulation of protein transport","2/19","67/3464",0.0298507462686567,5.44226237234878,2.72647968842656,0.051007567781747,0.96775499688358,0.96775499688358,"ALDOA/FLNA",2
"GO:0030097","hemopoiesis","3/19","156/3464",0.0192307692307692,3.50607287449393,2.37838237366775,0.0511083833307834,0.96775499688358,0.96775499688358,"FLNA/ZFP36L1/JUNB",3
"GO:0006941","striated muscle contraction","2/19","68/3464",0.0294117647058824,5.36222910216718,2.69766190734901,0.0523835993740256,0.96775499688358,0.96775499688358,"ALDOA/FLNA",2
"GO:0046034","ATP metabolic process","2/19","68/3464",0.0294117647058824,5.36222910216718,2.69766190734901,0.0523835993740256,0.96775499688358,0.96775499688358,"ALDOA/PFKFB3",2
"GO:0006022","aminoglycan metabolic process","1/19","10/3464",0.1,18.2315789473684,4.05202709414686,0.0535836033061414,0.96775499688358,0.96775499688358,"IDS",1
"GO:0006516","glycoprotein catabolic process","1/19","10/3464",0.1,18.2315789473684,4.05202709414686,0.0535836033061414,0.96775499688358,0.96775499688358,"IDS",1
"GO:0007212","G protein-coupled dopamine receptor signaling pathway","1/19","10/3464",0.1,18.2315789473684,4.05202709414686,0.0535836033061414,0.96775499688358,0.96775499688358,"FLNA",1
"GO:0008298","intracellular mRNA localization","1/19","10/3464",0.1,18.2315789473684,4.05202709414686,0.0535836033061414,0.96775499688358,0.96775499688358,"ZFP36L1",1
"GO:0010804","negative regulation of tumor necrosis factor-mediated signaling pathway","1/19","10/3464",0.1,18.2315789473684,4.05202709414686,0.0535836033061414,0.96775499688358,0.96775499688358,"PPP2CB",1
"GO:0030203","glycosaminoglycan metabolic process","1/19","10/3464",0.1,18.2315789473684,4.05202709414686,0.0535836033061414,0.96775499688358,0.96775499688358,"IDS",1
"GO:0030838","positive regulation of actin filament polymerization","1/19","10/3464",0.1,18.2315789473684,4.05202709414686,0.0535836033061414,0.96775499688358,0.96775499688358,"BAIAP2",1
"GO:0061515","myeloid cell development","1/19","10/3464",0.1,18.2315789473684,4.05202709414686,0.0535836033061414,0.96775499688358,0.96775499688358,"FLNA",1
"GO:0071320","cellular response to cAMP","1/19","10/3464",0.1,18.2315789473684,4.05202709414686,0.0535836033061414,0.96775499688358,0.96775499688358,"ZFP36L1",1
"GO:0086064","cell communication by electrical coupling involved in cardiac conduction","1/19","10/3464",0.1,18.2315789473684,4.05202709414686,0.0535836033061414,0.96775499688358,0.96775499688358,"ATP1B2",1
"GO:0090042","tubulin deacetylation","1/19","10/3464",0.1,18.2315789473684,4.05202709414686,0.0535836033061414,0.96775499688358,0.96775499688358,"FLNA",1
"GO:0030900","forebrain development","2/19","69/3464",0.0289855072463768,5.28451563691838,2.66940716220628,0.053773177679587,0.96775499688358,0.96775499688358,"ATP1B2/FLNA",2
"GO:0045597","positive regulation of cell differentiation","3/19","160/3464",0.01875,3.41842105263158,2.32584259535983,0.0544105227516501,0.96775499688358,0.96775499688358,"BAIAP2/ZFP36L1/OLFM1",3
"GO:0030099","myeloid cell differentiation","2/19","70/3464",0.0285714285714286,5.20902255639098,2.64169568805063,0.0551761305108133,0.96775499688358,0.96775499688358,"FLNA/ZFP36L1",2
"GO:0051493","regulation of cytoskeleton organization","3/19","161/3464",0.0186335403726708,3.39718862373325,2.31296623172092,0.0552522934084444,0.96775499688358,0.96775499688358,"BAIAP2/FLNA/PPP2CB",3
"GO:0032271","regulation of protein polymerization","2/19","71/3464",0.028169014084507,5.13565604151223,2.61450868847069,0.0565922869837603,0.96775499688358,0.96775499688358,"BAIAP2/PPP2CB",2
"GO:0055085","transmembrane transport","4/19","273/3464",0.0146520146520147,2.67129361866204,2.13638298053904,0.0569849327919644,0.96775499688358,0.96775499688358,"PEA15/ATP1B2/FLNA/SLC2A3",4
"GO:0032869","cellular response to insulin stimulus","2/19","72/3464",0.0277777777777778,5.06432748538012,2.58782827516917,0.0580214775102203,0.96775499688358,0.96775499688358,"BAIAP2/ZFP36L1",2
"GO:0002532","production of molecular mediator involved in inflammatory response","1/19","11/3464",0.0909090909090909,16.5741626794258,3.84159160210926,0.0587897155056737,0.96775499688358,0.96775499688358,"PER1",1
"GO:0006356","regulation of transcription by RNA polymerase I","1/19","11/3464",0.0909090909090909,16.5741626794258,3.84159160210926,0.0587897155056737,0.96775499688358,0.96775499688358,"FLNA",1
"GO:0007193","adenylate cyclase-inhibiting G protein-coupled receptor signaling pathway","1/19","11/3464",0.0909090909090909,16.5741626794258,3.84159160210926,0.0587897155056737,0.96775499688358,0.96775499688358,"FLNA",1
"GO:0008584","male gonad development","1/19","11/3464",0.0909090909090909,16.5741626794258,3.84159160210926,0.0587897155056737,0.96775499688358,0.96775499688358,"FLNA",1
"GO:0010644","cell communication by electrical coupling","1/19","11/3464",0.0909090909090909,16.5741626794258,3.84159160210926,0.0587897155056737,0.96775499688358,0.96775499688358,"ATP1B2",1
"GO:0044319","wound healing, spreading of cells","1/19","11/3464",0.0909090909090909,16.5741626794258,3.84159160210926,0.0587897155056737,0.96775499688358,0.96775499688358,"FLNA",1
"GO:0045600","positive regulation of fat cell differentiation","1/19","11/3464",0.0909090909090909,16.5741626794258,3.84159160210926,0.0587897155056737,0.96775499688358,0.96775499688358,"ZFP36L1",1
"GO:0061003","positive regulation of dendritic spine morphogenesis","1/19","11/3464",0.0909090909090909,16.5741626794258,3.84159160210926,0.0587897155056737,0.96775499688358,0.96775499688358,"BAIAP2",1
"GO:0061178","regulation of insulin secretion involved in cellular response to glucose stimulus","1/19","11/3464",0.0909090909090909,16.5741626794258,3.84159160210926,0.0587897155056737,0.96775499688358,0.96775499688358,"ALDOA",1
"GO:0090128","regulation of synapse maturation","1/19","11/3464",0.0909090909090909,16.5741626794258,3.84159160210926,0.0587897155056737,0.96775499688358,0.96775499688358,"NRN1",1
"GO:0090505","epiboly involved in wound healing","1/19","11/3464",0.0909090909090909,16.5741626794258,3.84159160210926,0.0587897155056737,0.96775499688358,0.96775499688358,"FLNA",1
"GO:0098885","modification of postsynaptic actin cytoskeleton","1/19","11/3464",0.0909090909090909,16.5741626794258,3.84159160210926,0.0587897155056737,0.96775499688358,0.96775499688358,"BAIAP2",1
"GO:1902041","regulation of extrinsic apoptotic signaling pathway via death domain receptors","1/19","11/3464",0.0909090909090909,16.5741626794258,3.84159160210926,0.0587897155056737,0.96775499688358,0.96775499688358,"PEA15",1
"GO:1905244","regulation of modification of synaptic structure","1/19","11/3464",0.0909090909090909,16.5741626794258,3.84159160210926,0.0587897155056737,0.96775499688358,0.96775499688358,"BAIAP2",1
"GO:0060341","regulation of cellular localization","3/19","167/3464",0.0179640718562874,3.27513394264103,2.23776339189997,0.0604379214957038,0.96775499688358,0.96775499688358,"ALDOA/FLNA/OLFM1",3
"GO:0030098","lymphocyte differentiation","2/19","74/3464",0.027027027027027,4.92745376955903,2.53591986371662,0.0609182888021911,0.96775499688358,0.96775499688358,"ZFP36L1/JUNB",2
"GO:0110053","regulation of actin filament organization","2/19","74/3464",0.027027027027027,4.92745376955903,2.53591986371662,0.0609182888021911,0.96775499688358,0.96775499688358,"BAIAP2/FLNA",2
"GO:0032870","cellular response to hormone stimulus","3/19","170/3464",0.0176470588235294,3.21733746130031,2.20141991384751,0.0631166671993447,0.96775499688358,0.96775499688358,"BAIAP2/ZFP36L1/PER1",3
"GO:0034655","nucleobase-containing compound catabolic process","3/19","170/3464",0.0176470588235294,3.21733746130031,2.20141991384751,0.0631166671993447,0.96775499688358,0.96775499688358,"ALDOA/PFKFB3/ZFP36L1",3
"GO:1904951","positive regulation of establishment of protein localization","2/19","76/3464",0.0263157894736842,4.797783933518,2.48584348750726,0.0638652332967571,0.96775499688358,0.96775499688358,"ALDOA/FLNA",2
"GO:0003179","heart valve morphogenesis","1/19","12/3464",0.0833333333333333,15.1929824561403,3.65710414885539,0.0639686889795783,0.96775499688358,0.96775499688358,"OLFM1",1
"GO:0006007","glucose catabolic process","1/19","12/3464",0.0833333333333333,15.1929824561403,3.65710414885539,0.0639686889795783,0.96775499688358,0.96775499688358,"ALDOA",1
"GO:0006476","protein deacetylation","1/19","12/3464",0.0833333333333333,15.1929824561403,3.65710414885539,0.0639686889795783,0.96775499688358,0.96775499688358,"FLNA",1
"GO:0007200","phospholipase C-activating G protein-coupled receptor signaling pathway","1/19","12/3464",0.0833333333333333,15.1929824561403,3.65710414885539,0.0639686889795783,0.96775499688358,0.96775499688358,"HRH1",1
"GO:0007338","single fertilization","1/19","12/3464",0.0833333333333333,15.1929824561403,3.65710414885539,0.0639686889795783,0.96775499688358,0.96775499688358,"ALDOA",1
"GO:0030216","keratinocyte differentiation","1/19","12/3464",0.0833333333333333,15.1929824561403,3.65710414885539,0.0639686889795783,0.96775499688358,0.96775499688358,"ZFP36L1",1
"GO:0033144","negative regulation of intracellular steroid hormone receptor signaling pathway","1/19","12/3464",0.0833333333333333,15.1929824561403,3.65710414885539,0.0639686889795783,0.96775499688358,0.96775499688358,"PER1",1
"GO:0042310","vasoconstriction","1/19","12/3464",0.0833333333333333,15.1929824561403,3.65710414885539,0.0639686889795783,0.96775499688358,0.96775499688358,"HRH1",1
"GO:0042789","mRNA transcription by RNA polymerase II","1/19","12/3464",0.0833333333333333,15.1929824561403,3.65710414885539,0.0639686889795783,0.96775499688358,0.96775499688358,"FLNA",1
"GO:0043370","regulation of CD4-positive, alpha-beta T cell differentiation","1/19","12/3464",0.0833333333333333,15.1929824561403,3.65710414885539,0.0639686889795783,0.96775499688358,0.96775499688358,"JUNB",1
"GO:0045638","negative regulation of myeloid cell differentiation","1/19","12/3464",0.0833333333333333,15.1929824561403,3.65710414885539,0.0639686889795783,0.96775499688358,0.96775499688358,"ZFP36L1",1
"GO:0046546","development of primary male sexual characteristics","1/19","12/3464",0.0833333333333333,15.1929824561403,3.65710414885539,0.0639686889795783,0.96775499688358,0.96775499688358,"FLNA",1
"GO:0046661","male sex differentiation","1/19","12/3464",0.0833333333333333,15.1929824561403,3.65710414885539,0.0639686889795783,0.96775499688358,0.96775499688358,"FLNA",1
"GO:0061615","glycolytic process through fructose-6-phosphate","1/19","12/3464",0.0833333333333333,15.1929824561403,3.65710414885539,0.0639686889795783,0.96775499688358,0.96775499688358,"ALDOA",1
"GO:0061620","glycolytic process through glucose-6-phosphate","1/19","12/3464",0.0833333333333333,15.1929824561403,3.65710414885539,0.0639686889795783,0.96775499688358,0.96775499688358,"ALDOA",1
"GO:0061621","canonical glycolysis","1/19","12/3464",0.0833333333333333,15.1929824561403,3.65710414885539,0.0639686889795783,0.96775499688358,0.96775499688358,"ALDOA",1
"GO:0061718","glucose catabolic process to pyruvate","1/19","12/3464",0.0833333333333333,15.1929824561403,3.65710414885539,0.0639686889795783,0.96775499688358,0.96775499688358,"ALDOA",1
"GO:0090504","epiboly","1/19","12/3464",0.0833333333333333,15.1929824561403,3.65710414885539,0.0639686889795783,0.96775499688358,0.96775499688358,"FLNA",1
"GO:1900026","positive regulation of substrate adhesion-dependent cell spreading","1/19","12/3464",0.0833333333333333,15.1929824561403,3.65710414885539,0.0639686889795783,0.96775499688358,0.96775499688358,"FLNA",1
"GO:1902473","regulation of protein localization to synapse","1/19","12/3464",0.0833333333333333,15.1929824561403,3.65710414885539,0.0639686889795783,0.96775499688358,0.96775499688358,"OLFM1",1
"GO:1903350","response to dopamine","1/19","12/3464",0.0833333333333333,15.1929824561403,3.65710414885539,0.0639686889795783,0.96775499688358,0.96775499688358,"FLNA",1
"GO:1903351","cellular response to dopamine","1/19","12/3464",0.0833333333333333,15.1929824561403,3.65710414885539,0.0639686889795783,0.96775499688358,0.96775499688358,"FLNA",1
"GO:1904019","epithelial cell apoptotic process","1/19","12/3464",0.0833333333333333,15.1929824561403,3.65710414885539,0.0639686889795783,0.96775499688358,0.96775499688358,"ZFP36L1",1
"GO:2001222","regulation of neuron migration","1/19","12/3464",0.0833333333333333,15.1929824561403,3.65710414885539,0.0639686889795783,0.96775499688358,0.96775499688358,"FLNA",1
"GO:0009205","purine ribonucleoside triphosphate metabolic process","2/19","77/3464",0.025974025974026,4.73547505126453,2.46145577697233,0.0653570950679973,0.96775499688358,0.96775499688358,"ALDOA/PFKFB3",2
"GO:0001775","cell activation","3/19","173/3464",0.0173410404624277,3.16154548220262,2.16586768554033,0.0658519784769863,0.96775499688358,0.96775499688358,"FLNA/ZFP36L1/JUNB",3
"GO:0031175","neuron projection development","4/19","287/3464",0.0139372822299652,2.54098661287365,2.02413577119987,0.0663121798362574,0.96775499688358,0.96775499688358,"BAIAP2/ATP1B2/NRN1/OLFM1",4
"GO:0009144","purine nucleoside triphosphate metabolic process","2/19","78/3464",0.0256410256410256,4.67476383265857,2.43748353607548,0.0668610001346575,0.96775499688358,0.96775499688358,"ALDOA/PFKFB3",2
"GO:1903706","regulation of hemopoiesis","2/19","78/3464",0.0256410256410256,4.67476383265857,2.43748353607548,0.0668610001346575,0.96775499688358,0.96775499688358,"ZFP36L1/JUNB",2
"GO:0000289","nuclear-transcribed mRNA poly(A) tail shortening","1/19","13/3464",0.0769230769230769,14.0242914979757,3.49350796114709,0.0691206573774312,0.96775499688358,0.96775499688358,"ZFP36L1",1
"GO:0008347","glial cell migration","1/19","13/3464",0.0769230769230769,14.0242914979757,3.49350796114709,0.0691206573774312,0.96775499688358,0.96775499688358,"ATP1B2",1
"GO:0009566","fertilization","1/19","13/3464",0.0769230769230769,14.0242914979757,3.49350796114709,0.0691206573774312,0.96775499688358,0.96775499688358,"ALDOA",1
"GO:0070527","platelet aggregation","1/19","13/3464",0.0769230769230769,14.0242914979757,3.49350796114709,0.0691206573774312,0.96775499688358,0.96775499688358,"FLNA",1
"GO:0099633","protein localization to postsynaptic specialization membrane","1/19","13/3464",0.0769230769230769,14.0242914979757,3.49350796114709,0.0691206573774312,0.96775499688358,0.96775499688358,"OLFM1",1
"GO:0099645","neurotransmitter receptor localization to postsynaptic specialization membrane","1/19","13/3464",0.0769230769230769,14.0242914979757,3.49350796114709,0.0691206573774312,0.96775499688358,0.96775499688358,"OLFM1",1
"GO:1900151","regulation of nuclear-transcribed mRNA catabolic process, deadenylation-dependent decay","1/19","13/3464",0.0769230769230769,14.0242914979757,3.49350796114709,0.0691206573774312,0.96775499688358,0.96775499688358,"ZFP36L1",1
"GO:1902305","regulation of sodium ion transmembrane transport","1/19","13/3464",0.0769230769230769,14.0242914979757,3.49350796114709,0.0691206573774312,0.96775499688358,0.96775499688358,"ATP1B2",1
"GO:1902683","regulation of receptor localization to synapse","1/19","13/3464",0.0769230769230769,14.0242914979757,3.49350796114709,0.0691206573774312,0.96775499688358,0.96775499688358,"OLFM1",1
"GO:0098609","cell-cell adhesion","3/19","177/3464",0.0169491525423729,3.09009812667261,2.11963894443523,0.0695860591879776,0.96775499688358,0.96775499688358,"BAIAP2/ATP1B2/FLNA",3
"GO:0009141","nucleoside triphosphate metabolic process","2/19","80/3464",0.025,4.5578947368421,2.39073447612027,0.0699042984405829,0.96775499688358,0.96775499688358,"ALDOA/PFKFB3",2
"GO:0032868","response to insulin","2/19","80/3464",0.025,4.5578947368421,2.39073447612027,0.0699042984405829,0.96775499688358,0.96775499688358,"BAIAP2/ZFP36L1",2
"GO:0140352","export from cell","3/19","179/3464",0.0167597765363128,3.05557189062041,2.09700724956503,0.0714899870429049,0.96775499688358,0.96775499688358,"ALDOA/ATP1B2/CANX",3
"GO:0120036","plasma membrane bounded cell projection organization","5/19","422/3464",0.0118483412322275,2.16013968570716,1.88840584944237,0.0717327629572175,0.96775499688358,0.96775499688358,"BAIAP2/ATP1B2/NRN1/FLNA/OLFM1",5
"GO:0007268","chemical synaptic transmission","3/19","180/3464",0.0166666666666667,3.03859649122807,2.08580826415993,0.0724510931368787,0.96775499688358,0.96775499688358,"BAIAP2/NRN1/HRH1",3
"GO:0019752","carboxylic acid metabolic process","3/19","180/3464",0.0166666666666667,3.03859649122807,2.08580826415993,0.0724510931368787,0.96775499688358,0.96775499688358,"ALDOA/PFKFB3/SLC2A3",3
"GO:0098916","anterograde trans-synaptic signaling","3/19","180/3464",0.0166666666666667,3.03859649122807,2.08580826415993,0.0724510931368787,0.96775499688358,0.96775499688358,"BAIAP2/NRN1/HRH1",3
"GO:0009060","aerobic respiration","2/19","82/3464",0.024390243902439,4.44672657252888,2.34549974492515,0.0729938570790162,0.96775499688358,0.96775499688358,"ALDOA/PFKFB3",2
"GO:0008625","extrinsic apoptotic signaling pathway via death domain receptors","1/19","14/3464",0.0714285714285714,13.0225563909774,3.34703093391517,0.0742457537291635,0.96775499688358,0.96775499688358,"PEA15",1
"GO:0009299","mRNA transcription","1/19","14/3464",0.0714285714285714,13.0225563909774,3.34703093391517,0.0742457537291635,0.96775499688358,0.96775499688358,"FLNA",1
"GO:0019320","hexose catabolic process","1/19","14/3464",0.0714285714285714,13.0225563909774,3.34703093391517,0.0742457537291635,0.96775499688358,0.96775499688358,"ALDOA",1
"GO:0030201","heparan sulfate proteoglycan metabolic process","1/19","14/3464",0.0714285714285714,13.0225563909774,3.34703093391517,0.0742457537291635,0.96775499688358,0.96775499688358,"IDS",1
"GO:0033077","T cell differentiation in thymus","1/19","14/3464",0.0714285714285714,13.0225563909774,3.34703093391517,0.0742457537291635,0.96775499688358,0.96775499688358,"ZFP36L1",1
"GO:0035601","protein deacylation","1/19","14/3464",0.0714285714285714,13.0225563909774,3.34703093391517,0.0742457537291635,0.96775499688358,0.96775499688358,"FLNA",1
"GO:0035773","insulin secretion involved in cellular response to glucose stimulus","1/19","14/3464",0.0714285714285714,13.0225563909774,3.34703093391517,0.0742457537291635,0.96775499688358,0.96775499688358,"ALDOA",1
"GO:0042307","positive regulation of protein import into nucleus","1/19","14/3464",0.0714285714285714,13.0225563909774,3.34703093391517,0.0742457537291635,0.96775499688358,0.96775499688358,"FLNA",1
"GO:0044344","cellular response to fibroblast growth factor stimulus","1/19","14/3464",0.0714285714285714,13.0225563909774,3.34703093391517,0.0742457537291635,0.96775499688358,0.96775499688358,"ZFP36L1",1
"GO:0045646","regulation of erythrocyte differentiation","1/19","14/3464",0.0714285714285714,13.0225563909774,3.34703093391517,0.0742457537291635,0.96775499688358,0.96775499688358,"ZFP36L1",1
"GO:0046578","regulation of Ras protein signal transduction","1/19","14/3464",0.0714285714285714,13.0225563909774,3.34703093391517,0.0742457537291635,0.96775499688358,0.96775499688358,"PPP2CB",1
"GO:0046637","regulation of alpha-beta T cell differentiation","1/19","14/3464",0.0714285714285714,13.0225563909774,3.34703093391517,0.0742457537291635,0.96775499688358,0.96775499688358,"JUNB",1
"GO:0050864","regulation of B cell activation","1/19","14/3464",0.0714285714285714,13.0225563909774,3.34703093391517,0.0742457537291635,0.96775499688358,0.96775499688358,"ZFP36L1",1
"GO:0051289","protein homotetramerization","1/19","14/3464",0.0714285714285714,13.0225563909774,3.34703093391517,0.0742457537291635,0.96775499688358,0.96775499688358,"ALDOA",1
"GO:0071470","cellular response to osmotic stress","1/19","14/3464",0.0714285714285714,13.0225563909774,3.34703093391517,0.0742457537291635,0.96775499688358,0.96775499688358,"ZFP36L1",1
"GO:0071867","response to monoamine","1/19","14/3464",0.0714285714285714,13.0225563909774,3.34703093391517,0.0742457537291635,0.96775499688358,0.96775499688358,"FLNA",1
"GO:0071868","cellular response to monoamine stimulus","1/19","14/3464",0.0714285714285714,13.0225563909774,3.34703093391517,0.0742457537291635,0.96775499688358,0.96775499688358,"FLNA",1
"GO:0071869","response to catecholamine","1/19","14/3464",0.0714285714285714,13.0225563909774,3.34703093391517,0.0742457537291635,0.96775499688358,0.96775499688358,"FLNA",1
"GO:0071870","cellular response to catecholamine stimulus","1/19","14/3464",0.0714285714285714,13.0225563909774,3.34703093391517,0.0742457537291635,0.96775499688358,0.96775499688358,"FLNA",1
"GO:0072538","T-helper 17 type immune response","1/19","14/3464",0.0714285714285714,13.0225563909774,3.34703093391517,0.0742457537291635,0.96775499688358,0.96775499688358,"JUNB",1
"GO:0072539","T-helper 17 cell differentiation","1/19","14/3464",0.0714285714285714,13.0225563909774,3.34703093391517,0.0742457537291635,0.96775499688358,0.96775499688358,"JUNB",1
"GO:0090083","regulation of inclusion body assembly","1/19","14/3464",0.0714285714285714,13.0225563909774,3.34703093391517,0.0742457537291635,0.96775499688358,0.96775499688358,"PPP2CB",1
"GO:0098900","regulation of action potential","1/19","14/3464",0.0714285714285714,13.0225563909774,3.34703093391517,0.0742457537291635,0.96775499688358,0.96775499688358,"FLNA",1
"GO:2000514","regulation of CD4-positive, alpha-beta T cell activation","1/19","14/3464",0.0714285714285714,13.0225563909774,3.34703093391517,0.0742457537291635,0.96775499688358,0.96775499688358,"JUNB",1
"GO:0060284","regulation of cell development","3/19","183/3464",0.0163934426229508,2.98878343399482,2.05266632029461,0.0753706990525778,0.979348020814432,0.979348020814432,"BAIAP2/ZFP36L1/JUNB",3
"GO:0043436","oxoacid metabolic process","3/19","184/3464",0.016304347826087,2.97254004576659,2.04176733552707,0.0763559173874278,0.984814361915733,0.984814361915733,"ALDOA/PFKFB3/SLC2A3",3
"GO:0030030","cell projection organization","5/19","431/3464",0.0116009280742459,2.11503236048358,1.83695422690473,0.0772397415871506,0.984814361915733,0.984814361915733,"BAIAP2/ATP1B2/NRN1/FLNA/OLFM1",5
"GO:0006082","organic acid metabolic process","3/19","185/3464",0.0162162162162162,2.95647226173542,2.03094089196483,0.0773471035417278,0.984814361915733,0.984814361915733,"ALDOA/PFKFB3/SLC2A3",3
"GO:0051050","positive regulation of transport","3/19","185/3464",0.0162162162162162,2.95647226173542,2.03094089196483,0.0773471035417278,0.984814361915733,0.984814361915733,"ALDOA/ATP1B2/FLNA",3
"GO:0099537","trans-synaptic signaling","3/19","185/3464",0.0162162162162162,2.95647226173542,2.03094089196483,0.0773471035417278,0.984814361915733,0.984814361915733,"BAIAP2/NRN1/HRH1",3
"GO:1903131","mononuclear cell differentiation","2/19","85/3464",0.0235294117647059,4.28978328173375,2.28029528544993,0.0777122004761641,0.984814361915733,0.984814361915733,"ZFP36L1/JUNB",2
"GO:0031589","cell-substrate adhesion","2/19","86/3464",0.0232558139534884,4.23990208078335,2.25922622619685,0.0793067680633323,0.984814361915733,0.984814361915733,"ATP1B2/FLNA",2
"GO:0002011","morphogenesis of an epithelial sheet","1/19","15/3464",0.0666666666666667,12.1543859649123,3.21479388362045,0.0793441104477562,0.984814361915733,0.984814361915733,"FLNA",1
"GO:0002761","regulation of myeloid leukocyte differentiation","1/19","15/3464",0.0666666666666667,12.1543859649123,3.21479388362045,0.0793441104477562,0.984814361915733,0.984814361915733,"ZFP36L1",1
"GO:0003170","heart valve development","1/19","15/3464",0.0666666666666667,12.1543859649123,3.21479388362045,0.0793441104477562,0.984814361915733,0.984814361915733,"OLFM1",1
"GO:0032233","positive regulation of actin filament bundle assembly","1/19","15/3464",0.0666666666666667,12.1543859649123,3.21479388362045,0.0793441104477562,0.984814361915733,0.984814361915733,"FLNA",1
"GO:0046365","monosaccharide catabolic process","1/19","15/3464",0.0666666666666667,12.1543859649123,3.21479388362045,0.0793441104477562,0.984814361915733,0.984814361915733,"ALDOA",1
"GO:0071526","semaphorin-plexin signaling pathway","1/19","15/3464",0.0666666666666667,12.1543859649123,3.21479388362045,0.0793441104477562,0.984814361915733,0.984814361915733,"FLNA",1
"GO:0071774","response to fibroblast growth factor","1/19","15/3464",0.0666666666666667,12.1543859649123,3.21479388362045,0.0793441104477562,0.984814361915733,0.984814361915733,"ZFP36L1",1
"GO:0099010","modification of postsynaptic structure","1/19","15/3464",0.0666666666666667,12.1543859649123,3.21479388362045,0.0793441104477562,0.984814361915733,0.984814361915733,"BAIAP2",1
"GO:0006915","apoptotic process","5/19","435/3464",0.0114942528735632,2.09558378705384,1.81446678131389,0.0797636574079335,0.987075260423178,0.987075260423177,"PNMA2/PEA15/FLNA/ZFP36L1/OLFM1",5
"GO:0022008","neurogenesis","5/19","436/3464",0.0114678899082569,2.09077740222115,1.80888048895413,0.080401970882786,0.992021943414316,0.992021943414316,"BAIAP2/ATP1B2/NRN1/FLNA/OLFM1",5
"GO:0048812","neuron projection morphogenesis","3/19","189/3464",0.0158730158730159,2.89390142021721,1.98834184664625,0.0813710315050977,1,1,"BAIAP2/NRN1/OLFM1",3
"GO:0048666","neuron development","4/19","309/3464",0.0129449838187702,2.36007494464316,1.86016226953767,0.0825519806157872,1,1,"BAIAP2/ATP1B2/NRN1/OLFM1",4
"GO:0030855","epithelial cell differentiation","2/19","89/3464",0.0224719101123595,4.0969840331165,2.19788777885966,0.0841537150625922,1,1,"FLNA/ZFP36L1",2
"GO:0050821","protein stabilization","2/19","89/3464",0.0224719101123595,4.0969840331165,2.19788777885966,0.0841537150625922,1,1,"ATP1B2/FLNA",2
"GO:0046324","regulation of D-glucose import across plasma membrane","1/19","16/3464",0.0625,11.3947368421053,3.09455563424457,0.0844158593319234,1,1,"PEA15",1
"GO:0046329","negative regulation of JNK cascade","1/19","16/3464",0.0625,11.3947368421053,3.09455563424457,0.0844158593319234,1,1,"PER1",1
"GO:0060074","synapse maturation","1/19","16/3464",0.0625,11.3947368421053,3.09455563424457,0.0844158593319234,1,1,"NRN1",1
"GO:0086003","cardiac muscle cell contraction","1/19","16/3464",0.0625,11.3947368421053,3.09455563424457,0.0844158593319234,1,1,"FLNA",1
"GO:0098815","modulation of excitatory postsynaptic potential","1/19","16/3464",0.0625,11.3947368421053,3.09455563424457,0.0844158593319234,1,1,"BAIAP2",1
"GO:0006812","monoatomic cation transport","3/19","192/3464",0.015625,2.84868421052632,1.95710953104503,0.0844504131200535,1,1,"ATP1B2/FLNA/PER1",3
"GO:0045333","cellular respiration","2/19","91/3464",0.021978021978022,4.00694042799306,2.15846883682764,0.0874362321124759,1,1,"ALDOA/PFKFB3",2
"GO:0051249","regulation of lymphocyte activation","2/19","91/3464",0.021978021978022,4.00694042799306,2.15846883682764,0.0874362321124759,1,1,"ZFP36L1/JUNB",2
"GO:0120039","plasma membrane bounded cell projection morphogenesis","3/19","195/3464",0.0153846153846154,2.80485829959514,1.92646618101324,0.0875816788494009,1,1,"BAIAP2/NRN1/OLFM1",3
"GO:0099536","synaptic signaling","3/19","196/3464",0.0153061224489796,2.79054779806659,1.9163788260678,0.0886368407155695,1,1,"BAIAP2/NRN1/HRH1",3
"GO:0009611","response to wounding","2/19","92/3464",0.0217391304347826,3.96338672768879,2.13917786088495,0.0890924170746165,1,1,"FLNA/ZFP36L1",2
"GO:0006970","response to osmotic stress","1/19","17/3464",0.0588235294117647,10.7244582043344,2.98454180275065,0.0894611315687834,1,1,"ZFP36L1",1
"GO:0010717","regulation of epithelial to mesenchymal transition","1/19","17/3464",0.0588235294117647,10.7244582043344,2.98454180275065,0.0894611315687834,1,1,"OLFM1",1
"GO:0032024","positive regulation of insulin secretion","1/19","17/3464",0.0588235294117647,10.7244582043344,2.98454180275065,0.0894611315687834,1,1,"ALDOA",1
"GO:0034109","homotypic cell-cell adhesion","1/19","17/3464",0.0588235294117647,10.7244582043344,2.98454180275065,0.0894611315687834,1,1,"FLNA",1
"GO:0043113","receptor clustering","1/19","17/3464",0.0588235294117647,10.7244582043344,2.98454180275065,0.0894611315687834,1,1,"FLNA",1
"GO:0045639","positive regulation of myeloid cell differentiation","1/19","17/3464",0.0588235294117647,10.7244582043344,2.98454180275065,0.0894611315687834,1,1,"ZFP36L1",1
"GO:0050775","positive regulation of dendrite morphogenesis","1/19","17/3464",0.0588235294117647,10.7244582043344,2.98454180275065,0.0894611315687834,1,1,"BAIAP2",1
"GO:0070841","inclusion body assembly","1/19","17/3464",0.0588235294117647,10.7244582043344,2.98454180275065,0.0894611315687834,1,1,"PPP2CB",1
"GO:0140115","export across plasma membrane","1/19","17/3464",0.0588235294117647,10.7244582043344,2.98454180275065,0.0894611315687834,1,1,"ATP1B2",1
"GO:1900024","regulation of substrate adhesion-dependent cell spreading","1/19","17/3464",0.0588235294117647,10.7244582043344,2.98454180275065,0.0894611315687834,1,1,"FLNA",1
"GO:2000177","regulation of neural precursor cell proliferation","1/19","17/3464",0.0588235294117647,10.7244582043344,2.98454180275065,0.0894611315687834,1,1,"FLNA",1
"GO:0009150","purine ribonucleotide metabolic process","2/19","93/3464",0.021505376344086,3.92076966610074,2.12015611441811,0.0907583604297661,1,1,"ALDOA/PFKFB3",2
"GO:0012501","programmed cell death","5/19","452/3464",0.0110619469026549,2.0167675826735,1.72136059924835,0.0910127236171692,1,1,"PNMA2/PEA15/FLNA/ZFP36L1/OLFM1",5
"GO:0030036","actin cytoskeleton organization","3/19","199/3464",0.0150753768844221,2.74847923829675,1.88648718049872,0.0918361698660158,1,1,"ALDOA/BAIAP2/FLNA",3
"GO:0048858","cell projection morphogenesis","3/19","199/3464",0.0150753768844221,2.74847923829675,1.88648718049872,0.0918361698660158,1,1,"BAIAP2/NRN1/OLFM1",3
"GO:0008219","cell death","5/19","454/3464",0.0110132158590308,2.00788314398331,1.71065839812018,0.0923915086843235,1,1,"PNMA2/PEA15/FLNA/ZFP36L1/OLFM1",5
"GO:0032535","regulation of cellular component size","2/19","94/3464",0.0212765957446809,3.87905935050392,2.10139660968636,0.0924339191699959,1,1,"BAIAP2/OLFM1",2
"GO:0042110","T cell activation","2/19","94/3464",0.0212765957446809,3.87905935050392,2.10139660968636,0.0924339191699959,1,1,"ZFP36L1/JUNB",2
"GO:0001960","negative regulation of cytokine-mediated signaling pathway","1/19","18/3464",0.0555555555555556,10.1286549707602,2.88332662152297,0.0944800577365218,1,1,"PPP2CB",1
"GO:0002287","alpha-beta T cell activation involved in immune response","1/19","18/3464",0.0555555555555556,10.1286549707602,2.88332662152297,0.0944800577365218,1,1,"JUNB",1
"GO:0008406","gonad development","1/19","18/3464",0.0555555555555556,10.1286549707602,2.88332662152297,0.0944800577365218,1,1,"FLNA",1
"GO:0010770","positive regulation of cell morphogenesis","1/19","18/3464",0.0555555555555556,10.1286549707602,2.88332662152297,0.0944800577365218,1,1,"BAIAP2",1
"GO:0045661","regulation of myoblast differentiation","1/19","18/3464",0.0555555555555556,10.1286549707602,2.88332662152297,0.0944800577365218,1,1,"ZFP36L1",1
"GO:0051058","negative regulation of small GTPase mediated signal transduction","1/19","18/3464",0.0555555555555556,10.1286549707602,2.88332662152297,0.0944800577365218,1,1,"PPP2CB",1
"GO:0060999","positive regulation of dendritic spine development","1/19","18/3464",0.0555555555555556,10.1286549707602,2.88332662152297,0.0944800577365218,1,1,"BAIAP2",1
"GO:0062237","protein localization to postsynapse","1/19","18/3464",0.0555555555555556,10.1286549707602,2.88332662152297,0.0944800577365218,1,1,"OLFM1",1
"GO:0098732","macromolecule deacylation","1/19","18/3464",0.0555555555555556,10.1286549707602,2.88332662152297,0.0944800577365218,1,1,"FLNA",1
"GO:1903539","protein localization to postsynaptic membrane","1/19","18/3464",0.0555555555555556,10.1286549707602,2.88332662152297,0.0944800577365218,1,1,"OLFM1",1
"GO:0010720","positive regulation of cell development","2/19","96/3464",0.0208333333333333,3.79824561403509,2.06463763687452,0.0958133163884568,1,1,"BAIAP2/ZFP36L1",2
"GO:0002694","regulation of leukocyte activation","2/19","97/3464",0.0206185567010309,3.75908844275638,2.04662542071865,0.0975168744443778,1,1,"ZFP36L1/JUNB",2
"GO:0032956","regulation of actin cytoskeleton organization","2/19","97/3464",0.0206185567010309,3.75908844275638,2.04662542071865,0.0975168744443778,1,1,"BAIAP2/FLNA",2
"GO:0051258","protein polymerization","2/19","97/3464",0.0206185567010309,3.75908844275638,2.04662542071865,0.0975168744443778,1,1,"BAIAP2/PPP2CB",2
"GO:0009259","ribonucleotide metabolic process","2/19","98/3464",0.0204081632653061,3.72073039742213,2.0288499283361,0.0992294870268927,1,1,"ALDOA/PFKFB3",2
"GO:0071375","cellular response to peptide hormone stimulus","2/19","98/3464",0.0204081632653061,3.72073039742213,2.0288499283361,0.0992294870268927,1,1,"BAIAP2/ZFP36L1",2
"GO:0002292","T cell differentiation involved in immune response","1/19","19/3464",0.0526315789473684,9.59556786703601,2.78974940843837,0.0994727678070402,1,1,"JUNB",1
"GO:0006360","transcription by RNA polymerase I","1/19","19/3464",0.0526315789473684,9.59556786703601,2.78974940843837,0.0994727678070402,1,1,"FLNA",1
"GO:0009913","epidermal cell differentiation","1/19","19/3464",0.0526315789473684,9.59556786703601,2.78974940843837,0.0994727678070402,1,1,"ZFP36L1",1
"GO:0010827","regulation of D-glucose transmembrane transport","1/19","19/3464",0.0526315789473684,9.59556786703601,2.78974940843837,0.0994727678070402,1,1,"PEA15",1
"GO:0031124","mRNA 3'-end processing","1/19","19/3464",0.0526315789473684,9.59556786703601,2.78974940843837,0.0994727678070402,1,1,"ZFP36L1",1
"GO:0032922","circadian regulation of gene expression","1/19","19/3464",0.0526315789473684,9.59556786703601,2.78974940843837,0.0994727678070402,1,1,"PER1",1
"GO:0042306","regulation of protein import into nucleus","1/19","19/3464",0.0526315789473684,9.59556786703601,2.78974940843837,0.0994727678070402,1,1,"FLNA",1
"GO:0046634","regulation of alpha-beta T cell activation","1/19","19/3464",0.0526315789473684,9.59556786703601,2.78974940843837,0.0994727678070402,1,1,"JUNB",1
"GO:0046824","positive regulation of nucleocytoplasmic transport","1/19","19/3464",0.0526315789473684,9.59556786703601,2.78974940843837,0.0994727678070402,1,1,"FLNA",1
"GO:0051209","release of sequestered calcium ion into cytosol","1/19","19/3464",0.0526315789473684,9.59556786703601,2.78974940843837,0.0994727678070402,1,1,"FLNA",1
"GO:0060761","negative regulation of response to cytokine stimulus","1/19","19/3464",0.0526315789473684,9.59556786703601,2.78974940843837,0.0994727678070402,1,1,"PPP2CB",1
"GO:0098659","inorganic cation import across plasma membrane","1/19","19/3464",0.0526315789473684,9.59556786703601,2.78974940843837,0.0994727678070402,1,1,"ATP1B2",1
"GO:0099587","inorganic ion import across plasma membrane","1/19","19/3464",0.0526315789473684,9.59556786703601,2.78974940843837,0.0994727678070402,1,1,"ATP1B2",1
"GO:0006936","muscle contraction","2/19","99/3464",0.0202020202020202,3.68314726209463,2.01130533387537,0.100951016680024,1,1,"ALDOA/FLNA",2
"GO:0043065","positive regulation of apoptotic process","2/19","99/3464",0.0202020202020202,3.68314726209463,2.01130533387537,0.100951016680024,1,1,"PNMA2/OLFM1",2
"GO:0002521","leukocyte differentiation","2/19","101/3464",0.0198019801980198,3.61021365294424,1.97688653486835,0.104420282816024,1,1,"ZFP36L1/JUNB",2
"GO:0002793","positive regulation of peptide secretion","1/19","20/3464",0.05,9.11578947368421,2.70285428177114,0.104439391148598,1,1,"ALDOA",1
"GO:0030856","regulation of epithelial cell differentiation","1/19","20/3464",0.05,9.11578947368421,2.70285428177114,0.104439391148598,1,1,"ZFP36L1",1
"GO:0045137","development of primary sexual characteristics","1/19","20/3464",0.05,9.11578947368421,2.70285428177114,0.104439391148598,1,1,"FLNA",1
"GO:0090277","positive regulation of peptide hormone secretion","1/19","20/3464",0.05,9.11578947368421,2.70285428177114,0.104439391148598,1,1,"ALDOA",1
"GO:0099563","modification of synaptic structure","1/19","20/3464",0.05,9.11578947368421,2.70285428177114,0.104439391148598,1,1,"BAIAP2",1
"GO:0019693","ribose phosphate metabolic process","2/19","102/3464",0.0196078431372549,3.57481940144479,1.96000165183153,0.106167749808366,1,1,"ALDOA/PFKFB3",2
"GO:0071396","cellular response to lipid","2/19","102/3464",0.0196078431372549,3.57481940144479,1.96000165183153,0.106167749808366,1,1,"ZFP36L1/PER1",2
"GO:0043068","positive regulation of programmed cell death","2/19","103/3464",0.0194174757281553,3.54011241696474,1.94332629326569,0.107923594876769,1,1,"PNMA2/OLFM1",2
"GO:0048589","developmental growth","2/19","103/3464",0.0194174757281553,3.54011241696474,1.94332629326569,0.107923594876769,1,1,"NRN1/OLFM1",2
"GO:0006811","monoatomic ion transport","3/19","214/3464",0.014018691588785,2.55582882439744,1.74475902155288,0.108570489542886,1,1,"ATP1B2/FLNA/PER1",3
"GO:0010803","regulation of tumor necrosis factor-mediated signaling pathway","1/19","21/3464",0.0476190476190476,8.68170426065163,2.62184583982576,0.10938005652844,1,1,"PPP2CB",1
"GO:0030168","platelet activation","1/19","21/3464",0.0476190476190476,8.68170426065163,2.62184583982576,0.10938005652844,1,1,"FLNA",1
"GO:0035150","regulation of tube size","1/19","21/3464",0.0476190476190476,8.68170426065163,2.62184583982576,0.10938005652844,1,1,"HRH1",1
"GO:0035296","regulation of tube diameter","1/19","21/3464",0.0476190476190476,8.68170426065163,2.62184583982576,0.10938005652844,1,1,"HRH1",1
"GO:0042093","T-helper cell differentiation","1/19","21/3464",0.0476190476190476,8.68170426065163,2.62184583982576,0.10938005652844,1,1,"JUNB",1
"GO:0046847","filopodium assembly","1/19","21/3464",0.0476190476190476,8.68170426065163,2.62184583982576,0.10938005652844,1,1,"BAIAP2",1
"GO:0051384","response to glucocorticoid","1/19","21/3464",0.0476190476190476,8.68170426065163,2.62184583982576,0.10938005652844,1,1,"ZFP36L1",1
"GO:0060079","excitatory postsynaptic potential","1/19","21/3464",0.0476190476190476,8.68170426065163,2.62184583982576,0.10938005652844,1,1,"BAIAP2",1
"GO:0086001","cardiac muscle cell action potential","1/19","21/3464",0.0476190476190476,8.68170426065163,2.62184583982576,0.10938005652844,1,1,"FLNA",1
"GO:0097746","blood vessel diameter maintenance","1/19","21/3464",0.0476190476190476,8.68170426065163,2.62184583982576,0.10938005652844,1,1,"HRH1",1
"GO:0009719","response to endogenous stimulus","4/19","343/3464",0.0116618075801749,2.12613165566979,1.63154018706385,0.111329064682331,1,1,"BAIAP2/ZFP36L1/JUNB/PER1",4
"GO:0051223","regulation of protein transport","2/19","106/3464",0.0188679245283019,3.43992055610725,1.89450914406112,0.113240083061588,1,1,"ALDOA/FLNA",2
"GO:0002286","T cell activation involved in immune response","1/19","22/3464",0.0454545454545455,8.28708133971292,2.54605603591027,0.114294892115416,1,1,"JUNB",1
"GO:0030183","B cell differentiation","1/19","22/3464",0.0454545454545455,8.28708133971292,2.54605603591027,0.114294892115416,1,1,"ZFP36L1",1
"GO:0045598","regulation of fat cell differentiation","1/19","22/3464",0.0454545454545455,8.28708133971292,2.54605603591027,0.114294892115416,1,1,"ZFP36L1",1
"GO:0046887","positive regulation of hormone secretion","1/19","22/3464",0.0454545454545455,8.28708133971292,2.54605603591027,0.114294892115416,1,1,"ALDOA",1
"GO:0071230","cellular response to amino acid stimulus","1/19","22/3464",0.0454545454545455,8.28708133971292,2.54605603591027,0.114294892115416,1,1,"BAIAP2",1
"GO:2001237","negative regulation of extrinsic apoptotic signaling pathway","1/19","22/3464",0.0454545454545455,8.28708133971292,2.54605603591027,0.114294892115416,1,1,"PEA15",1
"GO:0030029","actin filament-based process","3/19","220/3464",0.0136363636363636,2.48612440191388,1.69135400469866,0.115593942469731,1,1,"ALDOA/BAIAP2/FLNA",3
"GO:1901135","carbohydrate derivative metabolic process","3/19","221/3464",0.0135746606334842,2.47487497023101,1.6826209851564,0.116782074291534,1,1,"ALDOA/IDS/PFKFB3",3
"GO:0007186","G protein-coupled receptor signaling pathway","2/19","108/3464",0.0185185185185185,3.37621832358674,1.86292630587265,0.116823905556528,1,1,"FLNA/HRH1",2
"GO:0032970","regulation of actin filament-based process","2/19","108/3464",0.0185185185185185,3.37621832358674,1.86292630587265,0.116823905556528,1,1,"BAIAP2/FLNA",2
"GO:0009653","anatomical structure morphogenesis","5/19","489/3464",0.0102249488752556,1.86416962652029,1.53115224512012,0.118375136017505,1,1,"ALDOA/BAIAP2/NRN1/FLNA/OLFM1",5
"GO:0031960","response to corticosteroid","1/19","23/3464",0.0434782608695652,7.92677345537757,2.47491905157765,0.119184025482588,1,1,"ZFP36L1",1
"GO:0034394","protein localization to cell surface","1/19","23/3464",0.0434782608695652,7.92677345537757,2.47491905157765,0.119184025482588,1,1,"FLNA",1
"GO:0043588","skin development","1/19","23/3464",0.0434782608695652,7.92677345537757,2.47491905157765,0.119184025482588,1,1,"ZFP36L1",1
"GO:0048608","reproductive structure development","1/19","23/3464",0.0434782608695652,7.92677345537757,2.47491905157765,0.119184025482588,1,1,"FLNA",1
"GO:0061001","regulation of dendritic spine morphogenesis","1/19","23/3464",0.0434782608695652,7.92677345537757,2.47491905157765,0.119184025482588,1,1,"BAIAP2",1
"GO:0061458","reproductive system development","1/19","23/3464",0.0434782608695652,7.92677345537757,2.47491905157765,0.119184025482588,1,1,"FLNA",1
"GO:0070252","actin-mediated cell contraction","1/19","23/3464",0.0434782608695652,7.92677345537757,2.47491905157765,0.119184025482588,1,1,"FLNA",1
"GO:0071229","cellular response to acid chemical","1/19","23/3464",0.0434782608695652,7.92677345537757,2.47491905157765,0.119184025482588,1,1,"BAIAP2",1
"GO:0009057","macromolecule catabolic process","5/19","493/3464",0.0101419878296146,1.84904451798868,1.51151001502242,0.121564117635574,1,1,"IDS/UBC/CANX/FLNA/ZFP36L1",5
"GO:0006029","proteoglycan metabolic process","1/19","24/3464",0.0416666666666667,7.59649122807017,2.40795198052705,0.124047583609828,1,1,"IDS",1
"GO:0006754","ATP biosynthetic process","1/19","24/3464",0.0416666666666667,7.59649122807017,2.40795198052705,0.124047583609828,1,1,"ALDOA",1
"GO:0007548","sex differentiation","1/19","24/3464",0.0416666666666667,7.59649122807017,2.40795198052705,0.124047583609828,1,1,"FLNA",1
"GO:0008037","cell recognition","1/19","24/3464",0.0416666666666667,7.59649122807017,2.40795198052705,0.124047583609828,1,1,"ALDOA",1
"GO:0048814","regulation of dendrite morphogenesis","1/19","24/3464",0.0416666666666667,7.59649122807017,2.40795198052705,0.124047583609828,1,1,"BAIAP2",1
"GO:0071326","cellular response to monosaccharide stimulus","1/19","24/3464",0.0416666666666667,7.59649122807017,2.40795198052705,0.124047583609828,1,1,"ALDOA",1
"GO:0071331","cellular response to hexose stimulus","1/19","24/3464",0.0416666666666667,7.59649122807017,2.40795198052705,0.124047583609828,1,1,"ALDOA",1
"GO:0071333","cellular response to glucose stimulus","1/19","24/3464",0.0416666666666667,7.59649122807017,2.40795198052705,0.124047583609828,1,1,"ALDOA",1
"GO:0099565","chemical synaptic transmission, postsynaptic","1/19","24/3464",0.0416666666666667,7.59649122807017,2.40795198052705,0.124047583609828,1,1,"BAIAP2",1
"GO:0006954","inflammatory response","2/19","113/3464",0.0176991150442478,3.2268281322776,1.78709294449805,0.125914300773205,1,1,"PER1/HRH1",2
"GO:0050807","regulation of synapse organization","2/19","113/3464",0.0176991150442478,3.2268281322776,1.78709294449805,0.125914300773205,1,1,"BAIAP2/NRN1",2
"GO:0030182","neuron differentiation","4/19","360/3464",0.0111111111111111,2.02573099415205,1.5266247741517,0.127304239061921,1,1,"BAIAP2/ATP1B2/NRN1/OLFM1",4
"GO:0050803","regulation of synapse structure or activity","2/19","114/3464",0.0175438596491228,3.19852262234534,1.77243123171947,0.127753816808963,1,1,"BAIAP2/NRN1",2
"GO:0007229","integrin-mediated signaling pathway","1/19","25/3464",0.04,7.29263157894737,2.34473979829844,0.128885692886401,1,1,"FLNA",1
"GO:0031503","protein-containing complex localization","1/19","25/3464",0.04,7.29263157894737,2.34473979829844,0.128885692886401,1,1,"OLFM1",1
"GO:0043367","CD4-positive, alpha-beta T cell differentiation","1/19","25/3464",0.04,7.29263157894737,2.34473979829844,0.128885692886401,1,1,"JUNB",1
"GO:0045445","myoblast differentiation","1/19","25/3464",0.04,7.29263157894737,2.34473979829844,0.128885692886401,1,1,"ZFP36L1",1
"GO:0051262","protein tetramerization","1/19","25/3464",0.04,7.29263157894737,2.34473979829844,0.128885692886401,1,1,"ALDOA",1
"GO:0060048","cardiac muscle contraction","1/19","25/3464",0.04,7.29263157894737,2.34473979829844,0.128885692886401,1,1,"FLNA",1
"GO:0060998","regulation of dendritic spine development","1/19","25/3464",0.04,7.29263157894737,2.34473979829844,0.128885692886401,1,1,"BAIAP2",1
"GO:0072583","clathrin-dependent endocytosis","1/19","25/3464",0.04,7.29263157894737,2.34473979829844,0.128885692886401,1,1,"CANX",1
"GO:1900182","positive regulation of protein localization to nucleus","1/19","25/3464",0.04,7.29263157894737,2.34473979829844,0.128885692886401,1,1,"FLNA",1
"GO:0006163","purine nucleotide metabolic process","2/19","115/3464",0.0173913043478261,3.17070938215103,1.75792953537513,0.129600194280839,1,1,"ALDOA/PFKFB3",2
"GO:0003012","muscle system process","2/19","116/3464",0.0172413793103448,3.14337568058076,1.74358450900475,0.131453313357162,1,1,"ALDOA/FLNA",2
"GO:0015980","energy derivation by oxidation of organic compounds","2/19","117/3464",0.0170940170940171,3.11650922177238,1.72939290491734,0.133313055185159,1,1,"ALDOA/PFKFB3",2
"GO:0043434","response to peptide hormone","2/19","117/3464",0.0170940170940171,3.11650922177238,1.72939290491734,0.133313055185159,1,1,"BAIAP2/ZFP36L1",2
"GO:0006094","gluconeogenesis","1/19","26/3464",0.0384615384615385,7.01214574898785,2.2849235368678,0.133698479113549,1,1,"PFKFB3",1
"GO:0019080","viral gene expression","1/19","26/3464",0.0384615384615385,7.01214574898785,2.2849235368678,0.133698479113549,1,1,"CANX",1
"GO:0019319","hexose biosynthetic process","1/19","26/3464",0.0384615384615385,7.01214574898785,2.2849235368678,0.133698479113549,1,1,"PFKFB3",1
"GO:0030218","erythrocyte differentiation","1/19","26/3464",0.0384615384615385,7.01214574898785,2.2849235368678,0.133698479113549,1,1,"ZFP36L1",1
"GO:0033143","regulation of intracellular steroid hormone receptor signaling pathway","1/19","26/3464",0.0384615384615385,7.01214574898785,2.2849235368678,0.133698479113549,1,1,"PER1",1
"GO:0034446","substrate adhesion-dependent cell spreading","1/19","26/3464",0.0384615384615385,7.01214574898785,2.2849235368678,0.133698479113549,1,1,"FLNA",1
"GO:0043200","response to amino acid","1/19","26/3464",0.0384615384615385,7.01214574898785,2.2849235368678,0.133698479113549,1,1,"BAIAP2",1
"GO:0046364","monosaccharide biosynthetic process","1/19","26/3464",0.0384615384615385,7.01214574898785,2.2849235368678,0.133698479113549,1,1,"PFKFB3",1
"GO:0050714","positive regulation of protein secretion","1/19","26/3464",0.0384615384615385,7.01214574898785,2.2849235368678,0.133698479113549,1,1,"ALDOA",1
"GO:0030163","protein catabolic process","4/19","369/3464",0.010840108401084,1.97632292112395,1.47327824144362,0.136164934104491,1,1,"IDS/UBC/CANX/FLNA",4
"GO:0070201","regulation of establishment of protein localization","2/19","119/3464",0.0168067226890756,3.0641309155241,1.70145744439765,0.137051936542331,1,1,"ALDOA/FLNA",2
"GO:0002819","regulation of adaptive immune response","1/19","27/3464",0.037037037037037,6.75243664717349,2.22819088616122,0.138486067507046,1,1,"JUNB",1
"GO:0002822","regulation of adaptive immune response based on somatic recombination of immune receptors built from immunoglobulin superfamily domains","1/19","27/3464",0.037037037037037,6.75243664717349,2.22819088616122,0.138486067507046,1,1,"JUNB",1
"GO:0003007","heart morphogenesis","1/19","27/3464",0.037037037037037,6.75243664717349,2.22819088616122,0.138486067507046,1,1,"OLFM1",1
"GO:0010811","positive regulation of cell-substrate adhesion","1/19","27/3464",0.037037037037037,6.75243664717349,2.22819088616122,0.138486067507046,1,1,"FLNA",1
"GO:0035710","CD4-positive, alpha-beta T cell activation","1/19","27/3464",0.037037037037037,6.75243664717349,2.22819088616122,0.138486067507046,1,1,"JUNB",1
"GO:0090307","mitotic spindle assembly","1/19","27/3464",0.037037037037037,6.75243664717349,2.22819088616122,0.138486067507046,1,1,"FLNA",1
"GO:0097553","calcium ion transmembrane import into cytosol","1/19","27/3464",0.037037037037037,6.75243664717349,2.22819088616122,0.138486067507046,1,1,"FLNA",1
"GO:0031346","positive regulation of cell projection organization","2/19","120/3464",0.0166666666666667,3.03859649122807,1.68770755360894,0.138930843204728,1,1,"BAIAP2/ATP1B2",2
"GO:0001101","response to acid chemical","1/19","28/3464",0.0357142857142857,6.51127819548872,2.174268654652,0.143248582699762,1,1,"BAIAP2",1
"GO:0001508","action potential","1/19","28/3464",0.0357142857142857,6.51127819548872,2.174268654652,0.143248582699762,1,1,"FLNA",1
"GO:0007596","blood coagulation","1/19","28/3464",0.0357142857142857,6.51127819548872,2.174268654652,0.143248582699762,1,1,"FLNA",1
"GO:0009145","purine nucleoside triphosphate biosynthetic process","1/19","28/3464",0.0357142857142857,6.51127819548872,2.174268654652,0.143248582699762,1,1,"ALDOA",1
"GO:0009206","purine ribonucleoside triphosphate biosynthetic process","1/19","28/3464",0.0357142857142857,6.51127819548872,2.174268654652,0.143248582699762,1,1,"ALDOA",1
"GO:0032231","regulation of actin filament bundle assembly","1/19","28/3464",0.0357142857142857,6.51127819548872,2.174268654652,0.143248582699762,1,1,"FLNA",1
"GO:0034101","erythrocyte homeostasis","1/19","28/3464",0.0357142857142857,6.51127819548872,2.174268654652,0.143248582699762,1,1,"ZFP36L1",1
"GO:0034763","negative regulation of transmembrane transport","1/19","28/3464",0.0357142857142857,6.51127819548872,2.174268654652,0.143248582699762,1,1,"PEA15",1
"GO:0046632","alpha-beta T cell differentiation","1/19","28/3464",0.0357142857142857,6.51127819548872,2.174268654652,0.143248582699762,1,1,"JUNB",1
"GO:0050796","regulation of insulin secretion","1/19","28/3464",0.0357142857142857,6.51127819548872,2.174268654652,0.143248582699762,1,1,"ALDOA",1
"GO:0050817","coagulation","1/19","28/3464",0.0357142857142857,6.51127819548872,2.174268654652,0.143248582699762,1,1,"FLNA",1
"GO:2001236","regulation of extrinsic apoptotic signaling pathway","1/19","28/3464",0.0357142857142857,6.51127819548872,2.174268654652,0.143248582699762,1,1,"PEA15",1
"GO:0051094","positive regulation of developmental process","3/19","243/3464",0.0123456790123457,2.2508122157245,1.50144117464509,0.144114539740289,1,1,"BAIAP2/ZFP36L1/OLFM1",3
"GO:0016049","cell growth","2/19","123/3464",0.016260162601626,2.96448438168592,1.64729481481504,0.144604049966304,1,1,"NRN1/OLFM1",2
"GO:0000288","nuclear-transcribed mRNA catabolic process, deadenylation-dependent decay","1/19","29/3464",0.0344827586206897,6.28675136116152,2.12291666923815,0.147986148744205,1,1,"ZFP36L1",1
"GO:0001678","intracellular glucose homeostasis","1/19","29/3464",0.0344827586206897,6.28675136116152,2.12291666923815,0.147986148744205,1,1,"ALDOA",1
"GO:0009201","ribonucleoside triphosphate biosynthetic process","1/19","29/3464",0.0344827586206897,6.28675136116152,2.12291666923815,0.147986148744205,1,1,"ALDOA",1
"GO:0009746","response to hexose","1/19","29/3464",0.0344827586206897,6.28675136116152,2.12291666923815,0.147986148744205,1,1,"ALDOA",1
"GO:0009749","response to glucose","1/19","29/3464",0.0344827586206897,6.28675136116152,2.12291666923815,0.147986148744205,1,1,"ALDOA",1
"GO:0021987","cerebral cortex development","1/19","29/3464",0.0344827586206897,6.28675136116152,2.12291666923815,0.147986148744205,1,1,"FLNA",1
"GO:0031123","RNA 3'-end processing","1/19","29/3464",0.0344827586206897,6.28675136116152,2.12291666923815,0.147986148744205,1,1,"ZFP36L1",1
"GO:0031644","regulation of nervous system process","1/19","29/3464",0.0344827586206897,6.28675136116152,2.12291666923815,0.147986148744205,1,1,"BAIAP2",1
"GO:0033209","tumor necrosis factor-mediated signaling pathway","1/19","29/3464",0.0344827586206897,6.28675136116152,2.12291666923815,0.147986148744205,1,1,"PPP2CB",1
"GO:0060078","regulation of postsynaptic membrane potential","1/19","29/3464",0.0344827586206897,6.28675136116152,2.12291666923815,0.147986148744205,1,1,"BAIAP2",1
"GO:0009117","nucleotide metabolic process","2/19","125/3464",0.016,2.91705263157895,1.62102333422365,0.14841546468607,1,1,"ALDOA/PFKFB3",2
"GO:0006091","generation of precursor metabolites and energy","2/19","126/3464",0.0158730158730159,2.89390142021721,1.60808095779195,0.150329621375562,1,1,"ALDOA/PFKFB3",2
"GO:0007409","axonogenesis","2/19","126/3464",0.0158730158730159,2.89390142021721,1.60808095779195,0.150329621375562,1,1,"BAIAP2/OLFM1",2
"GO:0000278","mitotic cell cycle","3/19","249/3464",0.0120481927710843,2.19657577679138,1.45531774520019,0.151939491983434,1,1,"FLNA/ZFP36L1/PPP2CB",3
"GO:0032787","monocarboxylic acid metabolic process","2/19","127/3464",0.015748031496063,2.87111479486117,1.59526421433728,0.152249264779016,1,1,"ALDOA/PFKFB3",2
"GO:0007599","hemostasis","1/19","30/3464",0.0333333333333333,6.07719298245614,2.07392280035082,0.152698889115052,1,1,"FLNA",1
"GO:0008544","epidermis development","1/19","30/3464",0.0333333333333333,6.07719298245614,2.07392280035082,0.152698889115052,1,1,"ZFP36L1",1
"GO:0032273","positive regulation of protein polymerization","1/19","30/3464",0.0333333333333333,6.07719298245614,2.07392280035082,0.152698889115052,1,1,"BAIAP2",1
"GO:0034284","response to monosaccharide","1/19","30/3464",0.0333333333333333,6.07719298245614,2.07392280035082,0.152698889115052,1,1,"ALDOA",1
"GO:0031647","regulation of protein stability","2/19","128/3464",0.015625,2.84868421052632,1.58257072941196,0.154174286409109,1,1,"ATP1B2/FLNA",2
"GO:0046649","lymphocyte activation","2/19","129/3464",0.0155038759689922,2.8266013871889,1.56999819201913,0.156104578685105,1,1,"ZFP36L1/JUNB",2
"GO:0032880","regulation of protein localization","3/19","253/3464",0.0118577075098814,2.16184730601207,1.425271484465,0.157237533909581,1,1,"ALDOA/FLNA/OLFM1",3
"GO:0002064","epithelial cell development","1/19","31/3464",0.032258064516129,5.8811544991511,2.02709887477746,0.157386926711678,1,1,"FLNA",1
"GO:0002573","myeloid leukocyte differentiation","1/19","31/3464",0.032258064516129,5.8811544991511,2.02709887477746,0.157386926711678,1,1,"ZFP36L1",1
"GO:0002791","regulation of peptide secretion","1/19","31/3464",0.032258064516129,5.8811544991511,2.02709887477746,0.157386926711678,1,1,"ALDOA",1
"GO:0009142","nucleoside triphosphate biosynthetic process","1/19","31/3464",0.032258064516129,5.8811544991511,2.02709887477746,0.157386926711678,1,1,"ALDOA",1
"GO:0060997","dendritic spine morphogenesis","1/19","31/3464",0.032258064516129,5.8811544991511,2.02709887477746,0.157386926711678,1,1,"BAIAP2",1
"GO:0090087","regulation of peptide transport","1/19","31/3464",0.032258064516129,5.8811544991511,2.02709887477746,0.157386926711678,1,1,"ALDOA",1
"GO:0090276","regulation of peptide hormone secretion","1/19","31/3464",0.032258064516129,5.8811544991511,2.02709887477746,0.157386926711678,1,1,"ALDOA",1
"GO:0097120","receptor localization to synapse","1/19","31/3464",0.032258064516129,5.8811544991511,2.02709887477746,0.157386926711678,1,1,"OLFM1",1
"GO:0043254","regulation of protein-containing complex assembly","2/19","131/3464",0.0152671755725191,2.78344716753716,1.54520702011251,0.15998054934993,1,1,"BAIAP2/PPP2CB",2
"GO:0007010","cytoskeleton organization","4/19","393/3464",0.0101781170483461,1.85563144502478,1.33767785325157,0.161075089993952,1,1,"ALDOA/BAIAP2/FLNA/PPP2CB",4
"GO:0048871","multicellular organismal-level homeostasis","2/19","132/3464",0.0151515151515152,2.76236044657097,1.5329840616959,0.161926017058039,1,1,"ATP1B2/ZFP36L1",2
"GO:0001837","epithelial to mesenchymal transition","1/19","32/3464",0.03125,5.69736842105263,1.98227729473851,0.162050383860667,1,1,"OLFM1",1
"GO:0007265","Ras protein signal transduction","1/19","32/3464",0.03125,5.69736842105263,1.98227729473851,0.162050383860667,1,1,"PPP2CB",1
"GO:0030048","actin filament-based movement","1/19","32/3464",0.03125,5.69736842105263,1.98227729473851,0.162050383860667,1,1,"FLNA",1
"GO:0030516","regulation of axon extension","1/19","32/3464",0.03125,5.69736842105263,1.98227729473851,0.162050383860667,1,1,"OLFM1",1
"GO:0061351","neural precursor cell proliferation","1/19","32/3464",0.03125,5.69736842105263,1.98227729473851,0.162050383860667,1,1,"FLNA",1
"GO:0090316","positive regulation of intracellular protein transport","1/19","32/3464",0.03125,5.69736842105263,1.98227729473851,0.162050383860667,1,1,"FLNA",1
"GO:0050804","modulation of chemical synaptic transmission","2/19","133/3464",0.0150375939849624,2.74159081915315,1.52087339908525,0.163876334039139,1,1,"BAIAP2/NRN1",2
"GO:1903829","positive regulation of protein localization","2/19","133/3464",0.0150375939849624,2.74159081915315,1.52087339908525,0.163876334039139,1,1,"ALDOA/FLNA",2
"GO:1990778","protein localization to cell periphery","2/19","133/3464",0.0150375939849624,2.74159081915315,1.52087339908525,0.163876334039139,1,1,"FLNA/OLFM1",2
"GO:0002262","myeloid cell homeostasis","1/19","33/3464",0.0303030303030303,5.52472089314195,1.93930822327086,0.166689382318314,1,1,"ZFP36L1",1
"GO:0030073","insulin secretion","1/19","33/3464",0.0303030303030303,5.52472089314195,1.93930822327086,0.166689382318314,1,1,"ALDOA",1
"GO:0031113","regulation of microtubule polymerization","1/19","33/3464",0.0303030303030303,5.52472089314195,1.93930822327086,0.166689382318314,1,1,"PPP2CB",1
"GO:0035725","sodium ion transmembrane transport","1/19","33/3464",0.0303030303030303,5.52472089314195,1.93930822327086,0.166689382318314,1,1,"ATP1B2",1
"GO:1902107","positive regulation of leukocyte differentiation","1/19","33/3464",0.0303030303030303,5.52472089314195,1.93930822327086,0.166689382318314,1,1,"ZFP36L1",1
"GO:1903708","positive regulation of hemopoiesis","1/19","33/3464",0.0303030303030303,5.52472089314195,1.93930822327086,0.166689382318314,1,1,"ZFP36L1",1
"GO:0099177","regulation of trans-synaptic signaling","2/19","135/3464",0.0148148148148148,2.7009746588694,1.4969809142302,0.167791104154885,1,1,"BAIAP2/NRN1",2
"GO:0001894","tissue homeostasis","1/19","34/3464",0.0294117647058824,5.36222910216718,1.89805722703732,0.171304043273124,1,1,"ATP1B2",1
"GO:0045637","regulation of myeloid cell differentiation","1/19","34/3464",0.0294117647058824,5.36222910216718,1.89805722703732,0.171304043273124,1,1,"ZFP36L1",1
"GO:0046631","alpha-beta T cell activation","1/19","34/3464",0.0294117647058824,5.36222910216718,1.89805722703732,0.171304043273124,1,1,"JUNB",1
"GO:0046822","regulation of nucleocytoplasmic transport","1/19","34/3464",0.0294117647058824,5.36222910216718,1.89805722703732,0.171304043273124,1,1,"FLNA",1
"GO:0050773","regulation of dendrite development","1/19","34/3464",0.0294117647058824,5.36222910216718,1.89805722703732,0.171304043273124,1,1,"BAIAP2",1
"GO:0060249","anatomical structure homeostasis","1/19","34/3464",0.0294117647058824,5.36222910216718,1.89805722703732,0.171304043273124,1,1,"ATP1B2",1
"GO:0071345","cellular response to cytokine stimulus","2/19","137/3464",0.0145985401459854,2.6615443718786,1.47351397789532,0.171724045054273,1,1,"ZFP36L1/PPP2CB",2
"GO:0045944","positive regulation of transcription by RNA polymerase II","3/19","264/3464",0.0113636363636364,2.07177033492823,1.34535575122216,0.172124193059455,1,1,"CEBPD/JUNB/PER1",3
"GO:0055082","intracellular chemical homeostasis","2/19","138/3464",0.0144927536231884,2.64225781845919,1.46193543224816,0.173697078743504,1,1,"ALDOA/ATP1B2",2
"GO:0061564","axon development","2/19","139/3464",0.0143884892086331,2.62324876940553,1.45045777627302,0.17567435586979,1,1,"BAIAP2/OLFM1",2
"GO:0007188","adenylate cyclase-modulating G protein-coupled receptor signaling pathway","1/19","35/3464",0.0285714285714286,5.20902255639098,1.85840329115374,0.175894487348287,1,1,"FLNA",1
"GO:0042752","regulation of circadian rhythm","1/19","35/3464",0.0285714285714286,5.20902255639098,1.85840329115374,0.175894487348287,1,1,"PER1",1
"GO:0046883","regulation of hormone secretion","1/19","35/3464",0.0285714285714286,5.20902255639098,1.85840329115374,0.175894487348287,1,1,"ALDOA",1
"GO:0048488","synaptic vesicle endocytosis","1/19","35/3464",0.0285714285714286,5.20902255639098,1.85840329115374,0.175894487348287,1,1,"CANX",1
"GO:0042127","regulation of cell population proliferation","3/19","267/3464",0.0112359550561798,2.04849201655825,1.32421308103894,0.176260785908138,1,1,"FLNA/ZFP36L1/JUNB",3
"GO:0044089","positive regulation of cellular component biogenesis","2/19","141/3464",0.0141843971631206,2.58603956700261,1.42779822032882,0.179641249331697,1,1,"BAIAP2/FLNA",2
"GO:0002285","lymphocyte activation involved in immune response","1/19","36/3464",0.0277777777777778,5.06432748538012,1.82023713852157,0.180460834604159,1,1,"JUNB",1
"GO:0030833","regulation of actin filament polymerization","1/19","36/3464",0.0277777777777778,5.06432748538012,1.82023713852157,0.180460834604159,1,1,"BAIAP2",1
"GO:0042113","B cell activation","1/19","36/3464",0.0277777777777778,5.06432748538012,1.82023713852157,0.180460834604159,1,1,"ZFP36L1",1
"GO:0061387","regulation of extent of cell growth","1/19","36/3464",0.0277777777777778,5.06432748538012,1.82023713852157,0.180460834604159,1,1,"OLFM1",1
"GO:0009888","tissue development","3/19","272/3464",0.0110294117647059,2.01083591331269,1.28956164354279,0.18322392093792,1,1,"FLNA/ZFP36L1/OLFM1",3
"GO:2000026","regulation of multicellular organismal development","3/19","272/3464",0.0110294117647059,2.01083591331269,1.28956164354279,0.18322392093792,1,1,"BAIAP2/ZFP36L1/JUNB",3
"GO:0060429","epithelium development","2/19","143/3464",0.013986013986014,2.54987118145013,1.4055219004935,0.183623951592364,1,1,"FLNA/ZFP36L1",2
"GO:0002790","peptide secretion","1/19","37/3464",0.027027027027027,4.92745376955903,1.78345979991369,0.185003204540717,1,1,"ALDOA",1
"GO:0006470","protein dephosphorylation","1/19","37/3464",0.027027027027027,4.92745376955903,1.78345979991369,0.185003204540717,1,1,"PPP2CB",1
"GO:0009152","purine ribonucleotide biosynthetic process","1/19","37/3464",0.027027027027027,4.92745376955903,1.78345979991369,0.185003204540717,1,1,"ALDOA",1
"GO:0030072","peptide hormone secretion","1/19","37/3464",0.027027027027027,4.92745376955903,1.78345979991369,0.185003204540717,1,1,"ALDOA",1
"GO:0046328","regulation of JNK cascade","1/19","37/3464",0.027027027027027,4.92745376955903,1.78345979991369,0.185003204540717,1,1,"PER1",1
"GO:0097191","extrinsic apoptotic signaling pathway","1/19","37/3464",0.027027027027027,4.92745376955903,1.78345979991369,0.185003204540717,1,1,"PEA15",1
"GO:0140238","presynaptic endocytosis","1/19","37/3464",0.027027027027027,4.92745376955903,1.78345979991369,0.185003204540717,1,1,"CANX",1
"GO:0010638","positive regulation of organelle organization","2/19","144/3464",0.0138888888888889,2.53216374269006,1.39452343904546,0.185620992822161,1,1,"BAIAP2/FLNA",2
"GO:0010975","regulation of neuron projection development","2/19","144/3464",0.0138888888888889,2.53216374269006,1.39452343904546,0.185620992822161,1,1,"BAIAP2/ATP1B2",2
"GO:0072521","purine-containing compound metabolic process","2/19","144/3464",0.0138888888888889,2.53216374269006,1.39452343904546,0.185620992822161,1,1,"ALDOA/PFKFB3",2
"GO:0001959","regulation of cytokine-mediated signaling pathway","1/19","39/3464",0.0256410256410256,4.67476383265857,1.7137200666366,0.19401648766864,1,1,"PPP2CB",1
"GO:0007049","cell cycle","4/19","425/3464",0.00941176470588235,1.7159133126935,1.17003266480416,0.196914963658235,1,1,"FLNA/ZFP36L1/JUNB/PPP2CB",4
"GO:0045321","leukocyte activation","2/19","150/3464",0.0133333333333333,2.43087719298246,1.33039367674429,0.197677040178816,1,1,"ZFP36L1/JUNB",2
"GO:0008064","regulation of actin polymerization or depolymerization","1/19","40/3464",0.025,4.5578947368421,1.68060110895638,0.198487637080114,1,1,"BAIAP2",1
"GO:0021543","pallium development","1/19","40/3464",0.025,4.5578947368421,1.68060110895638,0.198487637080114,1,1,"FLNA",1
"GO:0030518","nuclear receptor-mediated steroid hormone signaling pathway","1/19","40/3464",0.025,4.5578947368421,1.68060110895638,0.198487637080114,1,1,"PER1",1
"GO:0030832","regulation of actin filament length","1/19","40/3464",0.025,4.5578947368421,1.68060110895638,0.198487637080114,1,1,"BAIAP2",1
"GO:0043401","steroid hormone receptor signaling pathway","1/19","40/3464",0.025,4.5578947368421,1.68060110895638,0.198487637080114,1,1,"PER1",1
"GO:0060996","dendritic spine development","1/19","40/3464",0.025,4.5578947368421,1.68060110895638,0.198487637080114,1,1,"BAIAP2",1
"GO:0097061","dendritic spine organization","1/19","40/3464",0.025,4.5578947368421,1.68060110895638,0.198487637080114,1,1,"BAIAP2",1
"GO:1900180","regulation of protein localization to nucleus","1/19","40/3464",0.025,4.5578947368421,1.68060110895638,0.198487637080114,1,1,"FLNA",1
"GO:0007009","plasma membrane organization","1/19","41/3464",0.024390243902439,4.44672657252888,1.64855615165257,0.202935281617345,1,1,"BAIAP2",1
"GO:0009260","ribonucleotide biosynthetic process","1/19","41/3464",0.024390243902439,4.44672657252888,1.64855615165257,0.202935281617345,1,1,"ALDOA",1
"GO:0036465","synaptic vesicle recycling","1/19","41/3464",0.024390243902439,4.44672657252888,1.64855615165257,0.202935281617345,1,1,"CANX",1
"GO:0043409","negative regulation of MAPK cascade","1/19","41/3464",0.024390243902439,4.44672657252888,1.64855615165257,0.202935281617345,1,1,"PER1",1
"GO:0045580","regulation of T cell differentiation","1/19","41/3464",0.024390243902439,4.44672657252888,1.64855615165257,0.202935281617345,1,1,"JUNB",1
"GO:0046879","hormone secretion","1/19","41/3464",0.024390243902439,4.44672657252888,1.64855615165257,0.202935281617345,1,1,"ALDOA",1
"GO:0050878","regulation of body fluid levels","1/19","41/3464",0.024390243902439,4.44672657252888,1.64855615165257,0.202935281617345,1,1,"FLNA",1
"GO:0060759","regulation of response to cytokine stimulus","1/19","41/3464",0.024390243902439,4.44672657252888,1.64855615165257,0.202935281617345,1,1,"PPP2CB",1
"GO:1901991","negative regulation of mitotic cell cycle phase transition","1/19","41/3464",0.024390243902439,4.44672657252888,1.64855615165257,0.202935281617345,1,1,"ZFP36L1",1
"GO:0007420","brain development","2/19","153/3464",0.0130718954248366,2.38321293429653,1.29946204634642,0.203748428026026,1,1,"ATP1B2/FLNA",2
"GO:0002460","adaptive immune response based on somatic recombination of immune receptors built from immunoglobulin superfamily domains","1/19","42/3464",0.0238095238095238,4.34085213032581,1.61752249613955,0.207359538015028,1,1,"JUNB",1
"GO:0009914","hormone transport","1/19","42/3464",0.0238095238095238,4.34085213032581,1.61752249613955,0.207359538015028,1,1,"ALDOA",1
"GO:0015833","peptide transport","1/19","42/3464",0.0238095238095238,4.34085213032581,1.61752249613955,0.207359538015028,1,1,"ALDOA",1
"GO:0045444","fat cell differentiation","1/19","42/3464",0.0238095238095238,4.34085213032581,1.61752249613955,0.207359538015028,1,1,"ZFP36L1",1
"GO:0034097","response to cytokine","2/19","155/3464",0.0129032258064516,2.35246179966044,1.27923668685346,0.207810462264637,1,1,"ZFP36L1/PPP2CB",2
"GO:0120031","plasma membrane bounded cell projection assembly","2/19","155/3464",0.0129032258064516,2.35246179966044,1.27923668685346,0.207810462264637,1,1,"BAIAP2/FLNA",2
"GO:0007155","cell adhesion","3/19","290/3464",0.0103448275862069,1.88602540834846,1.1704426724966,0.208945014878103,1,1,"BAIAP2/ATP1B2/FLNA",3
"GO:0051604","protein maturation","2/19","156/3464",0.0128205128205128,2.33738191632928,1.26923905886093,0.209845554198843,1,1,"CANX/FLNA",2
"GO:0072657","protein localization to membrane","2/19","156/3464",0.0128205128205128,2.33738191632928,1.26923905886093,0.209845554198843,1,1,"FLNA/OLFM1",2
"GO:0031110","regulation of microtubule polymerization or depolymerization","1/19","43/3464",0.0232558139534884,4.23990208078335,1.58744251925463,0.211760522462051,1,1,"PPP2CB",1
"GO:0033500","carbohydrate homeostasis","1/19","43/3464",0.0232558139534884,4.23990208078335,1.58744251925463,0.211760522462051,1,1,"ALDOA",1
"GO:0036503","ERAD pathway","1/19","43/3464",0.0232558139534884,4.23990208078335,1.58744251925463,0.211760522462051,1,1,"CANX",1
"GO:0042593","glucose homeostasis","1/19","43/3464",0.0232558139534884,4.23990208078335,1.58744251925463,0.211760522462051,1,1,"ALDOA",1
"GO:0048675","axon extension","1/19","43/3464",0.0232558139534884,4.23990208078335,1.58744251925463,0.211760522462051,1,1,"OLFM1",1
"GO:0050779","RNA destabilization","1/19","43/3464",0.0232558139534884,4.23990208078335,1.58744251925463,0.211760522462051,1,1,"ZFP36L1",1
"GO:0051225","spindle assembly","1/19","43/3464",0.0232558139534884,4.23990208078335,1.58744251925463,0.211760522462051,1,1,"FLNA",1
"GO:0061157","mRNA destabilization","1/19","43/3464",0.0232558139534884,4.23990208078335,1.58744251925463,0.211760522462051,1,1,"ZFP36L1",1
"GO:0106027","neuron projection organization","1/19","43/3464",0.0232558139534884,4.23990208078335,1.58744251925463,0.211760522462051,1,1,"BAIAP2",1
"GO:0060322","head development","2/19","157/3464",0.0127388535031847,2.32249413342273,1.25931656491517,0.211883249831432,1,1,"ATP1B2/FLNA",2
"GO:1901652","response to peptide","2/19","157/3464",0.0127388535031847,2.32249413342273,1.25931656491517,0.211883249831432,1,1,"ZFP36L1/PPP2CB",2
"GO:0071495","cellular response to endogenous stimulus","3/19","293/3464",0.0102389078498294,1.86671456798994,1.15138407582201,0.213322510387265,1,1,"BAIAP2/ZFP36L1/PER1",3
"GO:0030031","cell projection assembly","2/19","158/3464",0.0126582278481013,2.30779480346436,1.24946806160593,0.213923465467846,1,1,"BAIAP2/FLNA",2
"GO:0098655","monoatomic cation transmembrane transport","2/19","159/3464",0.0125786163522013,2.29328037073817,1.23969243020938,0.215966118158862,1,1,"ATP1B2/FLNA",2
"GO:0030041","actin filament polymerization","1/19","44/3464",0.0227272727272727,4.14354066985646,1.55826315449713,0.216138350603887,1,1,"BAIAP2",1
"GO:0046390","ribose phosphate biosynthetic process","1/19","44/3464",0.0227272727272727,4.14354066985646,1.55826315449713,0.216138350603887,1,1,"ALDOA",1
"GO:0051260","protein homooligomerization","1/19","44/3464",0.0227272727272727,4.14354066985646,1.55826315449713,0.216138350603887,1,1,"ALDOA",1
"GO:0048513","animal organ development","4/19","442/3464",0.00904977375565611,1.64991664682067,1.08625052369183,0.217021288386299,1,1,"ATP1B2/FLNA/ZFP36L1/OLFM1",4
"GO:0051254","positive regulation of RNA metabolic process","4/19","442/3464",0.00904977375565611,1.64991664682067,1.08625052369183,0.217021288386299,1,1,"CEBPD/ZFP36L1/JUNB/PER1",4
"GO:0032940","secretion by cell","2/19","161/3464",0.0124223602484472,2.26479241582216,1.22035542759147,0.220058406604936,1,1,"ALDOA/CANX",2
"GO:0040007","growth","2/19","161/3464",0.0124223602484472,2.26479241582216,1.22035542759147,0.220058406604936,1,1,"NRN1/OLFM1",2
"GO:0016051","carbohydrate biosynthetic process","1/19","45/3464",0.0222222222222222,4.05146198830409,1.52993543677244,0.220493137544977,1,1,"PFKFB3",1
"GO:0061014","positive regulation of mRNA catabolic process","1/19","45/3464",0.0222222222222222,4.05146198830409,1.52993543677244,0.220493137544977,1,1,"ZFP36L1",1
"GO:0019725","cellular homeostasis","2/19","162/3464",0.0123456790123457,2.2508122157245,1.21079193628566,0.222107880144005,1,1,"ALDOA/ATP1B2",2
"GO:0071363","cellular response to growth factor stimulus","2/19","162/3464",0.0123456790123457,2.2508122157245,1.21079193628566,0.222107880144005,1,1,"BAIAP2/ZFP36L1",2
"GO:0002366","leukocyte activation involved in immune response","1/19","46/3464",0.0217391304347826,3.96338672768879,1.50241410164294,0.224824997851103,1,1,"JUNB",1
"GO:0033157","regulation of intracellular protein transport","1/19","46/3464",0.0217391304347826,3.96338672768879,1.50241410164294,0.224824997851103,1,1,"FLNA",1
"GO:0042177","negative regulation of protein catabolic process","1/19","46/3464",0.0217391304347826,3.96338672768879,1.50241410164294,0.224824997851103,1,1,"FLNA",1
"GO:0050708","regulation of protein secretion","1/19","46/3464",0.0217391304347826,3.96338672768879,1.50241410164294,0.224824997851103,1,1,"ALDOA",1
"GO:0071456","cellular response to hypoxia","1/19","46/3464",0.0217391304347826,3.96338672768879,1.50241410164294,0.224824997851103,1,1,"ZFP36L1",1
"GO:0042592","homeostatic process","3/19","303/3464",0.0099009900990099,1.80510682647212,1.08935895660865,0.228079649865926,1,1,"ALDOA/ATP1B2/ZFP36L1",3
"GO:0048667","cell morphogenesis involved in neuron differentiation","2/19","165/3464",0.0121212121212121,2.20988835725678,1.18250924557141,0.228268659971171,1,1,"BAIAP2/OLFM1",2
"GO:0071705","nitrogen compound transport","2/19","165/3464",0.0121212121212121,2.20988835725678,1.18250924557141,0.228268659971171,1,1,"ALDOA/ZFP36L1",2
"GO:0006164","purine nucleotide biosynthetic process","1/19","47/3464",0.0212765957446809,3.87905935050392,1.47565723152828,0.229134045551755,1,1,"ALDOA",1
"GO:0046785","microtubule polymerization","1/19","47/3464",0.0212765957446809,3.87905935050392,1.47565723152828,0.229134045551755,1,1,"PPP2CB",1
"GO:0070371","ERK1 and ERK2 cascade","1/19","47/3464",0.0212765957446809,3.87905935050392,1.47565723152828,0.229134045551755,1,1,"ZFP36L1",1
"GO:0099072","regulation of postsynaptic membrane neurotransmitter receptor levels","1/19","47/3464",0.0212765957446809,3.87905935050392,1.47565723152828,0.229134045551755,1,1,"OLFM1",1
"GO:0006753","nucleoside phosphate metabolic process","2/19","167/3464",0.0119760479041916,2.18342262842736,1.16398414414522,0.232385361828752,1,1,"ALDOA/PFKFB3",2
"GO:0008283","cell population proliferation","3/19","306/3464",0.00980392156862745,1.78740970072239,1.07118342612313,0.23255313902969,1,1,"FLNA/ZFP36L1/JUNB",3
"GO:0007052","mitotic spindle organization","1/19","48/3464",0.0208333333333333,3.79824561403509,1.44962594248253,0.233420394142483,1,1,"FLNA",1
"GO:0031334","positive regulation of protein-containing complex assembly","1/19","48/3464",0.0208333333333333,3.79824561403509,1.44962594248253,0.233420394142483,1,1,"BAIAP2",1
"GO:0045930","negative regulation of mitotic cell cycle","1/19","48/3464",0.0208333333333333,3.79824561403509,1.44962594248253,0.233420394142483,1,1,"ZFP36L1",1
"GO:0051130","positive regulation of cellular component organization","3/19","307/3464",0.00977198697068404,1.78158751928682,1.06516759506087,0.234048761715475,1,1,"BAIAP2/ATP1B2/FLNA",3
"GO:0051248","negative regulation of protein metabolic process","2/19","168/3464",0.0119047619047619,2.17042606516291,1.15481776814342,0.234446335858784,1,1,"FLNA/ZFP36L1",2
"GO:0055086","nucleobase-containing small molecule metabolic process","2/19","168/3464",0.0119047619047619,2.17042606516291,1.15481776814342,0.234446335858784,1,1,"ALDOA/PFKFB3",2
"GO:0070848","response to growth factor","2/19","169/3464",0.0118343195266272,2.15758330738088,1.14571429423658,0.236508957374016,1,1,"BAIAP2/ZFP36L1",2
"GO:0001764","neuron migration","1/19","49/3464",0.0204081632653061,3.72073039742213,1.42428410615353,0.237684156587241,1,1,"FLNA",1
"GO:0002697","regulation of immune effector process","1/19","49/3464",0.0204081632653061,3.72073039742213,1.42428410615353,0.237684156587241,1,1,"JUNB",1
"GO:0017148","negative regulation of translation","1/19","49/3464",0.0204081632653061,3.72073039742213,1.42428410615353,0.237684156587241,1,1,"ZFP36L1",1
"GO:0010629","negative regulation of gene expression","3/19","311/3464",0.00964630225080386,1.75867321035708,1.04131324191486,0.240052717809971,1,1,"ZFP36L1/OLFM1/PPP2CB",3
"GO:0002263","cell activation involved in immune response","1/19","50/3464",0.02,3.64631578947368,1.39959810234193,0.241925445320723,1,1,"JUNB",1
"GO:0007254","JNK cascade","1/19","50/3464",0.02,3.64631578947368,1.39959810234193,0.241925445320723,1,1,"PER1",1
"GO:0008286","insulin receptor signaling pathway","1/19","50/3464",0.02,3.64631578947368,1.39959810234193,0.241925445320723,1,1,"BAIAP2",1
"GO:0016311","dephosphorylation","1/19","50/3464",0.02,3.64631578947368,1.39959810234193,0.241925445320723,1,1,"PPP2CB",1
"GO:0048762","mesenchymal cell differentiation","1/19","50/3464",0.02,3.64631578947368,1.39959810234193,0.241925445320723,1,1,"OLFM1",1
"GO:0050678","regulation of epithelial cell proliferation","1/19","50/3464",0.02,3.64631578947368,1.39959810234193,0.241925445320723,1,1,"ZFP36L1",1
"GO:0141193","nuclear receptor-mediated signaling pathway","1/19","50/3464",0.02,3.64631578947368,1.39959810234193,0.241925445320723,1,1,"PER1",1
"GO:0046903","secretion","2/19","172/3464",0.0116279069767442,2.11995104039168,1.11877249535461,0.242705959568441,1,1,"ALDOA/CANX",2
"GO:0008361","regulation of cell size","1/19","51/3464",0.0196078431372549,3.57481940144479,1.37553659825269,0.24614437225069,1,1,"OLFM1",1
"GO:0009755","hormone-mediated signaling pathway","1/19","51/3464",0.0196078431372549,3.57481940144479,1.37553659825269,0.24614437225069,1,1,"PER1",1
"GO:0036294","cellular response to decreased oxygen levels","1/19","51/3464",0.0196078431372549,3.57481940144479,1.37553659825269,0.24614437225069,1,1,"ZFP36L1",1
"GO:1903313","positive regulation of mRNA metabolic process","1/19","51/3464",0.0196078431372549,3.57481940144479,1.37553659825269,0.24614437225069,1,1,"ZFP36L1",1
"GO:0002009","morphogenesis of an epithelium","1/19","52/3464",0.0192307692307692,3.50607287449393,1.35207035109704,0.250341048760282,1,1,"FLNA",1
"GO:0009416","response to light stimulus","1/19","52/3464",0.0192307692307692,3.50607287449393,1.35207035109704,0.250341048760282,1,1,"PER1",1
"GO:0048872","homeostasis of number of cells","1/19","52/3464",0.0192307692307692,3.50607287449393,1.35207035109704,0.250341048760282,1,1,"ZFP36L1",1
"GO:0000956","nuclear-transcribed mRNA catabolic process","1/19","53/3464",0.0188679245283019,3.43992055610725,1.32917203117695,0.254515585710327,1,1,"ZFP36L1",1
"GO:0009165","nucleotide biosynthetic process","1/19","53/3464",0.0188679245283019,3.43992055610725,1.32917203117695,0.254515585710327,1,1,"ALDOA",1
"GO:0032388","positive regulation of intracellular transport","1/19","53/3464",0.0188679245283019,3.43992055610725,1.32917203117695,0.254515585710327,1,1,"FLNA",1
"GO:0022603","regulation of anatomical structure morphogenesis","2/19","178/3464",0.0112359550561798,2.04849201655825,1.06647279836251,0.255134526251135,1,1,"ALDOA/BAIAP2",2
"GO:0034220","monoatomic ion transmembrane transport","2/19","179/3464",0.0111731843575419,2.03704792708027,1.05795230570961,0.257209605790211,1,1,"ATP1B2/FLNA",2
"GO:0044087","regulation of cellular component biogenesis","3/19","323/3464",0.00928792569659443,1.69333550594753,0.971670834529574,0.258253841338323,1,1,"BAIAP2/FLNA/PPP2CB",3
"GO:0002250","adaptive immune response","1/19","54/3464",0.0185185185185185,3.37621832358674,1.30681606298328,0.258668093441639,1,1,"JUNB",1
"GO:0008154","actin polymerization or depolymerization","1/19","54/3464",0.0185185185185185,3.37621832358674,1.30681606298328,0.258668093441639,1,1,"BAIAP2",1
"GO:0043123","positive regulation of canonical NF-kappaB signal transduction","1/19","54/3464",0.0185185185185185,3.37621832358674,1.30681606298328,0.258668093441639,1,1,"FLNA",1
"GO:1903532","positive regulation of secretion by cell","1/19","54/3464",0.0185185185185185,3.37621832358674,1.30681606298328,0.258668093441639,1,1,"ALDOA",1
"GO:0048878","chemical homeostasis","2/19","180/3464",0.0111111111111111,2.02573099415205,1.0494858563788,0.259285544134631,1,1,"ALDOA/ATP1B2",2
"GO:0009968","negative regulation of signal transduction","3/19","324/3464",0.00925925925925926,1.68810916179337,0.965991832540959,0.259782288968261,1,1,"PEA15/PER1/PPP2CB",3
"GO:0000226","microtubule cytoskeleton organization","2/19","181/3464",0.0110497237569061,2.01453911020646,1.04107273519589,0.261362273533339,1,1,"FLNA/PPP2CB",2
"GO:0050808","synapse organization","2/19","181/3464",0.0110497237569061,2.01453911020646,1.04107273519589,0.261362273533339,1,1,"BAIAP2/NRN1",2
"GO:0007623","circadian rhythm","1/19","55/3464",0.0181818181818182,3.31483253588517,1.28497848217639,0.262798681777301,1,1,"PER1",1
"GO:0048813","dendrite morphogenesis","1/19","55/3464",0.0181818181818182,3.31483253588517,1.28497848217639,0.262798681777301,1,1,"BAIAP2",1
"GO:0051028","mRNA transport","1/19","55/3464",0.0181818181818182,3.31483253588517,1.28497848217639,0.262798681777301,1,1,"ZFP36L1",1
"GO:0051047","positive regulation of secretion","1/19","55/3464",0.0181818181818182,3.31483253588517,1.28497848217639,0.262798681777301,1,1,"ALDOA",1
"GO:1902850","microtubule cytoskeleton organization involved in mitosis","1/19","55/3464",0.0181818181818182,3.31483253588517,1.28497848217639,0.262798681777301,1,1,"FLNA",1
"GO:0043066","negative regulation of apoptotic process","2/19","183/3464",0.0109289617486339,1.99252228932988,1.02440368349048,0.265517837678655,1,1,"PEA15/FLNA",2
"GO:0010810","regulation of cell-substrate adhesion","1/19","56/3464",0.0178571428571429,3.25563909774436,1.26363680660378,0.266907460024949,1,1,"FLNA",1
"GO:0043491","phosphatidylinositol 3-kinase/protein kinase B signal transduction","1/19","56/3464",0.0178571428571429,3.25563909774436,1.26363680660378,0.266907460024949,1,1,"ZFP36L1",1
"GO:0070588","calcium ion transmembrane transport","1/19","57/3464",0.0175438596491228,3.19852262234534,1.24276991975271,0.270994536979035,1,1,"FLNA",1
"GO:0071453","cellular response to oxygen levels","1/19","57/3464",0.0175438596491228,3.19852262234534,1.24276991975271,0.270994536979035,1,1,"ZFP36L1",1
"GO:0010608","post-transcriptional regulation of gene expression","2/19","186/3464",0.010752688172043,1.96038483305037,0.999782943739914,0.271755459522644,1,1,"ZFP36L1/PER1",2
"GO:0006606","protein import into nucleus","1/19","58/3464",0.0172413793103448,3.14337568058076,1.22235796524321,0.275060020923091,1,1,"FLNA",1
"GO:0050673","epithelial cell proliferation","1/19","58/3464",0.0172413793103448,3.14337568058076,1.22235796524321,0.275060020923091,1,1,"ZFP36L1",1
"GO:1901988","negative regulation of cell cycle phase transition","1/19","58/3464",0.0172413793103448,3.14337568058076,1.22235796524321,0.275060020923091,1,1,"ZFP36L1",1
"GO:1904375","regulation of protein localization to cell periphery","1/19","58/3464",0.0172413793103448,3.14337568058076,1.22235796524321,0.275060020923091,1,1,"OLFM1",1
"GO:2001234","negative regulation of apoptotic signaling pathway","1/19","58/3464",0.0172413793103448,3.14337568058076,1.22235796524321,0.275060020923091,1,1,"PEA15",1
"GO:0000070","mitotic sister chromatid segregation","1/19","59/3464",0.0169491525423729,3.09009812667261,1.20238225114462,0.279104019631976,1,1,"FLNA",1
"GO:1905475","regulation of protein localization to membrane","1/19","59/3464",0.0169491525423729,3.09009812667261,1.20238225114462,0.279104019631976,1,1,"OLFM1",1
"GO:0010648","negative regulation of cell communication","3/19","338/3464",0.00887573964497041,1.61818748053566,0.88836717272067,0.281340993342658,1,1,"PEA15/PER1/PPP2CB",3
"GO:0023057","negative regulation of signaling","3/19","339/3464",0.00884955752212389,1.6134140661388,0.882951811508901,0.2828911829362,1,1,"PEA15/PER1/PPP2CB",3
"GO:0031109","microtubule polymerization or depolymerization","1/19","60/3464",0.0166666666666667,3.03859649122807,1.18282516305082,0.283126640374117,1,1,"PPP2CB",1
"GO:0048729","tissue morphogenesis","1/19","60/3464",0.0166666666666667,3.03859649122807,1.18282516305082,0.283126640374117,1,1,"FLNA",1
"GO:0050867","positive regulation of cell activation","1/19","60/3464",0.0166666666666667,3.03859649122807,1.18282516305082,0.283126640374117,1,1,"FLNA",1
"GO:0051170","import into nucleus","1/19","60/3464",0.0166666666666667,3.03859649122807,1.18282516305082,0.283126640374117,1,1,"FLNA",1
"GO:0060485","mesenchyme development","1/19","60/3464",0.0166666666666667,3.03859649122807,1.18282516305082,0.283126640374117,1,1,"OLFM1",1
"GO:0043069","negative regulation of programmed cell death","2/19","192/3464",0.0104166666666667,1.89912280701754,0.951856355549778,0.28423976046075,1,1,"PEA15/FLNA",2
"GO:0050769","positive regulation of neurogenesis","1/19","61/3464",0.0163934426229508,2.98878343399482,1.16367008498088,0.287127989913745,1,1,"BAIAP2",1
"GO:0099175","regulation of postsynapse organization","1/19","61/3464",0.0163934426229508,2.98878343399482,1.16367008498088,0.287127989913745,1,1,"BAIAP2",1
"GO:0030334","regulation of cell migration","2/19","195/3464",0.0102564102564103,1.86990553306343,0.928518095021038,0.290483098879139,1,1,"ATP1B2/FLNA",2
"GO:0048638","regulation of developmental growth","1/19","62/3464",0.0161290322580645,2.94057724957555,1.14490132728424,0.29110817451311,1,1,"OLFM1",1
"GO:0021700","developmental maturation","1/19","63/3464",0.0158730158730159,2.89390142021721,1.12650406082817,0.2950672999347,1,1,"NRN1",1
"GO:0051259","protein complex oligomerization","1/19","64/3464",0.015625,2.84868421052632,1.10846425682916,0.299005471443445,1,1,"ALDOA",1
"GO:0070507","regulation of microtubule cytoskeleton organization","1/19","64/3464",0.015625,2.84868421052632,1.10846425682916,0.299005471443445,1,1,"PPP2CB",1
"GO:0120035","regulation of plasma membrane bounded cell projection organization","2/19","200/3464",0.01,1.82315789473684,0.890495037698762,0.300884883524741,1,1,"BAIAP2/ATP1B2",2
"GO:0007051","spindle organization","1/19","65/3464",0.0153846153846154,2.80485829959514,1.09076863176437,0.302922793808908,1,1,"FLNA",1
"GO:0042060","wound healing","1/19","65/3464",0.0153846153846154,2.80485829959514,1.09076863176437,0.302922793808908,1,1,"FLNA",1
"GO:0050657","nucleic acid transport","1/19","65/3464",0.0153846153846154,2.80485829959514,1.09076863176437,0.302922793808908,1,1,"ZFP36L1",1
"GO:0050658","RNA transport","1/19","65/3464",0.0153846153846154,2.80485829959514,1.09076863176437,0.302922793808908,1,1,"ZFP36L1",1
"GO:0050684","regulation of mRNA processing","1/19","65/3464",0.0153846153846154,2.80485829959514,1.09076863176437,0.302922793808908,1,1,"ZFP36L1",1
"GO:0071560","cellular response to transforming growth factor beta stimulus","1/19","65/3464",0.0153846153846154,2.80485829959514,1.09076863176437,0.302922793808908,1,1,"ZFP36L1",1
"GO:1902532","negative regulation of intracellular signal transduction","2/19","201/3464",0.0099502487562189,1.81408745744959,0.883016845155954,0.302964158877,1,1,"PER1/PPP2CB",2
"GO:0044281","small molecule metabolic process","3/19","352/3464",0.00852272727272727,1.55382775119617,0.814019266949969,0.303143934675812,1,1,"ALDOA/PFKFB3/SLC2A3",3
"GO:0010817","regulation of hormone levels","1/19","66/3464",0.0151515151515152,2.76236044657097,1.0734045968627,0.306819371307475,1,1,"ALDOA",1
"GO:0051236","establishment of RNA localization","1/19","66/3464",0.0151515151515152,2.76236044657097,1.0734045968627,0.306819371307475,1,1,"ZFP36L1",1
"GO:0071214","cellular response to abiotic stimulus","1/19","66/3464",0.0151515151515152,2.76236044657097,1.0734045968627,0.306819371307475,1,1,"ZFP36L1",1
"GO:0071559","response to transforming growth factor beta","1/19","66/3464",0.0151515151515152,2.76236044657097,1.0734045968627,0.306819371307475,1,1,"ZFP36L1",1
"GO:0104004","cellular response to environmental stimulus","1/19","66/3464",0.0151515151515152,2.76236044657097,1.0734045968627,0.306819371307475,1,1,"ZFP36L1",1
"GO:0031344","regulation of cell projection organization","2/19","204/3464",0.00980392156862745,1.78740970072239,0.860826202092503,0.309198822838696,1,1,"BAIAP2/ATP1B2",2
"GO:0033043","regulation of organelle organization","3/19","356/3464",0.00842696629213483,1.53636901241869,0.79333498501069,0.309407292649649,1,1,"BAIAP2/FLNA/PPP2CB",3
"GO:0010948","negative regulation of cell cycle process","1/19","67/3464",0.0149253731343284,2.72113118617439,1.05636021173167,0.310695307724532,1,1,"ZFP36L1",1
"GO:0042063","gliogenesis","1/19","67/3464",0.0149253731343284,2.72113118617439,1.05636021173167,0.310695307724532,1,1,"ATP1B2",1
"GO:0001666","response to hypoxia","1/19","68/3464",0.0147058823529412,2.68111455108359,1.03962414172499,0.314550706356629,1,1,"ZFP36L1",1
"GO:2000145","regulation of cell motility","2/19","207/3464",0.00966183574879227,1.76150521230613,0.838991588805219,0.315427612956442,1,1,"ATP1B2/FLNA",2
"GO:0006816","calcium ion transport","1/19","69/3464",0.0144927536231884,2.64225781845919,1.02318561869862,0.318385670013644,1,1,"FLNA",1
"GO:0043488","regulation of mRNA stability","1/19","69/3464",0.0144927536231884,2.64225781845919,1.02318561869862,0.318385670013644,1,1,"ZFP36L1",1
"GO:0051962","positive regulation of nervous system development","1/19","69/3464",0.0144927536231884,2.64225781845919,1.02318561869862,0.318385670013644,1,1,"BAIAP2",1
"GO:0072522","purine-containing compound biosynthetic process","1/19","69/3464",0.0144927536231884,2.64225781845919,1.02318561869862,0.318385670013644,1,1,"ALDOA",1
"GO:1903047","mitotic cell cycle process","2/19","212/3464",0.00943396226415094,1.71996027805362,0.803358940284154,0.325792046787497,1,1,"FLNA/ZFP36L1",2
"GO:0030336","negative regulation of cell migration","1/19","71/3464",0.0140845070422535,2.56782802075612,0.991160759296559,0.325994701221463,1,1,"ATP1B2",1
"GO:0043487","regulation of RNA stability","1/19","71/3464",0.0140845070422535,2.56782802075612,0.991160759296559,0.325994701221463,1,1,"ZFP36L1",1
"GO:0009314","response to radiation","1/19","72/3464",0.0138888888888889,2.53216374269006,0.975555407329962,0.329768971977959,1,1,"PER1",1
"GO:0007417","central nervous system development","2/19","214/3464",0.00934579439252336,1.70388588293163,0.789361416326961,0.329930732639445,1,1,"ATP1B2/FLNA",2
"GO:0036293","response to decreased oxygen levels","1/19","73/3464",0.0136986301369863,2.49747656813266,0.960209511806081,0.333523214175017,1,1,"ZFP36L1",1
"GO:0048511","rhythmic process","1/19","73/3464",0.0136986301369863,2.49747656813266,0.960209511806081,0.333523214175017,1,1,"PER1",1
"GO:0050863","regulation of T cell activation","1/19","74/3464",0.0135135135135135,2.46372688477952,0.945114646781747,0.33725752822122,1,1,"JUNB",1
"GO:0140014","mitotic nuclear division","1/19","74/3464",0.0135135135135135,2.46372688477952,0.945114646781747,0.33725752822122,1,1,"FLNA",1
"GO:0000819","sister chromatid segregation","1/19","75/3464",0.0133333333333333,2.43087719298246,0.930262773026984,0.340972014051248,1,1,"FLNA",1
"GO:0010038","response to metal ion","1/19","75/3464",0.0133333333333333,2.43087719298246,0.930262773026984,0.340972014051248,1,1,"PPP2CB",1
"GO:0015711","organic anion transport","1/19","75/3464",0.0133333333333333,2.43087719298246,0.930262773026984,0.340972014051248,1,1,"SLC2A3",1
"GO:0044282","small molecule catabolic process","1/19","75/3464",0.0133333333333333,2.43087719298246,0.930262773026984,0.340972014051248,1,1,"ALDOA",1
"GO:2000146","negative regulation of cell motility","1/19","75/3464",0.0133333333333333,2.43087719298246,0.930262773026984,0.340972014051248,1,1,"ATP1B2",1
"GO:0040012","regulation of locomotion","2/19","220/3464",0.00909090909090909,1.65741626794258,0.748203606714732,0.34231745011248,1,1,"ATP1B2/FLNA",2
"GO:0061013","regulation of mRNA catabolic process","1/19","76/3464",0.0131578947368421,2.398891966759,0.915646215310841,0.344666771127975,1,1,"ZFP36L1",1
"GO:0015931","nucleobase-containing compound transport","1/19","77/3464",0.012987012987013,2.36773752563226,0.901257641303135,0.348341898444554,1,1,"ZFP36L1",1
"GO:0009628","response to abiotic stimulus","2/19","223/3464",0.00896860986547085,1.63511918810479,0.72807577790051,0.348492005528968,1,1,"ZFP36L1/PER1",2
"GO:0048585","negative regulation of response to stimulus","3/19","381/3464",0.0078740157480315,1.43555739743058,0.669159353224921,0.348754562309255,1,1,"PEA15/PER1/PPP2CB",3
"GO:0098771","inorganic ion homeostasis","1/19","78/3464",0.0128205128205128,2.33738191632928,0.887090041957692,0.3519974945265,1,1,"ATP1B2",1
"GO:0022414","reproductive process","2/19","225/3464",0.00888888888888889,1.62058479532164,0.714817784474431,0.352600588997021,1,1,"ALDOA/FLNA",2
"GO:0009100","glycoprotein metabolic process","1/19","79/3464",0.0126582278481013,2.30779480346436,0.873136713255439,0.355633657433764,1,1,"IDS",1
"GO:0016358","dendrite development","1/19","79/3464",0.0126582278481013,2.30779480346436,0.873136713255439,0.355633657433764,1,1,"BAIAP2",1
"GO:0023061","signal release","1/19","79/3464",0.0126582278481013,2.30779480346436,0.873136713255439,0.355633657433764,1,1,"ALDOA",1
"GO:0006457","protein folding","1/19","80/3464",0.0125,2.27894736842105,0.859391239197078,0.359250484762792,1,1,"CANX",1
"GO:0019221","cytokine-mediated signaling pathway","1/19","80/3464",0.0125,2.27894736842105,0.859391239197078,0.359250484762792,1,1,"PPP2CB",1
"GO:0040013","negative regulation of locomotion","1/19","80/3464",0.0125,2.27894736842105,0.859391239197078,0.359250484762792,1,1,"ATP1B2",1
"GO:0045786","negative regulation of cell cycle","1/19","82/3464",0.0121951219512195,2.22336328626444,0.832499537025573,0.366426520766723,1,1,"ZFP36L1",1
"GO:0070482","response to oxygen levels","1/19","82/3464",0.0121951219512195,2.22336328626444,0.832499537025573,0.366426520766723,1,1,"ZFP36L1",1
"GO:2001233","regulation of apoptotic signaling pathway","1/19","82/3464",0.0121951219512195,2.22336328626444,0.832499537025573,0.366426520766723,1,1,"PEA15",1
"GO:0045893","positive regulation of DNA-templated transcription","3/19","393/3464",0.00763358778625954,1.39172358376858,0.612413166498803,0.367686749590104,1,1,"CEBPD/JUNB/PER1",3
"GO:0007507","heart development","1/19","83/3464",0.0120481927710843,2.19657577679138,0.819341779502953,0.369985922335449,1,1,"OLFM1",1
"GO:0098813","nuclear chromosome segregation","1/19","83/3464",0.0120481927710843,2.19657577679138,0.819341779502953,0.369985922335449,1,1,"FLNA",1
"GO:1901293","nucleoside phosphate biosynthetic process","1/19","83/3464",0.0120481927710843,2.19657577679138,0.819341779502953,0.369985922335449,1,1,"ALDOA",1
"GO:1902680","positive regulation of RNA biosynthetic process","3/19","395/3464",0.00759493670886076,1.38467688207861,0.603121241147033,0.370840527626458,1,1,"CEBPD/JUNB/PER1",3
"GO:0010647","positive regulation of cell communication","3/19","396/3464",0.00757575757575758,1.38118022328549,0.59849249469362,0.372417071258899,1,1,"ALDOA/BAIAP2/FLNA",3
"GO:0006403","RNA localization","1/19","84/3464",0.0119047619047619,2.17042606516291,0.806368791059329,0.373526374117652,1,1,"ZFP36L1",1
"GO:0006898","receptor-mediated endocytosis","1/19","84/3464",0.0119047619047619,2.17042606516291,0.806368791059329,0.373526374117652,1,1,"CANX",1
"GO:0032886","regulation of microtubule-based process","1/19","84/3464",0.0119047619047619,2.17042606516291,0.806368791059329,0.373526374117652,1,1,"PPP2CB",1
"GO:0040011","locomotion","2/19","236/3464",0.00847457627118644,1.54504906333631,0.64407029441118,0.375070324724946,1,1,"ATP1B2/FLNA",2
"GO:0007610","behavior","1/19","85/3464",0.0117647058823529,2.14489164086687,0.793575377902675,0.377047971422908,1,1,"ATP1B2",1
"GO:0023056","positive regulation of signaling","3/19","401/3464",0.00748129675810474,1.36395852474078,0.57551814019576,0.380295422373165,1,1,"ALDOA/BAIAP2/FLNA",3
"GO:0000280","nuclear division","1/19","86/3464",0.0116279069767442,2.11995104039168,0.780956553445453,0.380550809109491,1,1,"FLNA",1
"GO:0002252","immune effector process","1/19","86/3464",0.0116279069767442,2.11995104039168,0.780956553445453,0.380550809109491,1,1,"JUNB",1
"GO:0045785","positive regulation of cell adhesion","1/19","86/3464",0.0116279069767442,2.11995104039168,0.780956553445453,0.380550809109491,1,1,"FLNA",1
"GO:0034330","cell junction organization","2/19","239/3464",0.00836820083682008,1.5256551420392,0.625379212431383,0.381156501500186,1,1,"BAIAP2/NRN1",2
"GO:0051668","localization within membrane","2/19","240/3464",0.00833333333333333,1.51929824561404,0.619203486180348,0.38318085106498,1,1,"FLNA/OLFM1",2
"GO:1901990","regulation of mitotic cell cycle phase transition","1/19","87/3464",0.0114942528735632,2.09558378705384,0.768507527694897,0.384034981586376,1,1,"ZFP36L1",1
"GO:0051056","regulation of small GTPase mediated signal transduction","1/19","89/3464",0.0112359550561798,2.04849201655825,0.744100636226499,0.390947706312425,1,1,"PPP2CB",1
"GO:0062197","cellular response to chemical stress","1/19","90/3464",0.0111111111111111,2.02573099415205,0.732134086957862,0.394376445150962,1,1,"ZFP36L1",1
"GO:0099504","synaptic vesicle cycle","1/19","90/3464",0.0111111111111111,2.02573099415205,0.732134086957862,0.394376445150962,1,1,"CANX",1
"GO:0034976","response to endoplasmic reticulum stress","1/19","92/3464",0.0108695652173913,1.98169336384439,0.708654287505518,0.401179138939291,1,1,"CANX",1
"GO:0009887","animal organ morphogenesis","1/19","93/3464",0.010752688172043,1.96038483305037,0.697133293192702,0.404553277836134,1,1,"OLFM1",1
"GO:0030522","intracellular receptor signaling pathway","1/19","93/3464",0.010752688172043,1.96038483305037,0.697133293192702,0.404553277836134,1,1,"PER1",1
"GO:0050767","regulation of neurogenesis","1/19","93/3464",0.010752688172043,1.96038483305037,0.697133293192702,0.404553277836134,1,1,"BAIAP2",1
"GO:0099173","postsynapse organization","1/19","93/3464",0.010752688172043,1.96038483305037,0.697133293192702,0.404553277836134,1,1,"BAIAP2",1
"GO:0006402","mRNA catabolic process","1/19","97/3464",0.0103092783505155,1.87954422137819,0.652424740803331,0.417870572518147,1,1,"ZFP36L1",1
"GO:0051051","negative regulation of transport","1/19","97/3464",0.0103092783505155,1.87954422137819,0.652424740803331,0.417870572518147,1,1,"PEA15",1
"GO:0060271","cilium assembly","1/19","97/3464",0.0103092783505155,1.87954422137819,0.652424740803331,0.417870572518147,1,1,"FLNA",1
"GO:0032386","regulation of intracellular transport","1/19","98/3464",0.0102040816326531,1.86036519871106,0.641574730595032,0.421155532162387,1,1,"FLNA",1
"GO:0034504","protein localization to nucleus","1/19","98/3464",0.0102040816326531,1.86036519871106,0.641574730595032,0.421155532162387,1,1,"FLNA",1
"GO:0006873","intracellular monoatomic ion homeostasis","1/19","100/3464",0.01,1.82315789473684,0.620245450401763,0.42767284031024,1,1,"ATP1B2",1
"GO:0030003","intracellular monoatomic cation homeostasis","1/19","100/3464",0.01,1.82315789473684,0.620245450401763,0.42767284031024,1,1,"ATP1B2",1
"GO:1903530","regulation of secretion by cell","1/19","100/3464",0.01,1.82315789473684,0.620245450401763,0.42767284031024,1,1,"ALDOA",1
"GO:0072659","protein localization to plasma membrane","1/19","101/3464",0.0099009900990099,1.80510682647212,0.609760370607228,0.430905365885183,1,1,"FLNA",1
"GO:0001558","regulation of cell growth","1/19","102/3464",0.00980392156862745,1.78740970072239,0.599391286712408,0.434120589806735,1,1,"OLFM1",1
"GO:0048285","organelle fission","1/19","102/3464",0.00980392156862745,1.78740970072239,0.599391286712408,0.434120589806735,1,1,"FLNA",1
"GO:0099003","vesicle-mediated transport in synapse","1/19","104/3464",0.00961538461538462,1.75303643724696,0.578990522801164,0.440499482217404,1,1,"CANX",1
"GO:0002682","regulation of immune system process","2/19","269/3464",0.00743494423791822,1.35550772842888,0.450814823855072,0.440773970035307,1,1,"ZFP36L1/JUNB",2
"GO:0044782","cilium organization","1/19","105/3464",0.00952380952380952,1.73634085213033,0.568953766098588,0.443663324431056,1,1,"FLNA",1
"GO:0050801","monoatomic ion homeostasis","1/19","106/3464",0.00943396226415094,1.71996027805362,0.55902284470668,0.446810212444099,1,1,"ATP1B2",1
"GO:0051046","regulation of secretion","1/19","106/3464",0.00943396226415094,1.71996027805362,0.55902284470668,0.446810212444099,1,1,"ALDOA",1
"GO:0051960","regulation of nervous system development","1/19","106/3464",0.00943396226415094,1.71996027805362,0.55902284470668,0.446810212444099,1,1,"BAIAP2",1
"GO:0055080","monoatomic cation homeostasis","1/19","106/3464",0.00943396226415094,1.71996027805362,0.55902284470668,0.446810212444099,1,1,"ATP1B2",1
"GO:0019637","organophosphate metabolic process","2/19","274/3464",0.0072992700729927,1.3307721859393,0.423659897060857,0.450456538842005,1,1,"ALDOA/PFKFB3",2
"GO:0065003","protein-containing complex assembly","3/19","446/3464",0.00672645739910314,1.22633939107859,0.380256273608773,0.450465040608729,1,1,"ALDOA/BAIAP2/PPP2CB",3
"GO:0006913","nucleocytoplasmic transport","1/19","108/3464",0.00925925925925926,1.68810916179337,0.539469225572638,0.453053468784358,1,1,"FLNA",1
"GO:0051169","nuclear transport","1/19","108/3464",0.00925925925925926,1.68810916179337,0.539469225572638,0.453053468784358,1,1,"FLNA",1
"GO:0007017","microtubule-based process","2/19","276/3464",0.0072463768115942,1.3211289092296,0.412936451996838,0.454306959889407,1,1,"FLNA/PPP2CB",2
"GO:0016071","mRNA metabolic process","2/19","276/3464",0.0072463768115942,1.3211289092296,0.412936451996838,0.454306959889407,1,1,"FLNA/ZFP36L1",2
"GO:0016032","viral process","1/19","110/3464",0.00909090909090909,1.65741626794258,0.520311821493116,0.459229932990292,1,1,"CANX",1
"GO:1901987","regulation of cell cycle phase transition","1/19","114/3464",0.0087719298245614,1.59926131117267,0.483119642749238,0.471385179630313,1,1,"ZFP36L1",1
"GO:0006952","defense response","2/19","285/3464",0.00701754385964912,1.27940904893813,0.36561673517274,0.471467950022625,1,1,"PER1/HRH1",2
"GO:0001817","regulation of cytokine production","1/19","115/3464",0.00869565217391304,1.58535469107551,0.474044249577229,0.474383293536888,1,1,"PER1",1
"GO:0051726","regulation of cell cycle","2/19","287/3464",0.00696864111498258,1.27049330643682,0.355301709213353,0.475243611643609,1,1,"ZFP36L1/JUNB",2
"GO:0001816","cytokine production","1/19","117/3464",0.00854700854700855,1.55825461088619,0.456148054198176,0.480331260935049,1,1,"PER1",1
"GO:0006401","RNA catabolic process","1/19","117/3464",0.00854700854700855,1.55825461088619,0.456148054198176,0.480331260935049,1,1,"ZFP36L1",1
"GO:0044772","mitotic cell cycle phase transition","1/19","117/3464",0.00854700854700855,1.55825461088619,0.456148054198176,0.480331260935049,1,1,"ZFP36L1",1
"GO:0030335","positive regulation of cell migration","1/19","118/3464",0.00847457627118644,1.54504906333631,0.447323862375084,0.483281277679069,1,1,"FLNA",1
"GO:0015031","protein transport","3/19","469/3464",0.00639658848614072,1.16619907978902,0.287425341462922,0.485452139202252,1,1,"ALDOA/CANX/FLNA",3
"GO:0009895","negative regulation of catabolic process","1/19","119/3464",0.00840336134453781,1.53206545776205,0.438580095481117,0.486215424637855,1,1,"FLNA",1
"GO:0141188","nucleic acid catabolic process","1/19","119/3464",0.00840336134453781,1.53206545776205,0.438580095481117,0.486215424637855,1,1,"ZFP36L1",1
"GO:0043408","regulation of MAPK cascade","1/19","120/3464",0.00833333333333333,1.51929824561404,0.429915177167165,0.489133782465024,1,1,"PER1",1
"GO:2000147","positive regulation of cell motility","1/19","121/3464",0.00826446280991736,1.50674206176599,0.42132757535927,0.492036431428291,1,1,"FLNA",1
"GO:0016477","cell migration","2/19","296/3464",0.00675675675675676,1.23186344238976,0.309737637574215,0.492057032591358,1,1,"ATP1B2/FLNA",2
"GO:0040008","regulation of growth","1/19","122/3464",0.00819672131147541,1.49439171699741,0.412815800651407,0.4949234514112,1,1,"OLFM1",1
"GO:0045596","negative regulation of cell differentiation","1/19","122/3464",0.00819672131147541,1.49439171699741,0.412815800651407,0.4949234514112,1,1,"ZFP36L1",1
"GO:0007059","chromosome segregation","1/19","123/3464",0.00813008130081301,1.48224219084296,0.404378404769451,0.497794921914846,1,1,"FLNA",1
"GO:0044283","small molecule biosynthetic process","1/19","124/3464",0.00806451612903226,1.47028862478778,0.396013979102608,0.500650922059598,1,1,"PFKFB3",1
"GO:0006793","phosphorus metabolic process","3/19","480/3464",0.00625,1.13947368421053,0.244467941366716,0.501892178595307,1,1,"ALDOA/PFKFB3/PPP2CB",3
"GO:0006796","phosphate-containing compound metabolic process","3/19","480/3464",0.00625,1.13947368421053,0.244467941366716,0.501892178595307,1,1,"ALDOA/PFKFB3/PPP2CB",3
"GO:0050877","nervous system process","1/19","125/3464",0.008,1.45852631578947,0.387721153298826,0.503491530586805,1,1,"BAIAP2",1
"GO:0007346","regulation of mitotic cell cycle","1/19","126/3464",0.00793650793650794,1.4469507101086,0.379498593920907,0.506316825860494,1,1,"ZFP36L1",1
"GO:0040017","positive regulation of locomotion","1/19","126/3464",0.00793650793650794,1.4469507101086,0.379498593920907,0.506316825860494,1,1,"FLNA",1
"GO:0045892","negative regulation of DNA-templated transcription","2/19","306/3464",0.0065359477124183,1.19160646714826,0.260659313390382,0.510387047365464,1,1,"FLNA/PER1",2
"GO:1902679","negative regulation of RNA biosynthetic process","2/19","306/3464",0.0065359477124183,1.19160646714826,0.260659313390382,0.510387047365464,1,1,"FLNA/PER1",2
"GO:1902531","regulation of intracellular signal transduction","3/19","487/3464",0.00616016427104723,1.12309521236356,0.217582848637215,0.512242846612951,1,1,"FLNA/PER1/PPP2CB",3
"GO:0140694","membraneless organelle assembly","1/19","129/3464",0.00775193798449612,1.41330069359445,0.355239707061732,0.514701610176576,1,1,"FLNA",1
"GO:1903311","regulation of mRNA metabolic process","1/19","130/3464",0.00769230769230769,1.40242914979757,0.347285573422785,0.517466428589363,1,1,"ZFP36L1",1
"GO:0006417","regulation of translation","1/19","133/3464",0.0075187969924812,1.37079540957657,0.323803311734351,0.525671625799943,1,1,"ZFP36L1",1
"GO:0097190","apoptotic signaling pathway","1/19","133/3464",0.0075187969924812,1.37079540957657,0.323803311734351,0.525671625799943,1,1,"PEA15",1
"GO:0061061","muscle structure development","1/19","137/3464",0.0072992700729927,1.3307721859393,0.293340008085057,0.536406438613767,1,1,"ZFP36L1",1
"GO:1901137","carbohydrate derivative biosynthetic process","1/19","139/3464",0.00719424460431655,1.31162438470276,0.278452705825214,0.541687137670039,1,1,"ALDOA",1
"GO:0044770","cell cycle phase transition","1/19","140/3464",0.00714285714285714,1.30225563909774,0.271091783966819,0.544306068311925,1,1,"ZFP36L1",1
"GO:0072594","establishment of protein localization to organelle","1/19","141/3464",0.00709219858156028,1.29301978350131,0.263784797118881,0.546910817018927,1,1,"FLNA",1
"GO:0033365","protein localization to organelle","2/19","328/3464",0.00609756097560976,1.11168164313222,0.1578480143036,0.549339004411918,1,1,"FLNA/OLFM1",2
"GO:0008284","positive regulation of cell population proliferation","1/19","143/3464",0.00699300699300699,1.27493559072506,0.24932910464703,0.552078058489963,1,1,"FLNA",1
"GO:0022402","cell cycle process","2/19","330/3464",0.00606060606060606,1.10494417862839,0.148824440936048,0.552783081576352,1,1,"FLNA/ZFP36L1",2
"GO:0007169","cell surface receptor protein tyrosine kinase signaling pathway","1/19","144/3464",0.00694444444444444,1.26608187134503,0.242178688841864,0.554640695312815,1,1,"BAIAP2",1
"GO:0007264","small GTPase-mediated signal transduction","1/19","146/3464",0.00684931506849315,1.24873828406633,0.228028591233218,0.559724358680678,1,1,"PPP2CB",1
"GO:0042176","regulation of protein catabolic process","1/19","146/3464",0.00684931506849315,1.24873828406633,0.228028591233218,0.559724358680678,1,1,"FLNA",1
"GO:0048870","cell motility","2/19","336/3464",0.00595238095238095,1.08521303258145,0.122053635811248,0.56301591331986,1,1,"ATP1B2/FLNA",2
"GO:0030155","regulation of cell adhesion","1/19","153/3464",0.0065359477124183,1.19160646714826,0.180005063371041,0.577087673143501,1,1,"FLNA",1
"GO:0051253","negative regulation of RNA metabolic process","2/19","350/3464",0.00571428571428571,1.0418045112782,0.061250029443087,0.586304793326444,1,1,"FLNA/PER1",2
"GO:0003006","developmental process involved in reproduction","1/19","159/3464",0.00628930817610063,1.14664018536908,0.140564050827427,0.591452224221335,1,1,"FLNA",1
"GO:0009967","positive regulation of signal transduction","2/19","358/3464",0.00558659217877095,1.01852396354014,0.027484202409528,0.599238140110445,1,1,"BAIAP2/FLNA",2
"GO:0050776","regulation of immune response","1/19","164/3464",0.00609756097560976,1.11168164313222,0.10880658560104,0.603068356905371,1,1,"JUNB",1
"GO:0051276","chromosome organization","1/19","164/3464",0.00609756097560976,1.11168164313222,0.10880658560104,0.603068356905371,1,1,"FLNA",1
"GO:0072359","circulatory system development","1/19","172/3464",0.00581395348837209,1.05997552019584,0.0599124068550559,0.621005703397597,1,1,"OLFM1",1
"GO:0090407","organophosphate biosynthetic process","1/19","173/3464",0.00578034682080925,1.05384849406754,0.0539561689430877,0.623193094538376,1,1,"ALDOA",1
"GO:0045934","negative regulation of nucleobase-containing compound metabolic process","2/19","377/3464",0.00530503978779841,0.967192517101773,-0.0501053043655021,0.628848124573705,1,1,"FLNA/PER1",2
"GO:0019953","sexual reproduction","1/19","179/3464",0.00558659217877095,1.01852396354014,0.0188973618541835,0.636068353646764,1,1,"ALDOA",1
"GO:0009894","regulation of catabolic process","2/19","382/3464",0.00523560209424084,0.954532929181593,-0.0699553241657996,0.636379786041151,1,1,"FLNA/ZFP36L1",2
"GO:0002684","positive regulation of immune system process","1/19","188/3464",0.00531914893617021,0.96976483762598,-0.0316539357483938,0.654602376700897,1,1,"ZFP36L1",1
"GO:0006397","mRNA processing","1/19","189/3464",0.00529100529100529,0.96463380673907,-0.0371297477612224,0.656605598569848,1,1,"ZFP36L1",1
"GO:0010564","regulation of cell cycle process","1/19","190/3464",0.00526315789473684,0.959556786703601,-0.042578616899452,0.658597810364405,1,1,"ZFP36L1",1
"GO:0016310","phosphorylation","1/19","192/3464",0.00520833333333333,0.949561403508772,-0.0533968199454754,0.662549432126815,1,1,"PFKFB3",1
"GO:0048646","anatomical structure formation involved in morphogenesis","1/19","196/3464",0.00510204081632653,0.930182599355532,-0.0747238294507539,0.670323051541485,1,1,"OLFM1",1
"GO:0010256","endomembrane system organization","1/19","198/3464",0.00505050505050505,0.920786815523658,-0.0852374425859494,0.674145943954259,1,1,"BAIAP2",1
"GO:0009896","positive regulation of catabolic process","1/19","200/3464",0.005,0.911578947368421,-0.0956541984228849,0.677926814067742,1,1,"ZFP36L1",1
"GO:0051093","negative regulation of developmental process","1/19","207/3464",0.00483091787439614,0.880752606153064,-0.13138132058419,0.69083519776435,1,1,"ZFP36L1",1
"GO:0002376","immune system process","2/19","426/3464",0.00469483568075117,0.855942673585372,-0.235751626812768,0.697981505312556,1,1,"ZFP36L1/JUNB",2
"GO:0000122","negative regulation of transcription by RNA polymerase II","1/19","212/3464",0.00471698113207547,0.859980139026812,-0.156239462869056,0.699753715135054,1,1,"PER1",1
"GO:0006338","chromatin remodeling","1/19","214/3464",0.00467289719626168,0.851942941465814,-0.166036188898962,0.703252415441311,1,1,"PER1",1
"GO:0006897","endocytosis","1/19","214/3464",0.00467289719626168,0.851942941465814,-0.166036188898962,0.703252415441311,1,1,"CANX",1
"GO:0007167","enzyme-linked receptor protein signaling pathway","1/19","222/3464",0.0045045045045045,0.821242294926505,-0.204429320721807,0.716864756290203,1,1,"BAIAP2",1
"GO:0010628","positive regulation of gene expression","1/19","225/3464",0.00444444444444444,0.810292397660819,-0.218513842144276,0.7218151677107,1,1,"OLFM1",1
"GO:0051246","regulation of protein metabolic process","2/19","451/3464",0.00443458980044346,0.808495740459797,-0.323799054636945,0.729296690732957,1,1,"FLNA/ZFP36L1",2
"GO:0010498","proteasomal protein catabolic process","1/19","237/3464",0.00421940928270042,0.769264934488119,-0.273272999689531,0.74080883755861,1,1,"CANX",1
"GO:0006412","translation","1/19","245/3464",0.00408163265306122,0.744146079484425,-0.30847719496944,0.752781486917502,1,1,"ZFP36L1",1
"GO:0160307","protein biosynthetic process","1/19","245/3464",0.00408163265306122,0.744146079484425,-0.30847719496944,0.752781486917502,1,1,"ZFP36L1",1
"GO:0016567","protein ubiquitination","1/19","247/3464",0.00404858299595142,0.738120605156616,-0.31712662672519,0.755691716742929,1,1,"UBC",1
"GO:0061024","membrane organization","1/19","257/3464",0.00389105058365759,0.709399959041573,-0.359518452738934,0.769762525508125,1,1,"BAIAP2",1
"GO:0048584","positive regulation of response to stimulus","2/19","487/3464",0.00410677618069815,0.748730141575705,-0.44414409401363,0.769888034699787,1,1,"BAIAP2/FLNA",2
"GO:0006325","chromatin organization","1/19","264/3464",0.00378787878787879,0.690590111642743,-0.388391392465922,0.779151471205344,1,1,"PER1",1
"GO:0006886","intracellular protein transport","1/19","264/3464",0.00378787878787879,0.690590111642743,-0.388391392465922,0.779151471205344,1,1,"FLNA",1
"GO:1902533","positive regulation of intracellular signal transduction","1/19","265/3464",0.00377358490566038,0.68798411122145,-0.39246502507542,0.780462759345062,1,1,"FLNA",1
"GO:0019941","modification-dependent protein catabolic process","1/19","276/3464",0.0036231884057971,0.660564454614798,-0.436476772300695,0.79440849332653,1,1,"UBC",1
"GO:0043632","modification-dependent macromolecule catabolic process","1/19","277/3464",0.0036101083032491,0.658179745392362,-0.44040787824334,0.795633787751497,1,1,"UBC",1
"GO:0032446","protein modification by small protein conjugation","1/19","280/3464",0.00357142857142857,0.651127819548872,-0.452134095889514,0.799268296174029,1,1,"UBC",1
"GO:0006955","immune response","1/19","288/3464",0.00347222222222222,0.633040935672515,-0.482927625836502,0.808663312959206,1,1,"JUNB",1
"GO:0070647","protein modification by small protein conjugation or removal","1/19","306/3464",0.00326797385620915,0.595803233574131,-0.549864799342368,0.82830191296935,1,1,"UBC",1
"GO:0070925","organelle assembly","1/19","314/3464",0.00318471337579618,0.580623533355682,-0.578658099851864,0.836402888160833,1,1,"FLNA",1
"GO:0006396","RNA processing","1/19","317/3464",0.00315457413249211,0.575128673418562,-0.589314484418481,0.839346325775593,1,1,"ZFP36L1",1
"GO:0043687","post-translational protein modification","1/19","320/3464",0.003125,0.569736842105263,-0.599896480470725,0.842239544747769,1,1,"UBC",1
"GO:0009605","response to external stimulus","1/19","388/3464",0.00257731958762887,0.469886055344547,-0.822811511164188,0.895996974886461,1,1,"PER1",1
"GO:0000018","regulation of DNA recombination","0/19","30/3464",0,0,-0.408478229509318,1,1,1,"",0
"GO:0000027","ribosomal large subunit assembly","0/19","5/3464",0,0,-0.166156813285022,1,1,1,"",0
"GO:0000028","ribosomal small subunit assembly","0/19","11/3464",0,0,-0.246664407017154,1,1,1,"",0
"GO:0000038","very long-chain fatty acid metabolic process","0/19","5/3464",0,0,-0.166156813285022,1,1,1,"",0
"GO:0000041","transition metal ion transport","0/19","30/3464",0,0,-0.408478229509318,1,1,1,"",0
"GO:0000045","autophagosome assembly","0/19","60/3464",0,0,-0.580215441427685,1,1,1,"",0
"GO:0000054","ribosomal subunit export from nucleus","0/19","7/3464",0,0,-0.196656254499952,1,1,1,"",0
"GO:0000055","ribosomal large subunit export from nucleus","0/19","6/3464",0,0,-0.182041985591496,1,1,1,"",0
"GO:0000075","cell cycle checkpoint signaling","0/19","44/3464",0,0,-0.495703195266209,1,1,1,"",0
"GO:0000077","DNA damage checkpoint signaling","0/19","22/3464",0,0,-0.34939311326674,1,1,1,"",0
"GO:0000079","regulation of cyclin-dependent protein serine/threonine kinase activity","0/19","8/3464",0,0,-0.210264792883586,1,1,1,"",0
"GO:0000082","G1/S transition of mitotic cell cycle","0/19","65/3464",0,0,-0.604351395347242,1,1,1,"",0
"GO:0000086","G2/M transition of mitotic cell cycle","0/19","33/3464",0,0,-0.428602839616084,1,1,1,"",0
"GO:0000096","sulfur amino acid metabolic process","0/19","6/3464",0,0,-0.182041985591496,1,1,1,"",0
"GO:0000132","establishment of mitotic spindle orientation","0/19","8/3464",0,0,-0.210264792883586,1,1,1,"",0
"GO:0000154","rRNA modification","0/19","7/3464",0,0,-0.196656254499952,1,1,1,"",0
"GO:0000184","nuclear-transcribed mRNA catabolic process, nonsense-mediated decay","0/19","17/3464",0,0,-0.306910857143731,1,1,1,"",0
"GO:0000209","protein polyubiquitination","0/19","104/3464",0,0,-0.768874511461761,1,1,1,"",0
"GO:0000244","spliceosomal tri-snRNP complex assembly","0/19","10/3464",0,0,-0.235151236373825,1,1,1,"",0
"GO:0000245","spliceosomal complex assembly","0/19","32/3464",0,0,-0.421997407283268,1,1,1,"",0
"GO:0000266","mitochondrial fission","0/19","15/3464",0,0,-0.288208951504192,1,1,1,"",0
"GO:0000271","polysaccharide biosynthetic process","0/19","14/3464",0,0,-0.278395943846603,1,1,1,"",0
"GO:0000272","polysaccharide catabolic process","0/19","10/3464",0,0,-0.235151236373825,1,1,1,"",0
"GO:0000281","mitotic cytokinesis","0/19","41/3464",0,0,-0.478296179566983,1,1,1,"",0
"GO:0000290","deadenylation-dependent decapping of nuclear-transcribed mRNA","0/19","8/3464",0,0,-0.210264792883586,1,1,1,"",0
"GO:0000301","retrograde transport, vesicle recycling within Golgi","0/19","5/3464",0,0,-0.166156813285022,1,1,1,"",0
"GO:0000302","response to reactive oxygen species","0/19","52/3464",0,0,-0.53951757143937,1,1,1,"",0
"GO:0000303","response to superoxide","0/19","6/3464",0,0,-0.182041985591496,1,1,1,"",0
"GO:0000305","response to oxygen radical","0/19","6/3464",0,0,-0.182041985591496,1,1,1,"",0
"GO:0000338","protein deneddylation","0/19","5/3464",0,0,-0.166156813285022,1,1,1,"",0
"GO:0000375","RNA splicing, via transesterification reactions","0/19","127/3464",0,0,-0.852574208016803,1,1,1,"",0
"GO:0000377","RNA splicing, via transesterification reactions with bulged adenosine as nucleophile","0/19","127/3464",0,0,-0.852574208016803,1,1,1,"",0
"GO:0000380","alternative mRNA splicing, via spliceosome","0/19","41/3464",0,0,-0.478296179566983,1,1,1,"",0
"GO:0000381","regulation of alternative mRNA splicing, via spliceosome","0/19","34/3464",0,0,-0.435111770286058,1,1,1,"",0
"GO:0000387","spliceosomal snRNP assembly","0/19","20/3464",0,0,-0.333036519803188,1,1,1,"",0
"GO:0000388","spliceosome conformational change to release U4 (or U4atac) and U1 (or U11)","0/19","9/3464",0,0,-0.223051763894324,1,1,1,"",0
"GO:0000393","spliceosomal conformational changes to generate catalytic conformation","0/19","9/3464",0,0,-0.223051763894324,1,1,1,"",0
"GO:0000398","mRNA splicing, via spliceosome","0/19","127/3464",0,0,-0.852574208016803,1,1,1,"",0
"GO:0000422","autophagy of mitochondrion","0/19","49/3464",0,0,-0.523493289707436,1,1,1,"",0
"GO:0000423","mitophagy","0/19","44/3464",0,0,-0.495703195266209,1,1,1,"",0
"GO:0000425","pexophagy","0/19","6/3464",0,0,-0.182041985591496,1,1,1,"",0
"GO:0000448","cleavage in ITS2 between 5.8S rRNA and LSU-rRNA of tricistronic rRNA transcript (SSU-rRNA, 5.8S rRNA, LSU-rRNA)","0/19","5/3464",0,0,-0.166156813285022,1,1,1,"",0
"GO:0000460","maturation of 5.8S rRNA","0/19","12/3464",0,0,-0.257669884406375,1,1,1,"",0
"GO:0000463","maturation of LSU-rRNA from tricistronic rRNA transcript (SSU-rRNA, 5.8S rRNA, LSU-rRNA)","0/19","10/3464",0,0,-0.235151236373825,1,1,1,"",0
"GO:0000466","maturation of 5.8S rRNA from tricistronic rRNA transcript (SSU-rRNA, 5.8S rRNA, LSU-rRNA)","0/19","8/3464",0,0,-0.210264792883586,1,1,1,"",0
"GO:0000470","maturation of LSU-rRNA","0/19","14/3464",0,0,-0.278395943846603,1,1,1,"",0
"GO:0000479","endonucleolytic cleavage of tricistronic rRNA transcript (SSU-rRNA, 5.8S rRNA, LSU-rRNA)","0/19","5/3464",0,0,-0.166156813285022,1,1,1,"",0
"GO:0000722","telomere maintenance via recombination","0/19","5/3464",0,0,-0.166156813285022,1,1,1,"",0
"GO:0000723","telomere maintenance","0/19","52/3464",0,0,-0.53951757143937,1,1,1,"",0
"GO:0000724","double-strand break repair via homologous recombination","0/19","48/3464",0,0,-0.518048142454573,1,1,1,"",0
"GO:0000725","recombinational repair","0/19","50/3464",0,0,-0.528885519978056,1,1,1,"",0
"GO:0000729","DNA double-strand break processing","0/19","6/3464",0,0,-0.182041985591496,1,1,1,"",0
"GO:0000768","syncytium formation by plasma membrane fusion","0/19","43/3464",0,0,-0.489966202580668,1,1,1,"",0
"GO:0000910","cytokinesis","0/19","67/3464",0,0,-0.61375926496322,1,1,1,"",0
"GO:0000959","mitochondrial RNA metabolic process","0/19","16/3464",0,0,-0.297704086332389,1,1,1,"",0
"GO:0000963","mitochondrial RNA processing","0/19","10/3464",0,0,-0.235151236373825,1,1,1,"",0
"GO:0000966","RNA 5'-end processing","0/19","5/3464",0,0,-0.166156813285022,1,1,1,"",0
"GO:0001109","promoter clearance during DNA-templated transcription","0/19","6/3464",0,0,-0.182041985591496,1,1,1,"",0
"GO:0001111","RNA polymerase II promoter clearance","0/19","6/3464",0,0,-0.182041985591496,1,1,1,"",0
"GO:0001188","RNA polymerase I preinitiation complex assembly","0/19","5/3464",0,0,-0.166156813285022,1,1,1,"",0
"GO:0001325","formation of extrachromosomal circular DNA","0/19","6/3464",0,0,-0.182041985591496,1,1,1,"",0
"GO:0001501","skeletal system development","0/19","48/3464",0,0,-0.518048142454573,1,1,1,"",0
"GO:0001503","ossification","0/19","60/3464",0,0,-0.580215441427685,1,1,1,"",0
"GO:0001504","neurotransmitter uptake","0/19","7/3464",0,0,-0.196656254499952,1,1,1,"",0
"GO:0001510","RNA methylation","0/19","16/3464",0,0,-0.297704086332389,1,1,1,"",0
"GO:0001516","prostaglandin biosynthetic process","0/19","7/3464",0,0,-0.196656254499952,1,1,1,"",0
"GO:0001523","retinoid metabolic process","0/19","5/3464",0,0,-0.166156813285022,1,1,1,"",0
"GO:0001525","angiogenesis","0/19","92/3464",0,0,-0.721869285873919,1,1,1,"",0
"GO:0001539","cilium or flagellum-dependent cell motility","0/19","25/3464",0,0,-0.372616729405071,1,1,1,"",0
"GO:0001541","ovarian follicle development","0/19","5/3464",0,0,-0.166156813285022,1,1,1,"",0
"GO:0001568","blood vessel development","0/19","108/3464",0,0,-0.783987854727375,1,1,1,"",0
"GO:0001570","vasculogenesis","0/19","12/3464",0,0,-0.257669884406375,1,1,1,"",0
"GO:0001573","ganglioside metabolic process","0/19","5/3464",0,0,-0.166156813285022,1,1,1,"",0
"GO:0001578","microtubule bundle formation","0/19","20/3464",0,0,-0.333036519803188,1,1,1,"",0
"GO:0001649","osteoblast differentiation","0/19","35/3464",0,0,-0.441528470388438,1,1,1,"",0
"GO:0001654","eye development","0/19","48/3464",0,0,-0.518048142454573,1,1,1,"",0
"GO:0001656","metanephros development","0/19","10/3464",0,0,-0.235151236373825,1,1,1,"",0
"GO:0001657","ureteric bud development","0/19","8/3464",0,0,-0.210264792883586,1,1,1,"",0
"GO:0001659","temperature homeostasis","0/19","41/3464",0,0,-0.478296179566983,1,1,1,"",0
"GO:0001667","ameboidal-type cell migration","0/19","50/3464",0,0,-0.528885519978056,1,1,1,"",0
"GO:0001676","long-chain fatty acid metabolic process","0/19","21/3464",0,0,-0.341310437223647,1,1,1,"",0
"GO:0001701","in utero embryonic development","0/19","19/3464",0,0,-0.324556731049388,1,1,1,"",0
"GO:0001704","formation of primary germ layer","0/19","9/3464",0,0,-0.223051763894324,1,1,1,"",0
"GO:0001706","endoderm formation","0/19","7/3464",0,0,-0.196656254499952,1,1,1,"",0
"GO:0001708","cell fate specification","0/19","12/3464",0,0,-0.257669884406375,1,1,1,"",0
"GO:0001731","formation of translation preinitiation complex","0/19","5/3464",0,0,-0.166156813285022,1,1,1,"",0
"GO:0001732","formation of cytoplasmic translation initiation complex","0/19","9/3464",0,0,-0.223051763894324,1,1,1,"",0
"GO:0001738","morphogenesis of a polarized epithelium","0/19","8/3464",0,0,-0.210264792883586,1,1,1,"",0
"GO:0001754","eye photoreceptor cell differentiation","0/19","5/3464",0,0,-0.166156813285022,1,1,1,"",0
"GO:0001755","neural crest cell migration","0/19","10/3464",0,0,-0.235151236373825,1,1,1,"",0
"GO:0001763","morphogenesis of a branching structure","0/19","14/3464",0,0,-0.278395943846603,1,1,1,"",0
"GO:0001774","microglial cell activation","0/19","6/3464",0,0,-0.182041985591496,1,1,1,"",0
"GO:0001776","leukocyte homeostasis","0/19","16/3464",0,0,-0.297704086332389,1,1,1,"",0
"GO:0001778","plasma membrane repair","0/19","7/3464",0,0,-0.196656254499952,1,1,1,"",0
"GO:0001818","negative regulation of cytokine production","0/19","43/3464",0,0,-0.489966202580668,1,1,1,"",0
"GO:0001819","positive regulation of cytokine production","0/19","74/3464",0,0,-0.645690570153128,1,1,1,"",0
"GO:0001822","kidney development","0/19","41/3464",0,0,-0.478296179566983,1,1,1,"",0
"GO:0001823","mesonephros development","0/19","10/3464",0,0,-0.235151236373825,1,1,1,"",0
"GO:0001824","blastocyst development","0/19","6/3464",0,0,-0.182041985591496,1,1,1,"",0
"GO:0001836","release of cytochrome c from mitochondria","0/19","15/3464",0,0,-0.288208951504192,1,1,1,"",0
"GO:0001838","embryonic epithelial tube formation","0/19","10/3464",0,0,-0.235151236373825,1,1,1,"",0
"GO:0001841","neural tube formation","0/19","9/3464",0,0,-0.223051763894324,1,1,1,"",0
"GO:0001843","neural tube closure","0/19","9/3464",0,0,-0.223051763894324,1,1,1,"",0
"GO:0001845","phagolysosome assembly","0/19","6/3464",0,0,-0.182041985591496,1,1,1,"",0
"GO:0001881","receptor recycling","0/19","15/3464",0,0,-0.288208951504192,1,1,1,"",0
"GO:0001885","endothelial cell development","0/19","11/3464",0,0,-0.246664407017154,1,1,1,"",0
"GO:0001889","liver development","0/19","15/3464",0,0,-0.288208951504192,1,1,1,"",0
"GO:0001890","placenta development","0/19","11/3464",0,0,-0.246664407017154,1,1,1,"",0
"GO:0001906","cell killing","0/19","18/3464",0,0,-0.31585448576581,1,1,1,"",0
"GO:0001909","leukocyte mediated cytotoxicity","0/19","13/3464",0,0,-0.268230172957206,1,1,1,"",0
"GO:0001910","regulation of leukocyte mediated cytotoxicity","0/19","6/3464",0,0,-0.182041985591496,1,1,1,"",0
"GO:0001919","regulation of receptor recycling","0/19","6/3464",0,0,-0.182041985591496,1,1,1,"",0
"GO:0001921","positive regulation of receptor recycling","0/19","5/3464",0,0,-0.166156813285022,1,1,1,"",0
"GO:0001932","regulation of protein phosphorylation","0/19","95/3464",0,0,-0.733871006817434,1,1,1,"",0
"GO:0001933","negative regulation of protein phosphorylation","0/19","33/3464",0,0,-0.428602839616084,1,1,1,"",0
"GO:0001934","positive regulation of protein phosphorylation","0/19","50/3464",0,0,-0.528885519978056,1,1,1,"",0
"GO:0001935","endothelial cell proliferation","0/19","30/3464",0,0,-0.408478229509318,1,1,1,"",0
"GO:0001936","regulation of endothelial cell proliferation","0/19","26/3464",0,0,-0.380051254953769,1,1,1,"",0
"GO:0001937","negative regulation of endothelial cell proliferation","0/19","7/3464",0,0,-0.196656254499952,1,1,1,"",0
"GO:0001938","positive regulation of endothelial cell proliferation","0/19","19/3464",0,0,-0.324556731049388,1,1,1,"",0
"GO:0001941","postsynaptic membrane organization","0/19","10/3464",0,0,-0.235151236373825,1,1,1,"",0
"GO:0001942","hair follicle development","0/19","6/3464",0,0,-0.182041985591496,1,1,1,"",0
"GO:0001944","vasculature development","0/19","112/3464",0,0,-0.798850367803142,1,1,1,"",0
"GO:0001947","heart looping","0/19","5/3464",0,0,-0.166156813285022,1,1,1,"",0
"GO:0001952","regulation of cell-matrix adhesion","0/19","37/3464",0,0,-0.454100774842204,1,1,1,"",0
"GO:0001953","negative regulation of cell-matrix adhesion","0/19","10/3464",0,0,-0.235151236373825,1,1,1,"",0
"GO:0001954","positive regulation of cell-matrix adhesion","0/19","16/3464",0,0,-0.297704086332389,1,1,1,"",0
"GO:0001956","positive regulation of neurotransmitter secretion","0/19","7/3464",0,0,-0.196656254499952,1,1,1,"",0
"GO:0001961","positive regulation of cytokine-mediated signaling pathway","0/19","13/3464",0,0,-0.268230172957206,1,1,1,"",0
"GO:0001964","startle response","0/19","5/3464",0,0,-0.166156813285022,1,1,1,"",0
"GO:0001975","response to amphetamine","0/19","5/3464",0,0,-0.166156813285022,1,1,1,"",0
"GO:0002027","regulation of heart rate","0/19","16/3464",0,0,-0.297704086332389,1,1,1,"",0
"GO:0002040","sprouting angiogenesis","0/19","28/3464",0,0,-0.394512593545314,1,1,1,"",0
"GO:0002042","cell migration involved in sprouting angiogenesis","0/19","16/3464",0,0,-0.297704086332389,1,1,1,"",0
"GO:0002062","chondrocyte differentiation","0/19","15/3464",0,0,-0.288208951504192,1,1,1,"",0
"GO:0002065","columnar/cuboidal epithelial cell differentiation","0/19","10/3464",0,0,-0.235151236373825,1,1,1,"",0
"GO:0002088","lens development in camera-type eye","0/19","10/3464",0,0,-0.235151236373825,1,1,1,"",0
"GO:0002089","lens morphogenesis in camera-type eye","0/19","5/3464",0,0,-0.166156813285022,1,1,1,"",0
"GO:0002090","regulation of receptor internalization","0/19","27/3464",0,0,-0.387347314334364,1,1,1,"",0
"GO:0002091","negative regulation of receptor internalization","0/19","5/3464",0,0,-0.166156813285022,1,1,1,"",0
"GO:0002092","positive regulation of receptor internalization","0/19","8/3464",0,0,-0.210264792883586,1,1,1,"",0
"GO:0002097","tRNA wobble base modification","0/19","6/3464",0,0,-0.182041985591496,1,1,1,"",0
"GO:0002098","tRNA wobble uridine modification","0/19","5/3464",0,0,-0.166156813285022,1,1,1,"",0
"GO:0002181","cytoplasmic translation","0/19","114/3464",0,0,-0.806191946220993,1,1,1,"",0
"GO:0002182","cytoplasmic translational elongation","0/19","18/3464",0,0,-0.31585448576581,1,1,1,"",0
"GO:0002183","cytoplasmic translational initiation","0/19","24/3464",0,0,-0.365035273643728,1,1,1,"",0
"GO:0002200","somatic diversification of immune receptors","0/19","14/3464",0,0,-0.278395943846603,1,1,1,"",0
"GO:0002204","somatic recombination of immunoglobulin genes involved in immune response","0/19","8/3464",0,0,-0.210264792883586,1,1,1,"",0
"GO:0002208","somatic diversification of immunoglobulins involved in immune response","0/19","8/3464",0,0,-0.210264792883586,1,1,1,"",0
"GO:0002218","activation of innate immune response","0/19","70/3464",0,0,-0.627626878368584,1,1,1,"",0
"GO:0002220","innate immune response activating cell surface receptor signaling pathway","0/19","17/3464",0,0,-0.306910857143731,1,1,1,"",0
"GO:0002221","pattern recognition receptor signaling pathway","0/19","58/3464",0,0,-0.570295714520755,1,1,1,"",0
"GO:0002223","stimulatory C-type lectin receptor signaling pathway","0/19","6/3464",0,0,-0.182041985591496,1,1,1,"",0
"GO:0002224","toll-like receptor signaling pathway","0/19","10/3464",0,0,-0.235151236373825,1,1,1,"",0
"GO:0002228","natural killer cell mediated immunity","0/19","12/3464",0,0,-0.257669884406375,1,1,1,"",0
"GO:0002237","response to molecule of bacterial origin","0/19","36/3464",0,0,-0.44785690746358,1,1,1,"",0
"GO:0002244","hematopoietic progenitor cell differentiation","0/19","21/3464",0,0,-0.341310437223647,1,1,1,"",0
"GO:0002253","activation of immune response","0/19","110/3464",0,0,-0.791449568355613,1,1,1,"",0
"GO:0002260","lymphocyte homeostasis","0/19","12/3464",0,0,-0.257669884406375,1,1,1,"",0
"GO:0002269","leukocyte activation involved in inflammatory response","0/19","6/3464",0,0,-0.182041985591496,1,1,1,"",0
"GO:0002274","myeloid leukocyte activation","0/19","27/3464",0,0,-0.387347314334364,1,1,1,"",0
"GO:0002275","myeloid cell activation involved in immune response","0/19","11/3464",0,0,-0.246664407017154,1,1,1,"",0
"GO:0002279","mast cell activation involved in immune response","0/19","9/3464",0,0,-0.223051763894324,1,1,1,"",0
"GO:0002295","T-helper cell lineage commitment","0/19","7/3464",0,0,-0.196656254499952,1,1,1,"",0
"GO:0002312","B cell activation involved in immune response","0/19","13/3464",0,0,-0.268230172957206,1,1,1,"",0
"GO:0002313","mature B cell differentiation involved in immune response","0/19","5/3464",0,0,-0.166156813285022,1,1,1,"",0
"GO:0002335","mature B cell differentiation","0/19","5/3464",0,0,-0.166156813285022,1,1,1,"",0
"GO:0002347","response to tumor cell","0/19","9/3464",0,0,-0.223051763894324,1,1,1,"",0
"GO:0002360","T cell lineage commitment","0/19","9/3464",0,0,-0.223051763894324,1,1,1,"",0
"GO:0002363","alpha-beta T cell lineage commitment","0/19","9/3464",0,0,-0.223051763894324,1,1,1,"",0
"GO:0002367","cytokine production involved in immune response","0/19","10/3464",0,0,-0.235151236373825,1,1,1,"",0
"GO:0002377","immunoglobulin production","0/19","16/3464",0,0,-0.297704086332389,1,1,1,"",0
"GO:0002381","immunoglobulin production involved in immunoglobulin-mediated immune response","0/19","8/3464",0,0,-0.210264792883586,1,1,1,"",0
"GO:0002418","immune response to tumor cell","0/19","8/3464",0,0,-0.210264792883586,1,1,1,"",0
"GO:0002424","T cell mediated immune response to tumor cell","0/19","7/3464",0,0,-0.196656254499952,1,1,1,"",0
"GO:0002429","immune response-activating cell surface receptor signaling pathway","0/19","55/3464",0,0,-0.555106454681407,1,1,1,"",0
"GO:0002431","Fc receptor mediated stimulatory signaling pathway","0/19","9/3464",0,0,-0.223051763894324,1,1,1,"",0
"GO:0002437","inflammatory response to antigenic stimulus","0/19","11/3464",0,0,-0.246664407017154,1,1,1,"",0
"GO:0002440","production of molecular mediator of immune response","0/19","26/3464",0,0,-0.380051254953769,1,1,1,"",0
"GO:0002443","leukocyte mediated immunity","0/19","49/3464",0,0,-0.523493289707436,1,1,1,"",0
"GO:0002444","myeloid leukocyte mediated immunity","0/19","14/3464",0,0,-0.278395943846603,1,1,1,"",0
"GO:0002448","mast cell mediated immunity","0/19","8/3464",0,0,-0.210264792883586,1,1,1,"",0
"GO:0002449","lymphocyte mediated immunity","0/19","35/3464",0,0,-0.441528470388438,1,1,1,"",0
"GO:0002456","T cell mediated immunity","0/19","14/3464",0,0,-0.278395943846603,1,1,1,"",0
"GO:0002474","antigen processing and presentation of peptide antigen via MHC class I","0/19","5/3464",0,0,-0.166156813285022,1,1,1,"",0
"GO:0002504","antigen processing and presentation of peptide or polysaccharide antigen via MHC class II","0/19","5/3464",0,0,-0.166156813285022,1,1,1,"",0
"GO:0002520","immune system development","0/19","20/3464",0,0,-0.333036519803188,1,1,1,"",0
"GO:0002526","acute inflammatory response","0/19","5/3464",0,0,-0.166156813285022,1,1,1,"",0
"GO:0002548","monocyte chemotaxis","0/19","6/3464",0,0,-0.182041985591496,1,1,1,"",0
"GO:0002562","somatic diversification of immune receptors via germline recombination within a single locus","0/19","13/3464",0,0,-0.268230172957206,1,1,1,"",0
"GO:0002637","regulation of immunoglobulin production","0/19","8/3464",0,0,-0.210264792883586,1,1,1,"",0
"GO:0002639","positive regulation of immunoglobulin production","0/19","6/3464",0,0,-0.182041985591496,1,1,1,"",0
"GO:0002683","negative regulation of immune system process","0/19","96/3464",0,0,-0.737832885904999,1,1,1,"",0
"GO:0002685","regulation of leukocyte migration","0/19","29/3464",0,0,-0.401554097064957,1,1,1,"",0
"GO:0002687","positive regulation of leukocyte migration","0/19","25/3464",0,0,-0.372616729405071,1,1,1,"",0
"GO:0002688","regulation of leukocyte chemotaxis","0/19","17/3464",0,0,-0.306910857143731,1,1,1,"",0
"GO:0002690","positive regulation of leukocyte chemotaxis","0/19","16/3464",0,0,-0.297704086332389,1,1,1,"",0
"GO:0002695","negative regulation of leukocyte activation","0/19","30/3464",0,0,-0.408478229509318,1,1,1,"",0
"GO:0002696","positive regulation of leukocyte activation","0/19","57/3464",0,0,-0.565275020198315,1,1,1,"",0
"GO:0002698","negative regulation of immune effector process","0/19","14/3464",0,0,-0.278395943846603,1,1,1,"",0
"GO:0002699","positive regulation of immune effector process","0/19","34/3464",0,0,-0.435111770286058,1,1,1,"",0
"GO:0002700","regulation of production of molecular mediator of immune response","0/19","18/3464",0,0,-0.31585448576581,1,1,1,"",0
"GO:0002702","positive regulation of production of molecular mediator of immune response","0/19","16/3464",0,0,-0.297704086332389,1,1,1,"",0
"GO:0002703","regulation of leukocyte mediated immunity","0/19","31/3464",0,0,-0.415290865128321,1,1,1,"",0
"GO:0002704","negative regulation of leukocyte mediated immunity","0/19","6/3464",0,0,-0.182041985591496,1,1,1,"",0
"GO:0002705","positive regulation of leukocyte mediated immunity","0/19","19/3464",0,0,-0.324556731049388,1,1,1,"",0
"GO:0002706","regulation of lymphocyte mediated immunity","0/19","23/3464",0,0,-0.357297530736516,1,1,1,"",0
"GO:0002707","negative regulation of lymphocyte mediated immunity","0/19","6/3464",0,0,-0.182041985591496,1,1,1,"",0
"GO:0002708","positive regulation of lymphocyte mediated immunity","0/19","15/3464",0,0,-0.288208951504192,1,1,1,"",0
"GO:0002709","regulation of T cell mediated immunity","0/19","12/3464",0,0,-0.257669884406375,1,1,1,"",0
"GO:0002711","positive regulation of T cell mediated immunity","0/19","8/3464",0,0,-0.210264792883586,1,1,1,"",0
"GO:0002712","regulation of B cell mediated immunity","0/19","6/3464",0,0,-0.182041985591496,1,1,1,"",0
"GO:0002715","regulation of natural killer cell mediated immunity","0/19","5/3464",0,0,-0.166156813285022,1,1,1,"",0
"GO:0002718","regulation of cytokine production involved in immune response","0/19","10/3464",0,0,-0.235151236373825,1,1,1,"",0
"GO:0002720","positive regulation of cytokine production involved in immune response","0/19","10/3464",0,0,-0.235151236373825,1,1,1,"",0
"GO:0002752","cell surface pattern recognition receptor signaling pathway","0/19","12/3464",0,0,-0.257669884406375,1,1,1,"",0
"GO:0002753","cytoplasmic pattern recognition receptor signaling pathway","0/19","42/3464",0,0,-0.484164648131792,1,1,1,"",0
"GO:0002757","immune response-activating signaling pathway","0/19","99/3464",0,0,-0.749606763031418,1,1,1,"",0
"GO:0002758","innate immune response-activating signaling pathway","0/19","63/3464",0,0,-0.594806070053513,1,1,1,"",0
"GO:0002762","negative regulation of myeloid leukocyte differentiation","0/19","6/3464",0,0,-0.182041985591496,1,1,1,"",0
"GO:0002764","immune response-regulating signaling pathway","0/19","102/3464",0,0,-0.761219078406715,1,1,1,"",0
"GO:0002768","immune response-regulating cell surface receptor signaling pathway","0/19","58/3464",0,0,-0.570295714520755,1,1,1,"",0
"GO:0002820","negative regulation of adaptive immune response","0/19","7/3464",0,0,-0.196656254499952,1,1,1,"",0
"GO:0002821","positive regulation of adaptive immune response","0/19","16/3464",0,0,-0.297704086332389,1,1,1,"",0
"GO:0002823","negative regulation of adaptive immune response based on somatic recombination of immune receptors built from immunoglobulin superfamily domains","0/19","7/3464",0,0,-0.196656254499952,1,1,1,"",0
"GO:0002824","positive regulation of adaptive immune response based on somatic recombination of immune receptors built from immunoglobulin superfamily domains","0/19","15/3464",0,0,-0.288208951504192,1,1,1,"",0
"GO:0002831","regulation of response to biotic stimulus","0/19","113/3464",0,0,-0.80252845677417,1,1,1,"",0
"GO:0002832","negative regulation of response to biotic stimulus","0/19","23/3464",0,0,-0.357297530736516,1,1,1,"",0
"GO:0002833","positive regulation of response to biotic stimulus","0/19","81/3464",0,0,-0.676238579470028,1,1,1,"",0
"GO:0002834","regulation of response to tumor cell","0/19","8/3464",0,0,-0.210264792883586,1,1,1,"",0
"GO:0002837","regulation of immune response to tumor cell","0/19","7/3464",0,0,-0.196656254499952,1,1,1,"",0
"GO:0002840","regulation of T cell mediated immune response to tumor cell","0/19","7/3464",0,0,-0.196656254499952,1,1,1,"",0
"GO:0002861","regulation of inflammatory response to antigenic stimulus","0/19","9/3464",0,0,-0.223051763894324,1,1,1,"",0
"GO:0002862","negative regulation of inflammatory response to antigenic stimulus","0/19","8/3464",0,0,-0.210264792883586,1,1,1,"",0
"GO:0002886","regulation of myeloid leukocyte mediated immunity","0/19","8/3464",0,0,-0.210264792883586,1,1,1,"",0
"GO:0002889","regulation of immunoglobulin mediated immune response","0/19","6/3464",0,0,-0.182041985591496,1,1,1,"",0
"GO:0002931","response to ischemia","0/19","12/3464",0,0,-0.257669884406375,1,1,1,"",0
"GO:0003002","regionalization","0/19","28/3464",0,0,-0.394512593545314,1,1,1,"",0
"GO:0003009","skeletal muscle contraction","0/19","5/3464",0,0,-0.166156813285022,1,1,1,"",0
"GO:0003014","renal system process","0/19","13/3464",0,0,-0.268230172957206,1,1,1,"",0
"GO:0003044","regulation of systemic arterial blood pressure mediated by a chemical signal","0/19","5/3464",0,0,-0.166156813285022,1,1,1,"",0
"GO:0003073","regulation of systemic arterial blood pressure","0/19","8/3464",0,0,-0.210264792883586,1,1,1,"",0
"GO:0003091","renal water homeostasis","0/19","6/3464",0,0,-0.182041985591496,1,1,1,"",0
"GO:0003143","embryonic heart tube morphogenesis","0/19","6/3464",0,0,-0.182041985591496,1,1,1,"",0
"GO:0003151","outflow tract morphogenesis","0/19","10/3464",0,0,-0.235151236373825,1,1,1,"",0
"GO:0003158","endothelium development","0/19","24/3464",0,0,-0.365035273643728,1,1,1,"",0
"GO:0003159","morphogenesis of an endothelium","0/19","7/3464",0,0,-0.196656254499952,1,1,1,"",0
"GO:0003161","cardiac conduction system development","0/19","5/3464",0,0,-0.166156813285022,1,1,1,"",0
"GO:0003176","aortic valve development","0/19","9/3464",0,0,-0.223051763894324,1,1,1,"",0
"GO:0003177","pulmonary valve development","0/19","5/3464",0,0,-0.166156813285022,1,1,1,"",0
"GO:0003180","aortic valve morphogenesis","0/19","7/3464",0,0,-0.196656254499952,1,1,1,"",0
"GO:0003197","endocardial cushion development","0/19","9/3464",0,0,-0.223051763894324,1,1,1,"",0
"GO:0003203","endocardial cushion morphogenesis","0/19","7/3464",0,0,-0.196656254499952,1,1,1,"",0
"GO:0003205","cardiac chamber development","0/19","16/3464",0,0,-0.297704086332389,1,1,1,"",0
"GO:0003206","cardiac chamber morphogenesis","0/19","10/3464",0,0,-0.235151236373825,1,1,1,"",0
"GO:0003208","cardiac ventricle morphogenesis","0/19","5/3464",0,0,-0.166156813285022,1,1,1,"",0
"GO:0003229","ventricular cardiac muscle tissue development","0/19","6/3464",0,0,-0.182041985591496,1,1,1,"",0
"GO:0003231","cardiac ventricle development","0/19","12/3464",0,0,-0.257669884406375,1,1,1,"",0
"GO:0003254","regulation of membrane depolarization","0/19","9/3464",0,0,-0.223051763894324,1,1,1,"",0
"GO:0003279","cardiac septum development","0/19","12/3464",0,0,-0.257669884406375,1,1,1,"",0
"GO:0003281","ventricular septum development","0/19","8/3464",0,0,-0.210264792883586,1,1,1,"",0
"GO:0003300","cardiac muscle hypertrophy","0/19","13/3464",0,0,-0.268230172957206,1,1,1,"",0
"GO:0003309","type B pancreatic cell differentiation","0/19","8/3464",0,0,-0.210264792883586,1,1,1,"",0
"GO:0003323","type B pancreatic cell development","0/19","8/3464",0,0,-0.210264792883586,1,1,1,"",0
"GO:0003333","amino acid transmembrane transport","0/19","22/3464",0,0,-0.34939311326674,1,1,1,"",0
"GO:0003341","cilium movement","0/19","26/3464",0,0,-0.380051254953769,1,1,1,"",0
"GO:0003407","neural retina development","0/19","14/3464",0,0,-0.278395943846603,1,1,1,"",0
"GO:0005513","detection of calcium ion","0/19","5/3464",0,0,-0.166156813285022,1,1,1,"",0
"GO:0005976","polysaccharide metabolic process","0/19","25/3464",0,0,-0.372616729405071,1,1,1,"",0
"GO:0005977","glycogen metabolic process","0/19","22/3464",0,0,-0.34939311326674,1,1,1,"",0
"GO:0005978","glycogen biosynthetic process","0/19","11/3464",0,0,-0.246664407017154,1,1,1,"",0
"GO:0005979","regulation of glycogen biosynthetic process","0/19","7/3464",0,0,-0.196656254499952,1,1,1,"",0
"GO:0005980","glycogen catabolic process","0/19","10/3464",0,0,-0.235151236373825,1,1,1,"",0
"GO:0006002","fructose 6-phosphate metabolic process","0/19","6/3464",0,0,-0.182041985591496,1,1,1,"",0
"GO:0006023","aminoglycan biosynthetic process","0/19","7/3464",0,0,-0.196656254499952,1,1,1,"",0
"GO:0006024","glycosaminoglycan biosynthetic process","0/19","7/3464",0,0,-0.196656254499952,1,1,1,"",0
"GO:0006040","amino sugar metabolic process","0/19","10/3464",0,0,-0.235151236373825,1,1,1,"",0
"GO:0006054","N-acetylneuraminate metabolic process","0/19","5/3464",0,0,-0.166156813285022,1,1,1,"",0
"GO:0006066","alcohol metabolic process","0/19","56/3464",0,0,-0.560212317594344,1,1,1,"",0
"GO:0006081","aldehyde metabolic process","0/19","8/3464",0,0,-0.210264792883586,1,1,1,"",0
"GO:0006084","acetyl-CoA metabolic process","0/19","12/3464",0,0,-0.257669884406375,1,1,1,"",0
"GO:0006085","acetyl-CoA biosynthetic process","0/19","8/3464",0,0,-0.210264792883586,1,1,1,"",0
"GO:0006086","pyruvate decarboxylation to acetyl-CoA","0/19","6/3464",0,0,-0.182041985591496,1,1,1,"",0
"GO:0006099","tricarboxylic acid cycle","0/19","10/3464",0,0,-0.235151236373825,1,1,1,"",0
"GO:0006103","2-oxoglutarate metabolic process","0/19","5/3464",0,0,-0.166156813285022,1,1,1,"",0
"GO:0006109","regulation of carbohydrate metabolic process","0/19","43/3464",0,0,-0.489966202580668,1,1,1,"",0
"GO:0006110","regulation of glycolytic process","0/19","17/3464",0,0,-0.306910857143731,1,1,1,"",0
"GO:0006111","regulation of gluconeogenesis","0/19","15/3464",0,0,-0.288208951504192,1,1,1,"",0
"GO:0006112","energy reserve metabolic process","0/19","26/3464",0,0,-0.380051254953769,1,1,1,"",0
"GO:0006119","oxidative phosphorylation","0/19","34/3464",0,0,-0.435111770286058,1,1,1,"",0
"GO:0006120","mitochondrial electron transport, NADH to ubiquinone","0/19","13/3464",0,0,-0.268230172957206,1,1,1,"",0
"GO:0006122","mitochondrial electron transport, ubiquinol to cytochrome c","0/19","6/3464",0,0,-0.182041985591496,1,1,1,"",0
"GO:0006123","mitochondrial electron transport, cytochrome c to oxygen","0/19","7/3464",0,0,-0.196656254499952,1,1,1,"",0
"GO:0006140","regulation of nucleotide metabolic process","0/19","26/3464",0,0,-0.380051254953769,1,1,1,"",0
"GO:0006144","purine nucleobase metabolic process","0/19","5/3464",0,0,-0.166156813285022,1,1,1,"",0
"GO:0006220","pyrimidine nucleotide metabolic process","0/19","13/3464",0,0,-0.268230172957206,1,1,1,"",0
"GO:0006221","pyrimidine nucleotide biosynthetic process","0/19","10/3464",0,0,-0.235151236373825,1,1,1,"",0
"GO:0006241","CTP biosynthetic process","0/19","5/3464",0,0,-0.166156813285022,1,1,1,"",0
"GO:0006244","pyrimidine nucleotide catabolic process","0/19","5/3464",0,0,-0.166156813285022,1,1,1,"",0
"GO:0006259","DNA metabolic process","0/19","256/3464",0,0,-1.23455725497365,1,1,1,"",0
"GO:0006260","DNA replication","0/19","77/3464",0,0,-0.65894049436606,1,1,1,"",0
"GO:0006261","DNA-templated DNA replication","0/19","28/3464",0,0,-0.394512593545314,1,1,1,"",0
"GO:0006265","DNA topological change","0/19","6/3464",0,0,-0.182041985591496,1,1,1,"",0
"GO:0006270","DNA replication initiation","0/19","10/3464",0,0,-0.235151236373825,1,1,1,"",0
"GO:0006275","regulation of DNA replication","0/19","31/3464",0,0,-0.415290865128321,1,1,1,"",0
"GO:0006278","RNA-templated DNA biosynthetic process","0/19","25/3464",0,0,-0.372616729405071,1,1,1,"",0
"GO:0006281","DNA repair","0/19","169/3464",0,0,-0.989746730910321,1,1,1,"",0
"GO:0006282","regulation of DNA repair","0/19","61/3464",0,0,-0.585116541645483,1,1,1,"",0
"GO:0006284","base-excision repair","0/19","13/3464",0,0,-0.268230172957206,1,1,1,"",0
"GO:0006289","nucleotide-excision repair","0/19","32/3464",0,0,-0.421997407283268,1,1,1,"",0
"GO:0006298","mismatch repair","0/19","8/3464",0,0,-0.210264792883586,1,1,1,"",0
"GO:0006301","DNA damage tolerance","0/19","13/3464",0,0,-0.268230172957206,1,1,1,"",0
"GO:0006302","double-strand break repair","0/19","82/3464",0,0,-0.680500670873999,1,1,1,"",0
"GO:0006303","double-strand break repair via nonhomologous end joining","0/19","18/3464",0,0,-0.31585448576581,1,1,1,"",0
"GO:0006307","DNA alkylation repair","0/19","6/3464",0,0,-0.182041985591496,1,1,1,"",0
"GO:0006310","DNA recombination","0/19","70/3464",0,0,-0.627626878368584,1,1,1,"",0
"GO:0006312","mitotic recombination","0/19","7/3464",0,0,-0.196656254499952,1,1,1,"",0
"GO:0006334","nucleosome assembly","0/19","21/3464",0,0,-0.341310437223647,1,1,1,"",0
"GO:0006337","nucleosome disassembly","0/19","8/3464",0,0,-0.210264792883586,1,1,1,"",0
"GO:0006346","DNA methylation-dependent constitutive heterochromatin formation","0/19","10/3464",0,0,-0.235151236373825,1,1,1,"",0
"GO:0006352","DNA-templated transcription initiation","0/19","79/3464",0,0,-0.667640451653802,1,1,1,"",0
"GO:0006353","DNA-templated transcription termination","0/19","19/3464",0,0,-0.324556731049388,1,1,1,"",0
"GO:0006354","DNA-templated transcription elongation","0/19","63/3464",0,0,-0.594806070053513,1,1,1,"",0
"GO:0006359","regulation of transcription by RNA polymerase III","0/19","12/3464",0,0,-0.257669884406375,1,1,1,"",0
"GO:0006361","transcription initiation at RNA polymerase I promoter","0/19","9/3464",0,0,-0.223051763894324,1,1,1,"",0
"GO:0006363","termination of RNA polymerase I transcription","0/19","5/3464",0,0,-0.166156813285022,1,1,1,"",0
"GO:0006364","rRNA processing","0/19","63/3464",0,0,-0.594806070053513,1,1,1,"",0
"GO:0006367","transcription initiation at RNA polymerase II promoter","0/19","63/3464",0,0,-0.594806070053513,1,1,1,"",0
"GO:0006368","transcription elongation by RNA polymerase II","0/19","57/3464",0,0,-0.565275020198315,1,1,1,"",0
"GO:0006369","termination of RNA polymerase II transcription","0/19","12/3464",0,0,-0.257669884406375,1,1,1,"",0
"GO:0006376","mRNA splice site recognition","0/19","16/3464",0,0,-0.297704086332389,1,1,1,"",0
"GO:0006383","transcription by RNA polymerase III","0/19","20/3464",0,0,-0.333036519803188,1,1,1,"",0
"GO:0006384","transcription initiation at RNA polymerase III promoter","0/19","7/3464",0,0,-0.196656254499952,1,1,1,"",0
"GO:0006399","tRNA metabolic process","0/19","47/3464",0,0,-0.512548388858327,1,1,1,"",0
"GO:0006400","tRNA modification","0/19","24/3464",0,0,-0.365035273643728,1,1,1,"",0
"GO:0006405","RNA export from nucleus","0/19","43/3464",0,0,-0.489966202580668,1,1,1,"",0
"GO:0006406","mRNA export from nucleus","0/19","30/3464",0,0,-0.408478229509318,1,1,1,"",0
"GO:0006413","translational initiation","0/19","58/3464",0,0,-0.570295714520755,1,1,1,"",0
"GO:0006414","translational elongation","0/19","29/3464",0,0,-0.401554097064957,1,1,1,"",0
"GO:0006418","tRNA aminoacylation for protein translation","0/19","7/3464",0,0,-0.196656254499952,1,1,1,"",0
"GO:0006446","regulation of translational initiation","0/19","45/3464",0,0,-0.501377845320214,1,1,1,"",0
"GO:0006468","protein phosphorylation","0/19","173/3464",0,0,-1.00199958935553,1,1,1,"",0
"GO:0006469","negative regulation of protein kinase activity","0/19","23/3464",0,0,-0.357297530736516,1,1,1,"",0
"GO:0006473","protein acetylation","0/19","9/3464",0,0,-0.223051763894324,1,1,1,"",0
"GO:0006479","protein methylation","0/19","14/3464",0,0,-0.278395943846603,1,1,1,"",0
"GO:0006487","protein N-linked glycosylation","0/19","16/3464",0,0,-0.297704086332389,1,1,1,"",0
"GO:0006491","N-glycan processing","0/19","8/3464",0,0,-0.210264792883586,1,1,1,"",0
"GO:0006493","protein O-linked glycosylation","0/19","30/3464",0,0,-0.408478229509318,1,1,1,"",0
"GO:0006497","protein lipidation","0/19","19/3464",0,0,-0.324556731049388,1,1,1,"",0
"GO:0006505","GPI anchor metabolic process","0/19","11/3464",0,0,-0.246664407017154,1,1,1,"",0
"GO:0006506","GPI anchor biosynthetic process","0/19","11/3464",0,0,-0.246664407017154,1,1,1,"",0
"GO:0006508","proteolysis","0/19","147/3464",0,0,-0.920013848786441,1,1,1,"",0
"GO:0006509","membrane protein ectodomain proteolysis","0/19","16/3464",0,0,-0.297704086332389,1,1,1,"",0
"GO:0006511","ubiquitin-dependent protein catabolic process","0/19","270/3464",0,0,-1.27064098427307,1,1,1,"",0
"GO:0006513","protein monoubiquitination","0/19","24/3464",0,0,-0.365035273643728,1,1,1,"",0
"GO:0006515","protein quality control for misfolded or incompletely synthesized proteins","0/19","8/3464",0,0,-0.210264792883586,1,1,1,"",0
"GO:0006517","protein deglycosylation","0/19","5/3464",0,0,-0.166156813285022,1,1,1,"",0
"GO:0006518","peptide metabolic process","0/19","16/3464",0,0,-0.297704086332389,1,1,1,"",0
"GO:0006520","amino acid metabolic process","0/19","51/3464",0,0,-0.534226438359461,1,1,1,"",0
"GO:0006536","glutamate metabolic process","0/19","8/3464",0,0,-0.210264792883586,1,1,1,"",0
"GO:0006555","methionine metabolic process","0/19","5/3464",0,0,-0.166156813285022,1,1,1,"",0
"GO:0006575","modified amino acid metabolic process","0/19","29/3464",0,0,-0.401554097064957,1,1,1,"",0
"GO:0006576","biogenic amine metabolic process","0/19","14/3464",0,0,-0.278395943846603,1,1,1,"",0
"GO:0006584","catecholamine metabolic process","0/19","7/3464",0,0,-0.196656254499952,1,1,1,"",0
"GO:0006595","polyamine metabolic process","0/19","7/3464",0,0,-0.196656254499952,1,1,1,"",0
"GO:0006596","polyamine biosynthetic process","0/19","6/3464",0,0,-0.182041985591496,1,1,1,"",0
"GO:0006605","protein targeting","0/19","73/3464",0,0,-0.641218388480999,1,1,1,"",0
"GO:0006607","NLS-bearing protein import into nucleus","0/19","9/3464",0,0,-0.223051763894324,1,1,1,"",0
"GO:0006611","protein export from nucleus","0/19","19/3464",0,0,-0.324556731049388,1,1,1,"",0
"GO:0006612","protein targeting to membrane","0/19","34/3464",0,0,-0.435111770286058,1,1,1,"",0
"GO:0006613","cotranslational protein targeting to membrane","0/19","10/3464",0,0,-0.235151236373825,1,1,1,"",0
"GO:0006614","SRP-dependent cotranslational protein targeting to membrane","0/19","7/3464",0,0,-0.196656254499952,1,1,1,"",0
"GO:0006620","post-translational protein targeting to endoplasmic reticulum membrane","0/19","9/3464",0,0,-0.223051763894324,1,1,1,"",0
"GO:0006622","protein targeting to lysosome","0/19","15/3464",0,0,-0.288208951504192,1,1,1,"",0
"GO:0006623","protein targeting to vacuole","0/19","21/3464",0,0,-0.341310437223647,1,1,1,"",0
"GO:0006625","protein targeting to peroxisome","0/19","5/3464",0,0,-0.166156813285022,1,1,1,"",0
"GO:0006629","lipid metabolic process","0/19","260/3464",0,0,-1.24494123932583,1,1,1,"",0
"GO:0006631","fatty acid metabolic process","0/19","75/3464",0,0,-0.650134601061036,1,1,1,"",0
"GO:0006633","fatty acid biosynthetic process","0/19","27/3464",0,0,-0.387347314334364,1,1,1,"",0
"GO:0006635","fatty acid beta-oxidation","0/19","20/3464",0,0,-0.333036519803188,1,1,1,"",0
"GO:0006636","unsaturated fatty acid biosynthetic process","0/19","10/3464",0,0,-0.235151236373825,1,1,1,"",0
"GO:0006637","acyl-CoA metabolic process","0/19","27/3464",0,0,-0.387347314334364,1,1,1,"",0
"GO:0006638","neutral lipid metabolic process","0/19","20/3464",0,0,-0.333036519803188,1,1,1,"",0
"GO:0006639","acylglycerol metabolic process","0/19","20/3464",0,0,-0.333036519803188,1,1,1,"",0
"GO:0006641","triglyceride metabolic process","0/19","14/3464",0,0,-0.278395943846603,1,1,1,"",0
"GO:0006644","phospholipid metabolic process","0/19","106/3464",0,0,-0.776463454647762,1,1,1,"",0
"GO:0006650","glycerophospholipid metabolic process","0/19","88/3464",0,0,-0.705583717572665,1,1,1,"",0
"GO:0006654","phosphatidic acid biosynthetic process","0/19","8/3464",0,0,-0.210264792883586,1,1,1,"",0
"GO:0006656","phosphatidylcholine biosynthetic process","0/19","7/3464",0,0,-0.196656254499952,1,1,1,"",0
"GO:0006658","phosphatidylserine metabolic process","0/19","7/3464",0,0,-0.196656254499952,1,1,1,"",0
"GO:0006661","phosphatidylinositol biosynthetic process","0/19","45/3464",0,0,-0.501377845320214,1,1,1,"",0
"GO:0006664","glycolipid metabolic process","0/19","28/3464",0,0,-0.394512593545314,1,1,1,"",0
"GO:0006665","sphingolipid metabolic process","0/19","31/3464",0,0,-0.415290865128321,1,1,1,"",0
"GO:0006672","ceramide metabolic process","0/19","20/3464",0,0,-0.333036519803188,1,1,1,"",0
"GO:0006684","sphingomyelin metabolic process","0/19","7/3464",0,0,-0.196656254499952,1,1,1,"",0
"GO:0006686","sphingomyelin biosynthetic process","0/19","5/3464",0,0,-0.166156813285022,1,1,1,"",0
"GO:0006687","glycosphingolipid metabolic process","0/19","16/3464",0,0,-0.297704086332389,1,1,1,"",0
"GO:0006688","glycosphingolipid biosynthetic process","0/19","8/3464",0,0,-0.210264792883586,1,1,1,"",0
"GO:0006690","icosanoid metabolic process","0/19","17/3464",0,0,-0.306910857143731,1,1,1,"",0
"GO:0006692","prostanoid metabolic process","0/19","10/3464",0,0,-0.235151236373825,1,1,1,"",0
"GO:0006693","prostaglandin metabolic process","0/19","9/3464",0,0,-0.223051763894324,1,1,1,"",0
"GO:0006694","steroid biosynthetic process","0/19","29/3464",0,0,-0.401554097064957,1,1,1,"",0
"GO:0006695","cholesterol biosynthetic process","0/19","19/3464",0,0,-0.324556731049388,1,1,1,"",0
"GO:0006699","bile acid biosynthetic process","0/19","6/3464",0,0,-0.182041985591496,1,1,1,"",0
"GO:0006720","isoprenoid metabolic process","0/19","14/3464",0,0,-0.278395943846603,1,1,1,"",0
"GO:0006721","terpenoid metabolic process","0/19","13/3464",0,0,-0.268230172957206,1,1,1,"",0
"GO:0006730","one-carbon metabolic process","0/19","7/3464",0,0,-0.196656254499952,1,1,1,"",0
"GO:0006739","NADP+ metabolic process","0/19","7/3464",0,0,-0.196656254499952,1,1,1,"",0
"GO:0006749","glutathione metabolic process","0/19","8/3464",0,0,-0.210264792883586,1,1,1,"",0
"GO:0006750","glutathione biosynthetic process","0/19","5/3464",0,0,-0.166156813285022,1,1,1,"",0
"GO:0006778","porphyrin-containing compound metabolic process","0/19","7/3464",0,0,-0.196656254499952,1,1,1,"",0
"GO:0006779","porphyrin-containing compound biosynthetic process","0/19","5/3464",0,0,-0.166156813285022,1,1,1,"",0
"GO:0006790","sulfur compound metabolic process","0/19","54/3464",0,0,-0.549956226669746,1,1,1,"",0
"GO:0006801","superoxide metabolic process","0/19","13/3464",0,0,-0.268230172957206,1,1,1,"",0
"GO:0006805","xenobiotic metabolic process","0/19","10/3464",0,0,-0.235151236373825,1,1,1,"",0
"GO:0006809","nitric oxide biosynthetic process","0/19","16/3464",0,0,-0.297704086332389,1,1,1,"",0
"GO:0006817","phosphate ion transport","0/19","5/3464",0,0,-0.166156813285022,1,1,1,"",0
"GO:0006820","monoatomic anion transport","0/19","23/3464",0,0,-0.357297530736516,1,1,1,"",0
"GO:0006821","chloride transport","0/19","13/3464",0,0,-0.268230172957206,1,1,1,"",0
"GO:0006826","iron ion transport","0/19","16/3464",0,0,-0.297704086332389,1,1,1,"",0
"GO:0006828","manganese ion transport","0/19","6/3464",0,0,-0.182041985591496,1,1,1,"",0
"GO:0006829","zinc ion transport","0/19","12/3464",0,0,-0.257669884406375,1,1,1,"",0
"GO:0006835","dicarboxylic acid transport","0/19","19/3464",0,0,-0.324556731049388,1,1,1,"",0
"GO:0006836","neurotransmitter transport","0/19","47/3464",0,0,-0.512548388858327,1,1,1,"",0
"GO:0006839","mitochondrial transport","0/19","15/3464",0,0,-0.288208951504192,1,1,1,"",0
"GO:0006851","mitochondrial calcium ion transmembrane transport","0/19","6/3464",0,0,-0.182041985591496,1,1,1,"",0
"GO:0006857","oligopeptide transport","0/19","5/3464",0,0,-0.166156813285022,1,1,1,"",0
"GO:0006858","extracellular transport","0/19","5/3464",0,0,-0.166156813285022,1,1,1,"",0
"GO:0006862","nucleotide transport","0/19","9/3464",0,0,-0.223051763894324,1,1,1,"",0
"GO:0006865","amino acid transport","0/19","31/3464",0,0,-0.415290865128321,1,1,1,"",0
"GO:0006869","lipid transport","0/19","80/3464",0,0,-0.67195199772611,1,1,1,"",0
"GO:0006874","intracellular calcium ion homeostasis","0/19","32/3464",0,0,-0.421997407283268,1,1,1,"",0
"GO:0006879","intracellular iron ion homeostasis","0/19","22/3464",0,0,-0.34939311326674,1,1,1,"",0
"GO:0006882","intracellular zinc ion homeostasis","0/19","6/3464",0,0,-0.182041985591496,1,1,1,"",0
"GO:0006884","cell volume homeostasis","0/19","6/3464",0,0,-0.182041985591496,1,1,1,"",0
"GO:0006885","regulation of pH","0/19","33/3464",0,0,-0.428602839616084,1,1,1,"",0
"GO:0006887","exocytosis","0/19","95/3464",0,0,-0.733871006817434,1,1,1,"",0
"GO:0006888","endoplasmic reticulum to Golgi vesicle-mediated transport","0/19","69/3464",0,0,-0.62303592480905,1,1,1,"",0
"GO:0006890","retrograde vesicle-mediated transport, Golgi to endoplasmic reticulum","0/19","27/3464",0,0,-0.387347314334364,1,1,1,"",0
"GO:0006891","intra-Golgi vesicle-mediated transport","0/19","20/3464",0,0,-0.333036519803188,1,1,1,"",0
"GO:0006892","post-Golgi vesicle-mediated transport","0/19","55/3464",0,0,-0.555106454681407,1,1,1,"",0
"GO:0006893","Golgi to plasma membrane transport","0/19","32/3464",0,0,-0.421997407283268,1,1,1,"",0
"GO:0006895","Golgi to endosome transport","0/19","9/3464",0,0,-0.223051763894324,1,1,1,"",0
"GO:0006896","Golgi to vacuole transport","0/19","11/3464",0,0,-0.246664407017154,1,1,1,"",0
"GO:0006900","vesicle budding from membrane","0/19","48/3464",0,0,-0.518048142454573,1,1,1,"",0
"GO:0006901","vesicle coating","0/19","26/3464",0,0,-0.380051254953769,1,1,1,"",0
"GO:0006903","vesicle targeting","0/19","40/3464",0,0,-0.472358299854603,1,1,1,"",0
"GO:0006904","vesicle docking involved in exocytosis","0/19","13/3464",0,0,-0.268230172957206,1,1,1,"",0
"GO:0006906","vesicle fusion","0/19","41/3464",0,0,-0.478296179566983,1,1,1,"",0
"GO:0006907","pinocytosis","0/19","5/3464",0,0,-0.166156813285022,1,1,1,"",0
"GO:0006909","phagocytosis","0/19","43/3464",0,0,-0.489966202580668,1,1,1,"",0
"GO:0006911","phagocytosis, engulfment","0/19","8/3464",0,0,-0.210264792883586,1,1,1,"",0
"GO:0006914","autophagy","0/19","243/3464",0,0,-1.2003729702747,1,1,1,"",0
"GO:0006929","substrate-dependent cell migration","0/19","6/3464",0,0,-0.182041985591496,1,1,1,"",0
"GO:0006935","chemotaxis","0/19","65/3464",0,0,-0.604351395347242,1,1,1,"",0
"GO:0006937","regulation of muscle contraction","0/19","32/3464",0,0,-0.421997407283268,1,1,1,"",0
"GO:0006939","smooth muscle contraction","0/19","17/3464",0,0,-0.306910857143731,1,1,1,"",0
"GO:0006940","regulation of smooth muscle contraction","0/19","10/3464",0,0,-0.235151236373825,1,1,1,"",0
"GO:0006942","regulation of striated muscle contraction","0/19","19/3464",0,0,-0.324556731049388,1,1,1,"",0
"GO:0006949","syncytium formation","0/19","43/3464",0,0,-0.489966202580668,1,1,1,"",0
"GO:0006959","humoral immune response","0/19","16/3464",0,0,-0.297704086332389,1,1,1,"",0
"GO:0006972","hyperosmotic response","0/19","7/3464",0,0,-0.196656254499952,1,1,1,"",0
"GO:0006974","DNA damage response","0/19","251/3464",0,0,-1.2214900428036,1,1,1,"",0
"GO:0006979","response to oxidative stress","0/19","118/3464",0,0,-0.820703845699623,1,1,1,"",0
"GO:0006984","ER-nucleus signaling pathway","0/19","23/3464",0,0,-0.357297530736516,1,1,1,"",0
"GO:0006986","response to unfolded protein","0/19","55/3464",0,0,-0.555106454681407,1,1,1,"",0
"GO:0006991","response to sterol depletion","0/19","5/3464",0,0,-0.166156813285022,1,1,1,"",0
"GO:0006995","cellular response to nitrogen starvation","0/19","7/3464",0,0,-0.196656254499952,1,1,1,"",0
"GO:0006997","nucleus organization","0/19","39/3464",0,0,-0.466348354527256,1,1,1,"",0
"GO:0006998","nuclear envelope organization","0/19","16/3464",0,0,-0.297704086332389,1,1,1,"",0
"GO:0006999","nuclear pore organization","0/19","8/3464",0,0,-0.210264792883586,1,1,1,"",0
"GO:0007000","nucleolus organization","0/19","5/3464",0,0,-0.166156813285022,1,1,1,"",0
"GO:0007004","telomere maintenance via telomerase","0/19","25/3464",0,0,-0.372616729405071,1,1,1,"",0
"GO:0007005","mitochondrion organization","0/19","99/3464",0,0,-0.749606763031418,1,1,1,"",0
"GO:0007006","mitochondrial membrane organization","0/19","24/3464",0,0,-0.365035273643728,1,1,1,"",0
"GO:0007007","inner mitochondrial membrane organization","0/19","15/3464",0,0,-0.288208951504192,1,1,1,"",0
"GO:0007008","outer mitochondrial membrane organization","0/19","6/3464",0,0,-0.182041985591496,1,1,1,"",0
"GO:0007018","microtubule-based movement","0/19","122/3464",0,0,-0.834997404807994,1,1,1,"",0
"GO:0007019","microtubule depolymerization","0/19","19/3464",0,0,-0.324556731049388,1,1,1,"",0
"GO:0007020","microtubule nucleation","0/19","23/3464",0,0,-0.357297530736516,1,1,1,"",0
"GO:0007026","negative regulation of microtubule depolymerization","0/19","8/3464",0,0,-0.210264792883586,1,1,1,"",0
"GO:0007029","endoplasmic reticulum organization","0/19","33/3464",0,0,-0.428602839616084,1,1,1,"",0
"GO:0007030","Golgi organization","0/19","62/3464",0,0,-0.589979774077357,1,1,1,"",0
"GO:0007031","peroxisome organization","0/19","13/3464",0,0,-0.268230172957206,1,1,1,"",0
"GO:0007032","endosome organization","0/19","45/3464",0,0,-0.501377845320214,1,1,1,"",0
"GO:0007033","vacuole organization","0/19","100/3464",0,0,-0.753495112380659,1,1,1,"",0
"GO:0007034","vacuolar transport","0/19","78/3464",0,0,-0.663303452160091,1,1,1,"",0
"GO:0007035","vacuolar acidification","0/19","18/3464",0,0,-0.31585448576581,1,1,1,"",0
"GO:0007039","protein catabolic process in the vacuole","0/19","6/3464",0,0,-0.182041985591496,1,1,1,"",0
"GO:0007040","lysosome organization","0/19","39/3464",0,0,-0.466348354527256,1,1,1,"",0
"GO:0007041","lysosomal transport","0/19","57/3464",0,0,-0.565275020198315,1,1,1,"",0
"GO:0007042","lysosomal lumen acidification","0/19","12/3464",0,0,-0.257669884406375,1,1,1,"",0
"GO:0007043","cell-cell junction assembly","0/19","33/3464",0,0,-0.428602839616084,1,1,1,"",0
"GO:0007044","cell-substrate junction assembly","0/19","39/3464",0,0,-0.466348354527256,1,1,1,"",0
"GO:0007062","sister chromatid cohesion","0/19","22/3464",0,0,-0.34939311326674,1,1,1,"",0
"GO:0007063","regulation of sister chromatid cohesion","0/19","7/3464",0,0,-0.196656254499952,1,1,1,"",0
"GO:0007064","mitotic sister chromatid cohesion","0/19","16/3464",0,0,-0.297704086332389,1,1,1,"",0
"GO:0007080","mitotic metaphase chromosome alignment","0/19","14/3464",0,0,-0.278395943846603,1,1,1,"",0
"GO:0007084","mitotic nuclear membrane reassembly","0/19","5/3464",0,0,-0.166156813285022,1,1,1,"",0
"GO:0007088","regulation of mitotic nuclear division","0/19","27/3464",0,0,-0.387347314334364,1,1,1,"",0
"GO:0007091","metaphase/anaphase transition of mitotic cell cycle","0/19","33/3464",0,0,-0.428602839616084,1,1,1,"",0
"GO:0007093","mitotic cell cycle checkpoint signaling","0/19","32/3464",0,0,-0.421997407283268,1,1,1,"",0
"GO:0007094","mitotic spindle assembly checkpoint signaling","0/19","14/3464",0,0,-0.278395943846603,1,1,1,"",0
"GO:0007095","mitotic G2 DNA damage checkpoint signaling","0/19","7/3464",0,0,-0.196656254499952,1,1,1,"",0
"GO:0007097","nuclear migration","0/19","10/3464",0,0,-0.235151236373825,1,1,1,"",0
"GO:0007098","centrosome cycle","0/19","40/3464",0,0,-0.472358299854603,1,1,1,"",0
"GO:0007099","centriole replication","0/19","9/3464",0,0,-0.223051763894324,1,1,1,"",0
"GO:0007100","mitotic centrosome separation","0/19","5/3464",0,0,-0.166156813285022,1,1,1,"",0
"GO:0007127","meiosis I","0/19","8/3464",0,0,-0.210264792883586,1,1,1,"",0
"GO:0007131","reciprocal meiotic recombination","0/19","5/3464",0,0,-0.166156813285022,1,1,1,"",0
"GO:0007156","homophilic cell-cell adhesion","0/19","25/3464",0,0,-0.372616729405071,1,1,1,"",0
"GO:0007157","heterophilic cell-cell adhesion","0/19","9/3464",0,0,-0.223051763894324,1,1,1,"",0
"GO:0007158","neuron cell-cell adhesion","0/19","9/3464",0,0,-0.223051763894324,1,1,1,"",0
"GO:0007159","leukocyte cell-cell adhesion","0/19","76/3464",0,0,-0.654551056885572,1,1,1,"",0
"GO:0007160","cell-matrix adhesion","0/19","59/3464",0,0,-0.575275503001756,1,1,1,"",0
"GO:0007162","negative regulation of cell adhesion","0/19","62/3464",0,0,-0.589979774077357,1,1,1,"",0
"GO:0007163","establishment or maintenance of cell polarity","0/19","48/3464",0,0,-0.518048142454573,1,1,1,"",0
"GO:0007173","epidermal growth factor receptor signaling pathway","0/19","39/3464",0,0,-0.466348354527256,1,1,1,"",0
"GO:0007178","cell surface receptor protein serine/threonine kinase signaling pathway","0/19","83/3464",0,0,-0.684738731465902,1,1,1,"",0
"GO:0007179","transforming growth factor beta receptor signaling pathway","0/19","53/3464",0,0,-0.544760372566215,1,1,1,"",0
"GO:0007189","adenylate cyclase-activating G protein-coupled receptor signaling pathway","0/19","26/3464",0,0,-0.380051254953769,1,1,1,"",0
"GO:0007204","positive regulation of cytosolic calcium ion concentration","0/19","16/3464",0,0,-0.297704086332389,1,1,1,"",0
"GO:0007215","glutamate receptor signaling pathway","0/19","18/3464",0,0,-0.31585448576581,1,1,1,"",0
"GO:0007218","neuropeptide signaling pathway","0/19","9/3464",0,0,-0.223051763894324,1,1,1,"",0
"GO:0007219","Notch signaling pathway","0/19","36/3464",0,0,-0.44785690746358,1,1,1,"",0
"GO:0007220","Notch receptor processing","0/19","5/3464",0,0,-0.166156813285022,1,1,1,"",0
"GO:0007224","smoothened signaling pathway","0/19","23/3464",0,0,-0.357297530736516,1,1,1,"",0
"GO:0007259","cell surface receptor signaling pathway via JAK-STAT","0/19","28/3464",0,0,-0.394512593545314,1,1,1,"",0
"GO:0007260","tyrosine phosphorylation of STAT protein","0/19","5/3464",0,0,-0.166156813285022,1,1,1,"",0
"GO:0007263","nitric oxide mediated signal transduction","0/19","5/3464",0,0,-0.166156813285022,1,1,1,"",0
"GO:0007266","Rho protein signal transduction","0/19","41/3464",0,0,-0.478296179566983,1,1,1,"",0
"GO:0007269","neurotransmitter secretion","0/19","37/3464",0,0,-0.454100774842204,1,1,1,"",0
"GO:0007272","ensheathment of neurons","0/19","35/3464",0,0,-0.441528470388438,1,1,1,"",0
"GO:0007274","neuromuscular synaptic transmission","0/19","5/3464",0,0,-0.166156813285022,1,1,1,"",0
"GO:0007276","gamete generation","0/19","143/3464",0,0,-0.906863691199437,1,1,1,"",0
"GO:0007281","germ cell development","0/19","32/3464",0,0,-0.421997407283268,1,1,1,"",0
"GO:0007283","spermatogenesis","0/19","126/3464",0,0,-0.849083769950141,1,1,1,"",0
"GO:0007286","spermatid development","0/19","22/3464",0,0,-0.34939311326674,1,1,1,"",0
"GO:0007292","female gamete generation","0/19","10/3464",0,0,-0.235151236373825,1,1,1,"",0
"GO:0007368","determination of left/right symmetry","0/19","13/3464",0,0,-0.268230172957206,1,1,1,"",0
"GO:0007369","gastrulation","0/19","16/3464",0,0,-0.297704086332389,1,1,1,"",0
"GO:0007389","pattern specification process","0/19","36/3464",0,0,-0.44785690746358,1,1,1,"",0
"GO:0007405","neuroblast proliferation","0/19","14/3464",0,0,-0.278395943846603,1,1,1,"",0
"GO:0007411","axon guidance","0/19","60/3464",0,0,-0.580215441427685,1,1,1,"",0
"GO:0007413","axonal fasciculation","0/19","8/3464",0,0,-0.210264792883586,1,1,1,"",0
"GO:0007416","synapse assembly","0/19","80/3464",0,0,-0.67195199772611,1,1,1,"",0
"GO:0007422","peripheral nervous system development","0/19","21/3464",0,0,-0.341310437223647,1,1,1,"",0
"GO:0007423","sensory organ development","0/19","63/3464",0,0,-0.594806070053513,1,1,1,"",0
"GO:0007517","muscle organ development","0/19","40/3464",0,0,-0.472358299854603,1,1,1,"",0
"GO:0007519","skeletal muscle tissue development","0/19","23/3464",0,0,-0.357297530736516,1,1,1,"",0
"GO:0007520","myoblast fusion","0/19","42/3464",0,0,-0.484164648131792,1,1,1,"",0
"GO:0007528","neuromuscular junction development","0/19","10/3464",0,0,-0.235151236373825,1,1,1,"",0
"GO:0007549","sex-chromosome dosage compensation","0/19","9/3464",0,0,-0.223051763894324,1,1,1,"",0
"GO:0007565","female pregnancy","0/19","17/3464",0,0,-0.306910857143731,1,1,1,"",0
"GO:0007566","embryo implantation","0/19","9/3464",0,0,-0.223051763894324,1,1,1,"",0
"GO:0007584","response to nutrient","0/19","27/3464",0,0,-0.387347314334364,1,1,1,"",0
"GO:0007585","respiratory gaseous exchange by respiratory system","0/19","5/3464",0,0,-0.166156813285022,1,1,1,"",0
"GO:0007586","digestion","0/19","9/3464",0,0,-0.223051763894324,1,1,1,"",0
"GO:0007589","body fluid secretion","0/19","5/3464",0,0,-0.166156813285022,1,1,1,"",0
"GO:0007600","sensory perception","0/19","39/3464",0,0,-0.466348354527256,1,1,1,"",0
"GO:0007601","visual perception","0/19","17/3464",0,0,-0.306910857143731,1,1,1,"",0
"GO:0007605","sensory perception of sound","0/19","9/3464",0,0,-0.223051763894324,1,1,1,"",0
"GO:0007611","learning or memory","0/19","45/3464",0,0,-0.501377845320214,1,1,1,"",0
"GO:0007612","learning","0/19","22/3464",0,0,-0.34939311326674,1,1,1,"",0
"GO:0007613","memory","0/19","23/3464",0,0,-0.357297530736516,1,1,1,"",0
"GO:0007616","long-term memory","0/19","7/3464",0,0,-0.196656254499952,1,1,1,"",0
"GO:0007622","rhythmic behavior","0/19","12/3464",0,0,-0.257669884406375,1,1,1,"",0
"GO:0007626","locomotory behavior","0/19","25/3464",0,0,-0.372616729405071,1,1,1,"",0
"GO:0007631","feeding behavior","0/19","8/3464",0,0,-0.210264792883586,1,1,1,"",0
"GO:0007632","visual behavior","0/19","7/3464",0,0,-0.196656254499952,1,1,1,"",0
"GO:0008033","tRNA processing","0/19","32/3464",0,0,-0.421997407283268,1,1,1,"",0
"GO:0008038","neuron recognition","0/19","19/3464",0,0,-0.324556731049388,1,1,1,"",0
"GO:0008045","motor neuron axon guidance","0/19","6/3464",0,0,-0.182041985591496,1,1,1,"",0
"GO:0008053","mitochondrial fusion","0/19","13/3464",0,0,-0.268230172957206,1,1,1,"",0
"GO:0008088","axo-dendritic transport","0/19","48/3464",0,0,-0.518048142454573,1,1,1,"",0
"GO:0008089","anterograde axonal transport","0/19","24/3464",0,0,-0.365035273643728,1,1,1,"",0
"GO:0008090","retrograde axonal transport","0/19","13/3464",0,0,-0.268230172957206,1,1,1,"",0
"GO:0008156","negative regulation of DNA replication","0/19","7/3464",0,0,-0.196656254499952,1,1,1,"",0
"GO:0008202","steroid metabolic process","0/19","48/3464",0,0,-0.518048142454573,1,1,1,"",0
"GO:0008203","cholesterol metabolic process","0/19","27/3464",0,0,-0.387347314334364,1,1,1,"",0
"GO:0008206","bile acid metabolic process","0/19","8/3464",0,0,-0.210264792883586,1,1,1,"",0
"GO:0008213","protein alkylation","0/19","14/3464",0,0,-0.278395943846603,1,1,1,"",0
"GO:0008217","regulation of blood pressure","0/19","17/3464",0,0,-0.306910857143731,1,1,1,"",0
"GO:0008277","regulation of G protein-coupled receptor signaling pathway","0/19","36/3464",0,0,-0.44785690746358,1,1,1,"",0
"GO:0008285","negative regulation of cell population proliferation","0/19","108/3464",0,0,-0.783987854727375,1,1,1,"",0
"GO:0008299","isoprenoid biosynthetic process","0/19","8/3464",0,0,-0.210264792883586,1,1,1,"",0
"GO:0008306","associative learning","0/19","13/3464",0,0,-0.268230172957206,1,1,1,"",0
"GO:0008333","endosome to lysosome transport","0/19","26/3464",0,0,-0.380051254953769,1,1,1,"",0
"GO:0008334","histone mRNA metabolic process","0/19","7/3464",0,0,-0.196656254499952,1,1,1,"",0
"GO:0008344","adult locomotory behavior","0/19","8/3464",0,0,-0.210264792883586,1,1,1,"",0
"GO:0008356","asymmetric cell division","0/19","5/3464",0,0,-0.166156813285022,1,1,1,"",0
"GO:0008366","axon ensheathment","0/19","35/3464",0,0,-0.441528470388438,1,1,1,"",0
"GO:0008380","RNA splicing","0/19","173/3464",0,0,-1.00199958935553,1,1,1,"",0
"GO:0008535","respiratory chain complex IV assembly","0/19","5/3464",0,0,-0.166156813285022,1,1,1,"",0
"GO:0008542","visual learning","0/19","6/3464",0,0,-0.182041985591496,1,1,1,"",0
"GO:0008543","fibroblast growth factor receptor signaling pathway","0/19","10/3464",0,0,-0.235151236373825,1,1,1,"",0
"GO:0008585","female gonad development","0/19","7/3464",0,0,-0.196656254499952,1,1,1,"",0
"GO:0008589","regulation of smoothened signaling pathway","0/19","16/3464",0,0,-0.297704086332389,1,1,1,"",0
"GO:0008593","regulation of Notch signaling pathway","0/19","24/3464",0,0,-0.365035273643728,1,1,1,"",0
"GO:0008608","attachment of spindle microtubules to kinetochore","0/19","9/3464",0,0,-0.223051763894324,1,1,1,"",0
"GO:0008610","lipid biosynthetic process","0/19","166/3464",0,0,-0.980476415360957,1,1,1,"",0
"GO:0008630","intrinsic apoptotic signaling pathway in response to DNA damage","0/19","15/3464",0,0,-0.288208951504192,1,1,1,"",0
"GO:0008631","intrinsic apoptotic signaling pathway in response to oxidative stress","0/19","22/3464",0,0,-0.34939311326674,1,1,1,"",0
"GO:0008637","apoptotic mitochondrial changes","0/19","25/3464",0,0,-0.372616729405071,1,1,1,"",0
"GO:0008652","amino acid biosynthetic process","0/19","16/3464",0,0,-0.297704086332389,1,1,1,"",0
"GO:0008654","phospholipid biosynthetic process","0/19","87/3464",0,0,-0.701459383368119,1,1,1,"",0
"GO:0009048","dosage compensation by inactivation of X chromosome","0/19","9/3464",0,0,-0.223051763894324,1,1,1,"",0
"GO:0009062","fatty acid catabolic process","0/19","28/3464",0,0,-0.394512593545314,1,1,1,"",0
"GO:0009063","amino acid catabolic process","0/19","21/3464",0,0,-0.341310437223647,1,1,1,"",0
"GO:0009067","aspartate family amino acid biosynthetic process","0/19","5/3464",0,0,-0.166156813285022,1,1,1,"",0
"GO:0009081","branched-chain amino acid metabolic process","0/19","11/3464",0,0,-0.246664407017154,1,1,1,"",0
"GO:0009083","branched-chain amino acid catabolic process","0/19","9/3464",0,0,-0.223051763894324,1,1,1,"",0
"GO:0009084","L-glutamine family amino acid biosynthetic process","0/19","6/3464",0,0,-0.182041985591496,1,1,1,"",0
"GO:0009101","glycoprotein biosynthetic process","0/19","64/3464",0,0,-0.599596323978765,1,1,1,"",0
"GO:0009112","nucleobase metabolic process","0/19","8/3464",0,0,-0.210264792883586,1,1,1,"",0
"GO:0009116","nucleoside metabolic process","0/19","7/3464",0,0,-0.196656254499952,1,1,1,"",0
"GO:0009123","nucleoside monophosphate metabolic process","0/19","19/3464",0,0,-0.324556731049388,1,1,1,"",0
"GO:0009124","nucleoside monophosphate biosynthetic process","0/19","11/3464",0,0,-0.246664407017154,1,1,1,"",0
"GO:0009126","purine nucleoside monophosphate metabolic process","0/19","12/3464",0,0,-0.257669884406375,1,1,1,"",0
"GO:0009127","purine nucleoside monophosphate biosynthetic process","0/19","5/3464",0,0,-0.166156813285022,1,1,1,"",0
"GO:0009129","pyrimidine nucleoside monophosphate metabolic process","0/19","5/3464",0,0,-0.166156813285022,1,1,1,"",0
"GO:0009147","pyrimidine nucleoside triphosphate metabolic process","0/19","6/3464",0,0,-0.182041985591496,1,1,1,"",0
"GO:0009148","pyrimidine nucleoside triphosphate biosynthetic process","0/19","5/3464",0,0,-0.166156813285022,1,1,1,"",0
"GO:0009156","ribonucleoside monophosphate biosynthetic process","0/19","9/3464",0,0,-0.223051763894324,1,1,1,"",0
"GO:0009167","purine ribonucleoside monophosphate metabolic process","0/19","11/3464",0,0,-0.246664407017154,1,1,1,"",0
"GO:0009187","cyclic nucleotide metabolic process","0/19","5/3464",0,0,-0.166156813285022,1,1,1,"",0
"GO:0009208","pyrimidine ribonucleoside triphosphate metabolic process","0/19","5/3464",0,0,-0.166156813285022,1,1,1,"",0
"GO:0009209","pyrimidine ribonucleoside triphosphate biosynthetic process","0/19","5/3464",0,0,-0.166156813285022,1,1,1,"",0
"GO:0009218","pyrimidine ribonucleotide metabolic process","0/19","8/3464",0,0,-0.210264792883586,1,1,1,"",0
"GO:0009219","pyrimidine deoxyribonucleotide metabolic process","0/19","6/3464",0,0,-0.182041985591496,1,1,1,"",0
"GO:0009220","pyrimidine ribonucleotide biosynthetic process","0/19","7/3464",0,0,-0.196656254499952,1,1,1,"",0
"GO:0009223","pyrimidine deoxyribonucleotide catabolic process","0/19","5/3464",0,0,-0.166156813285022,1,1,1,"",0
"GO:0009225","nucleotide-sugar metabolic process","0/19","16/3464",0,0,-0.297704086332389,1,1,1,"",0
"GO:0009226","nucleotide-sugar biosynthetic process","0/19","8/3464",0,0,-0.210264792883586,1,1,1,"",0
"GO:0009247","glycolipid biosynthetic process","0/19","20/3464",0,0,-0.333036519803188,1,1,1,"",0
"GO:0009250","glucan biosynthetic process","0/19","11/3464",0,0,-0.246664407017154,1,1,1,"",0
"GO:0009251","glucan catabolic process","0/19","10/3464",0,0,-0.235151236373825,1,1,1,"",0
"GO:0009262","deoxyribonucleotide metabolic process","0/19","11/3464",0,0,-0.246664407017154,1,1,1,"",0
"GO:0009263","deoxyribonucleotide biosynthetic process","0/19","6/3464",0,0,-0.182041985591496,1,1,1,"",0
"GO:0009264","deoxyribonucleotide catabolic process","0/19","6/3464",0,0,-0.182041985591496,1,1,1,"",0
"GO:0009265","2'-deoxyribonucleotide biosynthetic process","0/19","6/3464",0,0,-0.182041985591496,1,1,1,"",0
"GO:0009266","response to temperature stimulus","0/19","35/3464",0,0,-0.441528470388438,1,1,1,"",0
"GO:0009267","cellular response to starvation","0/19","61/3464",0,0,-0.585116541645483,1,1,1,"",0
"GO:0009268","response to pH","0/19","6/3464",0,0,-0.182041985591496,1,1,1,"",0
"GO:0009303","rRNA transcription","0/19","13/3464",0,0,-0.268230172957206,1,1,1,"",0
"GO:0009304","tRNA transcription","0/19","5/3464",0,0,-0.166156813285022,1,1,1,"",0
"GO:0009308","amine metabolic process","0/19","16/3464",0,0,-0.297704086332389,1,1,1,"",0
"GO:0009309","amine biosynthetic process","0/19","7/3464",0,0,-0.196656254499952,1,1,1,"",0
"GO:0009310","amine catabolic process","0/19","5/3464",0,0,-0.166156813285022,1,1,1,"",0
"GO:0009311","oligosaccharide metabolic process","0/19","9/3464",0,0,-0.223051763894324,1,1,1,"",0
"GO:0009394","2'-deoxyribonucleotide metabolic process","0/19","11/3464",0,0,-0.246664407017154,1,1,1,"",0
"GO:0009395","phospholipid catabolic process","0/19","13/3464",0,0,-0.268230172957206,1,1,1,"",0
"GO:0009408","response to heat","0/19","27/3464",0,0,-0.387347314334364,1,1,1,"",0
"GO:0009409","response to cold","0/19","5/3464",0,0,-0.166156813285022,1,1,1,"",0
"GO:0009410","response to xenobiotic stimulus","0/19","51/3464",0,0,-0.534226438359461,1,1,1,"",0
"GO:0009411","response to UV","0/19","31/3464",0,0,-0.415290865128321,1,1,1,"",0
"GO:0009451","RNA modification","0/19","36/3464",0,0,-0.44785690746358,1,1,1,"",0
"GO:0009581","detection of external stimulus","0/19","15/3464",0,0,-0.288208951504192,1,1,1,"",0
"GO:0009582","detection of abiotic stimulus","0/19","15/3464",0,0,-0.288208951504192,1,1,1,"",0
"GO:0009583","detection of light stimulus","0/19","5/3464",0,0,-0.166156813285022,1,1,1,"",0
"GO:0009593","detection of chemical stimulus","0/19","8/3464",0,0,-0.210264792883586,1,1,1,"",0
"GO:0009595","detection of biotic stimulus","0/19","6/3464",0,0,-0.182041985591496,1,1,1,"",0
"GO:0009607","response to biotic stimulus","0/19","264/3464",0,0,-1.25526496430996,1,1,1,"",0
"GO:0009612","response to mechanical stimulus","0/19","33/3464",0,0,-0.428602839616084,1,1,1,"",0
"GO:0009615","response to virus","0/19","72/3464",0,0,-0.63671746050925,1,1,1,"",0
"GO:0009617","response to bacterium","0/19","55/3464",0,0,-0.555106454681407,1,1,1,"",0
"GO:0009636","response to toxic substance","0/19","41/3464",0,0,-0.478296179566983,1,1,1,"",0
"GO:0009712","catechol-containing compound metabolic process","0/19","7/3464",0,0,-0.196656254499952,1,1,1,"",0
"GO:0009790","embryo development","0/19","113/3464",0,0,-0.80252845677417,1,1,1,"",0
"GO:0009792","embryo development ending in birth or egg hatching","0/19","45/3464",0,0,-0.501377845320214,1,1,1,"",0
"GO:0009798","axis specification","0/19","6/3464",0,0,-0.182041985591496,1,1,1,"",0
"GO:0009799","specification of symmetry","0/19","13/3464",0,0,-0.268230172957206,1,1,1,"",0
"GO:0009855","determination of bilateral symmetry","0/19","13/3464",0,0,-0.268230172957206,1,1,1,"",0
"GO:0009880","embryonic pattern specification","0/19","8/3464",0,0,-0.210264792883586,1,1,1,"",0
"GO:0009952","anterior/posterior pattern specification","0/19","7/3464",0,0,-0.196656254499952,1,1,1,"",0
"GO:0009953","dorsal/ventral pattern formation","0/19","5/3464",0,0,-0.166156813285022,1,1,1,"",0
"GO:0010001","glial cell differentiation","0/19","49/3464",0,0,-0.523493289707436,1,1,1,"",0
"GO:0010039","response to iron ion","0/19","10/3464",0,0,-0.235151236373825,1,1,1,"",0
"GO:0010042","response to manganese ion","0/19","8/3464",0,0,-0.210264792883586,1,1,1,"",0
"GO:0010165","response to X-ray","0/19","6/3464",0,0,-0.182041985591496,1,1,1,"",0
"GO:0010171","body morphogenesis","0/19","8/3464",0,0,-0.210264792883586,1,1,1,"",0
"GO:0010212","response to ionizing radiation","0/19","26/3464",0,0,-0.380051254953769,1,1,1,"",0
"GO:0010257","NADH dehydrogenase complex assembly","0/19","13/3464",0,0,-0.268230172957206,1,1,1,"",0
"GO:0010310","regulation of hydrogen peroxide metabolic process","0/19","7/3464",0,0,-0.196656254499952,1,1,1,"",0
"GO:0010324","membrane invagination","0/19","15/3464",0,0,-0.288208951504192,1,1,1,"",0
"GO:0010332","response to gamma radiation","0/19","10/3464",0,0,-0.235151236373825,1,1,1,"",0
"GO:0010389","regulation of G2/M transition of mitotic cell cycle","0/19","22/3464",0,0,-0.34939311326674,1,1,1,"",0
"GO:0010421","hydrogen peroxide-mediated programmed cell death","0/19","7/3464",0,0,-0.196656254499952,1,1,1,"",0
"GO:0010447","response to acidic pH","0/19","5/3464",0,0,-0.166156813285022,1,1,1,"",0
"GO:0010453","regulation of cell fate commitment","0/19","9/3464",0,0,-0.223051763894324,1,1,1,"",0
"GO:0010457","centriole-centriole cohesion","0/19","7/3464",0,0,-0.196656254499952,1,1,1,"",0
"GO:0010458","exit from mitosis","0/19","5/3464",0,0,-0.166156813285022,1,1,1,"",0
"GO:0010460","positive regulation of heart rate","0/19","5/3464",0,0,-0.166156813285022,1,1,1,"",0
"GO:0010469","regulation of signaling receptor activity","0/19","7/3464",0,0,-0.196656254499952,1,1,1,"",0
"GO:0010499","proteasomal ubiquitin-independent protein catabolic process","0/19","10/3464",0,0,-0.235151236373825,1,1,1,"",0
"GO:0010506","regulation of autophagy","0/19","159/3464",0,0,-0.958564328554527,1,1,1,"",0
"GO:0010507","negative regulation of autophagy","0/19","39/3464",0,0,-0.466348354527256,1,1,1,"",0
"GO:0010508","positive regulation of autophagy","0/19","69/3464",0,0,-0.62303592480905,1,1,1,"",0
"GO:0010510","regulation of pyruvate decarboxylation to acetyl-CoA","0/19","5/3464",0,0,-0.166156813285022,1,1,1,"",0
"GO:0010526","transposable element silencing","0/19","7/3464",0,0,-0.196656254499952,1,1,1,"",0
"GO:0010559","regulation of glycoprotein biosynthetic process","0/19","11/3464",0,0,-0.246664407017154,1,1,1,"",0
"GO:0010561","negative regulation of glycoprotein biosynthetic process","0/19","5/3464",0,0,-0.166156813285022,1,1,1,"",0
"GO:0010562","positive regulation of phosphorus metabolic process","0/19","77/3464",0,0,-0.65894049436606,1,1,1,"",0
"GO:0010563","negative regulation of phosphorus metabolic process","0/19","43/3464",0,0,-0.489966202580668,1,1,1,"",0
"GO:0010565","regulation of ketone metabolic process","0/19","24/3464",0,0,-0.365035273643728,1,1,1,"",0
"GO:0010569","regulation of double-strand break repair via homologous recombination","0/19","23/3464",0,0,-0.357297530736516,1,1,1,"",0
"GO:0010573","vascular endothelial growth factor production","0/19","6/3464",0,0,-0.182041985591496,1,1,1,"",0
"GO:0010574","regulation of vascular endothelial growth factor production","0/19","6/3464",0,0,-0.182041985591496,1,1,1,"",0
"GO:0010575","positive regulation of vascular endothelial growth factor production","0/19","6/3464",0,0,-0.182041985591496,1,1,1,"",0
"GO:0010586","miRNA metabolic process","0/19","31/3464",0,0,-0.415290865128321,1,1,1,"",0
"GO:0010587","miRNA catabolic process","0/19","5/3464",0,0,-0.166156813285022,1,1,1,"",0
"GO:0010591","regulation of lamellipodium assembly","0/19","16/3464",0,0,-0.297704086332389,1,1,1,"",0
"GO:0010592","positive regulation of lamellipodium assembly","0/19","15/3464",0,0,-0.288208951504192,1,1,1,"",0
"GO:0010594","regulation of endothelial cell migration","0/19","46/3464",0,0,-0.5069922489714,1,1,1,"",0
"GO:0010595","positive regulation of endothelial cell migration","0/19","32/3464",0,0,-0.421997407283268,1,1,1,"",0
"GO:0010596","negative regulation of endothelial cell migration","0/19","13/3464",0,0,-0.268230172957206,1,1,1,"",0
"GO:0010611","regulation of cardiac muscle hypertrophy","0/19","11/3464",0,0,-0.246664407017154,1,1,1,"",0
"GO:0010613","positive regulation of cardiac muscle hypertrophy","0/19","7/3464",0,0,-0.196656254499952,1,1,1,"",0
"GO:0010631","epithelial cell migration","0/19","23/3464",0,0,-0.357297530736516,1,1,1,"",0
"GO:0010632","regulation of epithelial cell migration","0/19","19/3464",0,0,-0.324556731049388,1,1,1,"",0
"GO:0010633","negative regulation of epithelial cell migration","0/19","5/3464",0,0,-0.166156813285022,1,1,1,"",0
"GO:0010634","positive regulation of epithelial cell migration","0/19","13/3464",0,0,-0.268230172957206,1,1,1,"",0
"GO:0010635","regulation of mitochondrial fusion","0/19","6/3464",0,0,-0.182041985591496,1,1,1,"",0
"GO:0010639","negative regulation of organelle organization","0/19","111/3464",0,0,-0.795157474734422,1,1,1,"",0
"GO:0010640","regulation of platelet-derived growth factor receptor signaling pathway","0/19","12/3464",0,0,-0.257669884406375,1,1,1,"",0
"GO:0010642","negative regulation of platelet-derived growth factor receptor signaling pathway","0/19","8/3464",0,0,-0.210264792883586,1,1,1,"",0
"GO:0010649","regulation of cell communication by electrical coupling","0/19","7/3464",0,0,-0.196656254499952,1,1,1,"",0
"GO:0010656","negative regulation of muscle cell apoptotic process","0/19","12/3464",0,0,-0.257669884406375,1,1,1,"",0
"GO:0010657","muscle cell apoptotic process","0/19","19/3464",0,0,-0.324556731049388,1,1,1,"",0
"GO:0010658","striated muscle cell apoptotic process","0/19","10/3464",0,0,-0.235151236373825,1,1,1,"",0
"GO:0010659","cardiac muscle cell apoptotic process","0/19","9/3464",0,0,-0.223051763894324,1,1,1,"",0
"GO:0010660","regulation of muscle cell apoptotic process","0/19","18/3464",0,0,-0.31585448576581,1,1,1,"",0
"GO:0010661","positive regulation of muscle cell apoptotic process","0/19","6/3464",0,0,-0.182041985591496,1,1,1,"",0
"GO:0010662","regulation of striated muscle cell apoptotic process","0/19","9/3464",0,0,-0.223051763894324,1,1,1,"",0
"GO:0010664","negative regulation of striated muscle cell apoptotic process","0/19","6/3464",0,0,-0.182041985591496,1,1,1,"",0
"GO:0010665","regulation of cardiac muscle cell apoptotic process","0/19","8/3464",0,0,-0.210264792883586,1,1,1,"",0
"GO:0010667","negative regulation of cardiac muscle cell apoptotic process","0/19","5/3464",0,0,-0.166156813285022,1,1,1,"",0
"GO:0010715","regulation of extracellular matrix disassembly","0/19","6/3464",0,0,-0.182041985591496,1,1,1,"",0
"GO:0010719","negative regulation of epithelial to mesenchymal transition","0/19","9/3464",0,0,-0.223051763894324,1,1,1,"",0
"GO:0010721","negative regulation of cell development","0/19","53/3464",0,0,-0.544760372566215,1,1,1,"",0
"GO:0010758","regulation of macrophage chemotaxis","0/19","6/3464",0,0,-0.182041985591496,1,1,1,"",0
"GO:0010759","positive regulation of macrophage chemotaxis","0/19","5/3464",0,0,-0.166156813285022,1,1,1,"",0
"GO:0010761","fibroblast migration","0/19","15/3464",0,0,-0.288208951504192,1,1,1,"",0
"GO:0010762","regulation of fibroblast migration","0/19","13/3464",0,0,-0.268230172957206,1,1,1,"",0
"GO:0010763","positive regulation of fibroblast migration","0/19","5/3464",0,0,-0.166156813285022,1,1,1,"",0
"GO:0010793","regulation of mRNA export from nucleus","0/19","6/3464",0,0,-0.182041985591496,1,1,1,"",0
"GO:0010812","negative regulation of cell-substrate adhesion","0/19","18/3464",0,0,-0.31585448576581,1,1,1,"",0
"GO:0010821","regulation of mitochondrion organization","0/19","38/3464",0,0,-0.46026351744214,1,1,1,"",0
"GO:0010824","regulation of centrosome duplication","0/19","13/3464",0,0,-0.268230172957206,1,1,1,"",0
"GO:0010828","positive regulation of D-glucose transmembrane transport","0/19","14/3464",0,0,-0.278395943846603,1,1,1,"",0
"GO:0010830","regulation of myotube differentiation","0/19","6/3464",0,0,-0.182041985591496,1,1,1,"",0
"GO:0010833","telomere maintenance via telomere lengthening","0/19","27/3464",0,0,-0.387347314334364,1,1,1,"",0
"GO:0010874","regulation of cholesterol efflux","0/19","6/3464",0,0,-0.182041985591496,1,1,1,"",0
"GO:0010876","lipid localization","0/19","82/3464",0,0,-0.680500670873999,1,1,1,"",0
"GO:0010880","regulation of release of sequestered calcium ion into cytosol by sarcoplasmic reticulum","0/19","9/3464",0,0,-0.223051763894324,1,1,1,"",0
"GO:0010881","regulation of cardiac muscle contraction by regulation of the release of sequestered calcium ion","0/19","7/3464",0,0,-0.196656254499952,1,1,1,"",0
"GO:0010882","regulation of cardiac muscle contraction by calcium ion signaling","0/19","9/3464",0,0,-0.223051763894324,1,1,1,"",0
"GO:0010883","regulation of lipid storage","0/19","9/3464",0,0,-0.223051763894324,1,1,1,"",0
"GO:0010893","positive regulation of steroid biosynthetic process","0/19","7/3464",0,0,-0.196656254499952,1,1,1,"",0
"GO:0010906","regulation of glucose metabolic process","0/19","25/3464",0,0,-0.372616729405071,1,1,1,"",0
"GO:0010907","positive regulation of glucose metabolic process","0/19","15/3464",0,0,-0.288208951504192,1,1,1,"",0
"GO:0010927","cellular component assembly involved in morphogenesis","0/19","17/3464",0,0,-0.306910857143731,1,1,1,"",0
"GO:0010962","regulation of glucan biosynthetic process","0/19","7/3464",0,0,-0.196656254499952,1,1,1,"",0
"GO:0010965","regulation of mitotic sister chromatid separation","0/19","20/3464",0,0,-0.333036519803188,1,1,1,"",0
"GO:0010968","regulation of microtubule nucleation","0/19","8/3464",0,0,-0.210264792883586,1,1,1,"",0
"GO:0010970","transport along microtubule","0/19","87/3464",0,0,-0.701459383368119,1,1,1,"",0
"GO:0010971","positive regulation of G2/M transition of mitotic cell cycle","0/19","5/3464",0,0,-0.166156813285022,1,1,1,"",0
"GO:0010972","negative regulation of G2/M transition of mitotic cell cycle","0/19","16/3464",0,0,-0.297704086332389,1,1,1,"",0
"GO:0010977","negative regulation of neuron projection development","0/19","43/3464",0,0,-0.489966202580668,1,1,1,"",0
"GO:0014002","astrocyte development","0/19","8/3464",0,0,-0.210264792883586,1,1,1,"",0
"GO:0014003","oligodendrocyte development","0/19","9/3464",0,0,-0.223051763894324,1,1,1,"",0
"GO:0014009","glial cell proliferation","0/19","8/3464",0,0,-0.210264792883586,1,1,1,"",0
"GO:0014013","regulation of gliogenesis","0/19","15/3464",0,0,-0.288208951504192,1,1,1,"",0
"GO:0014014","negative regulation of gliogenesis","0/19","6/3464",0,0,-0.182041985591496,1,1,1,"",0
"GO:0014015","positive regulation of gliogenesis","0/19","10/3464",0,0,-0.235151236373825,1,1,1,"",0
"GO:0014020","primary neural tube formation","0/19","9/3464",0,0,-0.223051763894324,1,1,1,"",0
"GO:0014032","neural crest cell development","0/19","15/3464",0,0,-0.288208951504192,1,1,1,"",0
"GO:0014033","neural crest cell differentiation","0/19","21/3464",0,0,-0.341310437223647,1,1,1,"",0
"GO:0014037","Schwann cell differentiation","0/19","15/3464",0,0,-0.288208951504192,1,1,1,"",0
"GO:0014044","Schwann cell development","0/19","14/3464",0,0,-0.278395943846603,1,1,1,"",0
"GO:0014046","dopamine secretion","0/19","7/3464",0,0,-0.196656254499952,1,1,1,"",0
"GO:0014047","glutamate secretion","0/19","5/3464",0,0,-0.166156813285022,1,1,1,"",0
"GO:0014048","regulation of glutamate secretion","0/19","5/3464",0,0,-0.166156813285022,1,1,1,"",0
"GO:0014049","positive regulation of glutamate secretion","0/19","5/3464",0,0,-0.166156813285022,1,1,1,"",0
"GO:0014059","regulation of dopamine secretion","0/19","7/3464",0,0,-0.196656254499952,1,1,1,"",0
"GO:0014075","response to amine","0/19","7/3464",0,0,-0.196656254499952,1,1,1,"",0
"GO:0014706","striated muscle tissue development","0/19","48/3464",0,0,-0.518048142454573,1,1,1,"",0
"GO:0014742","positive regulation of muscle hypertrophy","0/19","7/3464",0,0,-0.196656254499952,1,1,1,"",0
"GO:0014743","regulation of muscle hypertrophy","0/19","11/3464",0,0,-0.246664407017154,1,1,1,"",0
"GO:0014808","release of sequestered calcium ion into cytosol by sarcoplasmic reticulum","0/19","9/3464",0,0,-0.223051763894324,1,1,1,"",0
"GO:0014812","muscle cell migration","0/19","20/3464",0,0,-0.333036519803188,1,1,1,"",0
"GO:0014823","response to activity","0/19","12/3464",0,0,-0.257669884406375,1,1,1,"",0
"GO:0014829","vascular associated smooth muscle contraction","0/19","7/3464",0,0,-0.196656254499952,1,1,1,"",0
"GO:0014841","skeletal muscle satellite cell proliferation","0/19","5/3464",0,0,-0.166156813285022,1,1,1,"",0
"GO:0014842","regulation of skeletal muscle satellite cell proliferation","0/19","5/3464",0,0,-0.166156813285022,1,1,1,"",0
"GO:0014855","striated muscle cell proliferation","0/19","13/3464",0,0,-0.268230172957206,1,1,1,"",0
"GO:0014856","skeletal muscle cell proliferation","0/19","6/3464",0,0,-0.182041985591496,1,1,1,"",0
"GO:0014857","regulation of skeletal muscle cell proliferation","0/19","5/3464",0,0,-0.166156813285022,1,1,1,"",0
"GO:0014888","striated muscle adaptation","0/19","6/3464",0,0,-0.182041985591496,1,1,1,"",0
"GO:0014896","muscle hypertrophy","0/19","13/3464",0,0,-0.268230172957206,1,1,1,"",0
"GO:0014897","striated muscle hypertrophy","0/19","13/3464",0,0,-0.268230172957206,1,1,1,"",0
"GO:0014902","myotube differentiation","0/19","53/3464",0,0,-0.544760372566215,1,1,1,"",0
"GO:0014904","myotube cell development","0/19","5/3464",0,0,-0.166156813285022,1,1,1,"",0
"GO:0014909","smooth muscle cell migration","0/19","17/3464",0,0,-0.306910857143731,1,1,1,"",0
"GO:0014910","regulation of smooth muscle cell migration","0/19","17/3464",0,0,-0.306910857143731,1,1,1,"",0
"GO:0014911","positive regulation of smooth muscle cell migration","0/19","7/3464",0,0,-0.196656254499952,1,1,1,"",0
"GO:0014912","negative regulation of smooth muscle cell migration","0/19","8/3464",0,0,-0.210264792883586,1,1,1,"",0
"GO:0015012","heparan sulfate proteoglycan biosynthetic process","0/19","10/3464",0,0,-0.235151236373825,1,1,1,"",0
"GO:0015693","magnesium ion transport","0/19","5/3464",0,0,-0.166156813285022,1,1,1,"",0
"GO:0015695","organic cation transport","0/19","19/3464",0,0,-0.324556731049388,1,1,1,"",0
"GO:0015698","inorganic anion transport","0/19","18/3464",0,0,-0.31585448576581,1,1,1,"",0
"GO:0015701","bicarbonate transport","0/19","7/3464",0,0,-0.196656254499952,1,1,1,"",0
"GO:0015718","monocarboxylic acid transport","0/19","21/3464",0,0,-0.341310437223647,1,1,1,"",0
"GO:0015740","C4-dicarboxylate transport","0/19","8/3464",0,0,-0.210264792883586,1,1,1,"",0
"GO:0015748","organophosphate ester transport","0/19","37/3464",0,0,-0.454100774842204,1,1,1,"",0
"GO:0015800","acidic amino acid transport","0/19","17/3464",0,0,-0.306910857143731,1,1,1,"",0
"GO:0015804","neutral amino acid transport","0/19","14/3464",0,0,-0.278395943846603,1,1,1,"",0
"GO:0015807","L-amino acid transport","0/19","24/3464",0,0,-0.365035273643728,1,1,1,"",0
"GO:0015810","aspartate transmembrane transport","0/19","5/3464",0,0,-0.166156813285022,1,1,1,"",0
"GO:0015813","L-glutamate transmembrane transport","0/19","10/3464",0,0,-0.235151236373825,1,1,1,"",0
"GO:0015837","amine transport","0/19","17/3464",0,0,-0.306910857143731,1,1,1,"",0
"GO:0015844","monoamine transport","0/19","9/3464",0,0,-0.223051763894324,1,1,1,"",0
"GO:0015849","organic acid transport","0/19","55/3464",0,0,-0.555106454681407,1,1,1,"",0
"GO:0015850","organic hydroxy compound transport","0/19","40/3464",0,0,-0.472358299854603,1,1,1,"",0
"GO:0015865","purine nucleotide transport","0/19","7/3464",0,0,-0.196656254499952,1,1,1,"",0
"GO:0015867","ATP transport","0/19","5/3464",0,0,-0.166156813285022,1,1,1,"",0
"GO:0015868","purine ribonucleotide transport","0/19","7/3464",0,0,-0.196656254499952,1,1,1,"",0
"GO:0015871","choline transport","0/19","5/3464",0,0,-0.166156813285022,1,1,1,"",0
"GO:0015872","dopamine transport","0/19","7/3464",0,0,-0.196656254499952,1,1,1,"",0
"GO:0015908","fatty acid transport","0/19","16/3464",0,0,-0.297704086332389,1,1,1,"",0
"GO:0015909","long-chain fatty acid transport","0/19","12/3464",0,0,-0.257669884406375,1,1,1,"",0
"GO:0015914","phospholipid transport","0/19","26/3464",0,0,-0.380051254953769,1,1,1,"",0
"GO:0015918","sterol transport","0/19","26/3464",0,0,-0.380051254953769,1,1,1,"",0
"GO:0015919","peroxisomal membrane transport","0/19","9/3464",0,0,-0.223051763894324,1,1,1,"",0
"GO:0015936","coenzyme A metabolic process","0/19","6/3464",0,0,-0.182041985591496,1,1,1,"",0
"GO:0015937","coenzyme A biosynthetic process","0/19","5/3464",0,0,-0.166156813285022,1,1,1,"",0
"GO:0015986","proton motive force-driven ATP synthesis","0/19","14/3464",0,0,-0.278395943846603,1,1,1,"",0
"GO:0016024","CDP-diacylglycerol biosynthetic process","0/19","5/3464",0,0,-0.166156813285022,1,1,1,"",0
"GO:0016042","lipid catabolic process","0/19","65/3464",0,0,-0.604351395347242,1,1,1,"",0
"GO:0016050","vesicle organization","0/19","149/3464",0,0,-0.92653067227169,1,1,1,"",0
"GO:0016053","organic acid biosynthetic process","0/19","59/3464",0,0,-0.575275503001756,1,1,1,"",0
"GO:0016054","organic acid catabolic process","0/19","51/3464",0,0,-0.534226438359461,1,1,1,"",0
"GO:0016055","Wnt signaling pathway","0/19","108/3464",0,0,-0.783987854727375,1,1,1,"",0
"GO:0016064","immunoglobulin mediated immune response","0/19","12/3464",0,0,-0.257669884406375,1,1,1,"",0
"GO:0016072","rRNA metabolic process","0/19","79/3464",0,0,-0.667640451653802,1,1,1,"",0
"GO:0016073","snRNA metabolic process","0/19","17/3464",0,0,-0.306910857143731,1,1,1,"",0
"GO:0016075","rRNA catabolic process","0/19","5/3464",0,0,-0.166156813285022,1,1,1,"",0
"GO:0016079","synaptic vesicle exocytosis","0/19","31/3464",0,0,-0.415290865128321,1,1,1,"",0
"GO:0016082","synaptic vesicle priming","0/19","8/3464",0,0,-0.210264792883586,1,1,1,"",0
"GO:0016101","diterpenoid metabolic process","0/19","6/3464",0,0,-0.182041985591496,1,1,1,"",0
"GO:0016114","terpenoid biosynthetic process","0/19","7/3464",0,0,-0.196656254499952,1,1,1,"",0
"GO:0016125","sterol metabolic process","0/19","29/3464",0,0,-0.401554097064957,1,1,1,"",0
"GO:0016126","sterol biosynthetic process","0/19","20/3464",0,0,-0.333036519803188,1,1,1,"",0
"GO:0016180","snRNA processing","0/19","11/3464",0,0,-0.246664407017154,1,1,1,"",0
"GO:0016185","synaptic vesicle budding from presynaptic endocytic zone membrane","0/19","5/3464",0,0,-0.166156813285022,1,1,1,"",0
"GO:0016188","synaptic vesicle maturation","0/19","16/3464",0,0,-0.297704086332389,1,1,1,"",0
"GO:0016197","endosomal transport","0/19","128/3464",0,0,-0.856052494201487,1,1,1,"",0
"GO:0016202","regulation of striated muscle tissue development","0/19","5/3464",0,0,-0.166156813285022,1,1,1,"",0
"GO:0016226","iron-sulfur cluster assembly","0/19","6/3464",0,0,-0.182041985591496,1,1,1,"",0
"GO:0016233","telomere capping","0/19","11/3464",0,0,-0.246664407017154,1,1,1,"",0
"GO:0016236","macroautophagy","0/19","167/3464",0,0,-0.98357435136426,1,1,1,"",0
"GO:0016237","microautophagy","0/19","12/3464",0,0,-0.257669884406375,1,1,1,"",0
"GO:0016239","positive regulation of macroautophagy","0/19","41/3464",0,0,-0.478296179566983,1,1,1,"",0
"GO:0016241","regulation of macroautophagy","0/19","97/3464",0,0,-0.741775939111992,1,1,1,"",0
"GO:0016242","negative regulation of macroautophagy","0/19","18/3464",0,0,-0.31585448576581,1,1,1,"",0
"GO:0016266","protein O-linked glycosylation via N-acetyl-galactosamine","0/19","6/3464",0,0,-0.182041985591496,1,1,1,"",0
"GO:0016331","morphogenesis of embryonic epithelium","0/19","10/3464",0,0,-0.235151236373825,1,1,1,"",0
"GO:0016339","calcium-dependent cell-cell adhesion","0/19","7/3464",0,0,-0.196656254499952,1,1,1,"",0
"GO:0016441","post-transcriptional gene silencing","0/19","33/3464",0,0,-0.428602839616084,1,1,1,"",0
"GO:0016444","somatic cell DNA recombination","0/19","13/3464",0,0,-0.268230172957206,1,1,1,"",0
"GO:0016445","somatic diversification of immunoglobulins","0/19","13/3464",0,0,-0.268230172957206,1,1,1,"",0
"GO:0016447","somatic recombination of immunoglobulin gene segments","0/19","12/3464",0,0,-0.257669884406375,1,1,1,"",0
"GO:0016482","cytosolic transport","0/19","63/3464",0,0,-0.594806070053513,1,1,1,"",0
"GO:0016485","protein processing","0/19","43/3464",0,0,-0.489966202580668,1,1,1,"",0
"GO:0016486","peptide hormone processing","0/19","9/3464",0,0,-0.223051763894324,1,1,1,"",0
"GO:0016525","negative regulation of angiogenesis","0/19","16/3464",0,0,-0.297704086332389,1,1,1,"",0
"GO:0016556","mRNA modification","0/19","7/3464",0,0,-0.196656254499952,1,1,1,"",0
"GO:0016558","protein import into peroxisome matrix","0/19","5/3464",0,0,-0.166156813285022,1,1,1,"",0
"GO:0016579","protein deubiquitination","0/19","30/3464",0,0,-0.408478229509318,1,1,1,"",0
"GO:0016601","Rac protein signal transduction","0/19","27/3464",0,0,-0.387347314334364,1,1,1,"",0
"GO:0016925","protein sumoylation","0/19","26/3464",0,0,-0.380051254953769,1,1,1,"",0
"GO:0016926","protein desumoylation","0/19","6/3464",0,0,-0.182041985591496,1,1,1,"",0
"GO:0016973","poly(A)+ mRNA export from nucleus","0/19","6/3464",0,0,-0.182041985591496,1,1,1,"",0
"GO:0017004","cytochrome complex assembly","0/19","6/3464",0,0,-0.182041985591496,1,1,1,"",0
"GO:0017015","regulation of transforming growth factor beta receptor signaling pathway","0/19","36/3464",0,0,-0.44785690746358,1,1,1,"",0
"GO:0017121","plasma membrane phospholipid scrambling","0/19","11/3464",0,0,-0.246664407017154,1,1,1,"",0
"GO:0017156","calcium-ion regulated exocytosis","0/19","15/3464",0,0,-0.288208951504192,1,1,1,"",0
"GO:0017157","regulation of exocytosis","0/19","47/3464",0,0,-0.512548388858327,1,1,1,"",0
"GO:0017158","regulation of calcium ion-dependent exocytosis","0/19","11/3464",0,0,-0.246664407017154,1,1,1,"",0
"GO:0018105","peptidyl-serine phosphorylation","0/19","25/3464",0,0,-0.372616729405071,1,1,1,"",0
"GO:0018107","peptidyl-threonine phosphorylation","0/19","11/3464",0,0,-0.246664407017154,1,1,1,"",0
"GO:0018108","peptidyl-tyrosine phosphorylation","0/19","18/3464",0,0,-0.31585448576581,1,1,1,"",0
"GO:0018193","peptidyl-amino acid modification","0/19","106/3464",0,0,-0.776463454647762,1,1,1,"",0
"GO:0018198","peptidyl-cysteine modification","0/19","5/3464",0,0,-0.166156813285022,1,1,1,"",0
"GO:0018205","peptidyl-lysine modification","0/19","43/3464",0,0,-0.489966202580668,1,1,1,"",0
"GO:0018209","peptidyl-serine modification","0/19","25/3464",0,0,-0.372616729405071,1,1,1,"",0
"GO:0018210","peptidyl-threonine modification","0/19","11/3464",0,0,-0.246664407017154,1,1,1,"",0
"GO:0018212","peptidyl-tyrosine modification","0/19","19/3464",0,0,-0.324556731049388,1,1,1,"",0
"GO:0018345","protein palmitoylation","0/19","7/3464",0,0,-0.196656254499952,1,1,1,"",0
"GO:0018394","peptidyl-lysine acetylation","0/19","6/3464",0,0,-0.182041985591496,1,1,1,"",0
"GO:0018958","phenol-containing compound metabolic process","0/19","13/3464",0,0,-0.268230172957206,1,1,1,"",0
"GO:0019058","viral life cycle","0/19","83/3464",0,0,-0.684738731465902,1,1,1,"",0
"GO:0019068","virion assembly","0/19","15/3464",0,0,-0.288208951504192,1,1,1,"",0
"GO:0019076","viral release from host cell","0/19","12/3464",0,0,-0.257669884406375,1,1,1,"",0
"GO:0019079","viral genome replication","0/19","30/3464",0,0,-0.408478229509318,1,1,1,"",0
"GO:0019081","viral translation","0/19","12/3464",0,0,-0.257669884406375,1,1,1,"",0
"GO:0019083","viral transcription","0/19","5/3464",0,0,-0.166156813285022,1,1,1,"",0
"GO:0019184","nonribosomal peptide biosynthetic process","0/19","5/3464",0,0,-0.166156813285022,1,1,1,"",0
"GO:0019216","regulation of lipid metabolic process","0/19","64/3464",0,0,-0.599596323978765,1,1,1,"",0
"GO:0019217","regulation of fatty acid metabolic process","0/19","18/3464",0,0,-0.31585448576581,1,1,1,"",0
"GO:0019218","regulation of steroid metabolic process","0/19","18/3464",0,0,-0.31585448576581,1,1,1,"",0
"GO:0019226","transmission of nerve impulse","0/19","7/3464",0,0,-0.196656254499952,1,1,1,"",0
"GO:0019228","neuronal action potential","0/19","5/3464",0,0,-0.166156813285022,1,1,1,"",0
"GO:0019233","sensory perception of pain","0/19","8/3464",0,0,-0.210264792883586,1,1,1,"",0
"GO:0019369","arachidonate metabolic process","0/19","10/3464",0,0,-0.235151236373825,1,1,1,"",0
"GO:0019377","glycolipid catabolic process","0/19","6/3464",0,0,-0.182041985591496,1,1,1,"",0
"GO:0019395","fatty acid oxidation","0/19","26/3464",0,0,-0.380051254953769,1,1,1,"",0
"GO:0019430","removal of superoxide radicals","0/19","6/3464",0,0,-0.182041985591496,1,1,1,"",0
"GO:0019432","triglyceride biosynthetic process","0/19","5/3464",0,0,-0.166156813285022,1,1,1,"",0
"GO:0019433","triglyceride catabolic process","0/19","5/3464",0,0,-0.166156813285022,1,1,1,"",0
"GO:0019646","aerobic electron transport chain","0/19","27/3464",0,0,-0.387347314334364,1,1,1,"",0
"GO:0019674","NAD+ metabolic process","0/19","13/3464",0,0,-0.268230172957206,1,1,1,"",0
"GO:0019722","calcium-mediated signaling","0/19","41/3464",0,0,-0.478296179566983,1,1,1,"",0
"GO:0019724","B cell mediated immunity","0/19","12/3464",0,0,-0.257669884406375,1,1,1,"",0
"GO:0019730","antimicrobial humoral response","0/19","7/3464",0,0,-0.196656254499952,1,1,1,"",0
"GO:0019748","secondary metabolic process","0/19","6/3464",0,0,-0.182041985591496,1,1,1,"",0
"GO:0019751","polyol metabolic process","0/19","20/3464",0,0,-0.333036519803188,1,1,1,"",0
"GO:0019827","stem cell population maintenance","0/19","37/3464",0,0,-0.454100774842204,1,1,1,"",0
"GO:0019882","antigen processing and presentation","0/19","14/3464",0,0,-0.278395943846603,1,1,1,"",0
"GO:0019896","axonal transport of mitochondrion","0/19","12/3464",0,0,-0.257669884406375,1,1,1,"",0
"GO:0019915","lipid storage","0/19","14/3464",0,0,-0.278395943846603,1,1,1,"",0
"GO:0019985","translesion synthesis","0/19","7/3464",0,0,-0.196656254499952,1,1,1,"",0
"GO:0021510","spinal cord development","0/19","9/3464",0,0,-0.223051763894324,1,1,1,"",0
"GO:0021533","cell differentiation in hindbrain","0/19","5/3464",0,0,-0.166156813285022,1,1,1,"",0
"GO:0021536","diencephalon development","0/19","7/3464",0,0,-0.196656254499952,1,1,1,"",0
"GO:0021544","subpallium development","0/19","5/3464",0,0,-0.166156813285022,1,1,1,"",0
"GO:0021549","cerebellum development","0/19","22/3464",0,0,-0.34939311326674,1,1,1,"",0
"GO:0021575","hindbrain morphogenesis","0/19","8/3464",0,0,-0.210264792883586,1,1,1,"",0
"GO:0021587","cerebellum morphogenesis","0/19","7/3464",0,0,-0.196656254499952,1,1,1,"",0
"GO:0021675","nerve development","0/19","7/3464",0,0,-0.196656254499952,1,1,1,"",0
"GO:0021680","cerebellar Purkinje cell layer development","0/19","6/3464",0,0,-0.182041985591496,1,1,1,"",0
"GO:0021695","cerebellar cortex development","0/19","11/3464",0,0,-0.246664407017154,1,1,1,"",0
"GO:0021696","cerebellar cortex morphogenesis","0/19","6/3464",0,0,-0.182041985591496,1,1,1,"",0
"GO:0021697","cerebellar cortex formation","0/19","5/3464",0,0,-0.166156813285022,1,1,1,"",0
"GO:0021756","striatum development","0/19","5/3464",0,0,-0.166156813285022,1,1,1,"",0
"GO:0021761","limbic system development","0/19","22/3464",0,0,-0.34939311326674,1,1,1,"",0
"GO:0021762","substantia nigra development","0/19","25/3464",0,0,-0.372616729405071,1,1,1,"",0
"GO:0021766","hippocampus development","0/19","17/3464",0,0,-0.306910857143731,1,1,1,"",0
"GO:0021772","olfactory bulb development","0/19","6/3464",0,0,-0.182041985591496,1,1,1,"",0
"GO:0021782","glial cell development","0/19","30/3464",0,0,-0.408478229509318,1,1,1,"",0
"GO:0021795","cerebral cortex cell migration","0/19","12/3464",0,0,-0.257669884406375,1,1,1,"",0
"GO:0021799","cerebral cortex radially oriented cell migration","0/19","11/3464",0,0,-0.246664407017154,1,1,1,"",0
"GO:0021801","cerebral cortex radial glia-guided migration","0/19","8/3464",0,0,-0.210264792883586,1,1,1,"",0
"GO:0021846","cell proliferation in forebrain","0/19","7/3464",0,0,-0.196656254499952,1,1,1,"",0
"GO:0021854","hypothalamus development","0/19","5/3464",0,0,-0.166156813285022,1,1,1,"",0
"GO:0021872","forebrain generation of neurons","0/19","12/3464",0,0,-0.257669884406375,1,1,1,"",0
"GO:0021879","forebrain neuron differentiation","0/19","11/3464",0,0,-0.246664407017154,1,1,1,"",0
"GO:0021884","forebrain neuron development","0/19","8/3464",0,0,-0.210264792883586,1,1,1,"",0
"GO:0021885","forebrain cell migration","0/19","16/3464",0,0,-0.297704086332389,1,1,1,"",0
"GO:0021915","neural tube development","0/19","15/3464",0,0,-0.288208951504192,1,1,1,"",0
"GO:0021953","central nervous system neuron differentiation","0/19","34/3464",0,0,-0.435111770286058,1,1,1,"",0
"GO:0021954","central nervous system neuron development","0/19","20/3464",0,0,-0.333036519803188,1,1,1,"",0
"GO:0021955","central nervous system neuron axonogenesis","0/19","8/3464",0,0,-0.210264792883586,1,1,1,"",0
"GO:0021988","olfactory lobe development","0/19","6/3464",0,0,-0.182041985591496,1,1,1,"",0
"GO:0022010","central nervous system myelination","0/19","6/3464",0,0,-0.182041985591496,1,1,1,"",0
"GO:0022011","myelination in peripheral nervous system","0/19","6/3464",0,0,-0.182041985591496,1,1,1,"",0
"GO:0022029","telencephalon cell migration","0/19","15/3464",0,0,-0.288208951504192,1,1,1,"",0
"GO:0022030","telencephalon glial cell migration","0/19","8/3464",0,0,-0.210264792883586,1,1,1,"",0
"GO:0022037","metencephalon development","0/19","23/3464",0,0,-0.357297530736516,1,1,1,"",0
"GO:0022404","molting cycle process","0/19","6/3464",0,0,-0.182041985591496,1,1,1,"",0
"GO:0022405","hair cycle process","0/19","6/3464",0,0,-0.182041985591496,1,1,1,"",0
"GO:0022406","membrane docking","0/19","33/3464",0,0,-0.428602839616084,1,1,1,"",0
"GO:0022407","regulation of cell-cell adhesion","0/19","85/3464",0,0,-0.693144529644576,1,1,1,"",0
"GO:0022408","negative regulation of cell-cell adhesion","0/19","34/3464",0,0,-0.435111770286058,1,1,1,"",0
"GO:0022409","positive regulation of cell-cell adhesion","0/19","54/3464",0,0,-0.549956226669746,1,1,1,"",0
"GO:0022411","cellular component disassembly","0/19","144/3464",0,0,-0.910166061361731,1,1,1,"",0
"GO:0022412","cellular process involved in reproduction in multicellular organism","0/19","33/3464",0,0,-0.428602839616084,1,1,1,"",0
"GO:0022600","digestive system process","0/19","8/3464",0,0,-0.210264792883586,1,1,1,"",0
"GO:0022613","ribonucleoprotein complex biogenesis","0/19","156/3464",0,0,-0.949047570752721,1,1,1,"",0
"GO:0022616","DNA strand elongation","0/19","9/3464",0,0,-0.223051763894324,1,1,1,"",0
"GO:0022617","extracellular matrix disassembly","0/19","9/3464",0,0,-0.223051763894324,1,1,1,"",0
"GO:0022618","protein-RNA complex assembly","0/19","84/3464",0,0,-0.68895320692221,1,1,1,"",0
"GO:0022898","regulation of transmembrane transporter activity","0/19","14/3464",0,0,-0.278395943846603,1,1,1,"",0
"GO:0022900","electron transport chain","0/19","37/3464",0,0,-0.454100774842204,1,1,1,"",0
"GO:0022904","respiratory electron transport chain","0/19","36/3464",0,0,-0.44785690746358,1,1,1,"",0
"GO:0030010","establishment of cell polarity","0/19","35/3464",0,0,-0.441528470388438,1,1,1,"",0
"GO:0030032","lamellipodium assembly","0/19","25/3464",0,0,-0.372616729405071,1,1,1,"",0
"GO:0030033","microvillus assembly","0/19","5/3464",0,0,-0.166156813285022,1,1,1,"",0
"GO:0030038","contractile actin filament bundle assembly","0/19","29/3464",0,0,-0.401554097064957,1,1,1,"",0
"GO:0030042","actin filament depolymerization","0/19","19/3464",0,0,-0.324556731049388,1,1,1,"",0
"GO:0030071","regulation of mitotic metaphase/anaphase transition","0/19","32/3464",0,0,-0.421997407283268,1,1,1,"",0
"GO:0030100","regulation of endocytosis","0/19","93/3464",0,0,-0.725889528032708,1,1,1,"",0
"GO:0030101","natural killer cell activation","0/19","14/3464",0,0,-0.278395943846603,1,1,1,"",0
"GO:0030111","regulation of Wnt signaling pathway","0/19","83/3464",0,0,-0.684738731465902,1,1,1,"",0
"GO:0030148","sphingolipid biosynthetic process","0/19","18/3464",0,0,-0.31585448576581,1,1,1,"",0
"GO:0030149","sphingolipid catabolic process","0/19","11/3464",0,0,-0.246664407017154,1,1,1,"",0
"GO:0030150","protein import into mitochondrial matrix","0/19","8/3464",0,0,-0.210264792883586,1,1,1,"",0
"GO:0030162","regulation of proteolysis","0/19","32/3464",0,0,-0.421997407283268,1,1,1,"",0
"GO:0030166","proteoglycan biosynthetic process","0/19","17/3464",0,0,-0.306910857143731,1,1,1,"",0
"GO:0030174","regulation of DNA-templated DNA replication initiation","0/19","5/3464",0,0,-0.166156813285022,1,1,1,"",0
"GO:0030177","positive regulation of Wnt signaling pathway","0/19","44/3464",0,0,-0.495703195266209,1,1,1,"",0
"GO:0030178","negative regulation of Wnt signaling pathway","0/19","29/3464",0,0,-0.401554097064957,1,1,1,"",0
"GO:0030193","regulation of blood coagulation","0/19","5/3464",0,0,-0.166156813285022,1,1,1,"",0
"GO:0030198","extracellular matrix organization","0/19","25/3464",0,0,-0.372616729405071,1,1,1,"",0
"GO:0030220","platelet formation","0/19","6/3464",0,0,-0.182041985591496,1,1,1,"",0
"GO:0030225","macrophage differentiation","0/19","8/3464",0,0,-0.210264792883586,1,1,1,"",0
"GO:0030239","myofibril assembly","0/19","8/3464",0,0,-0.210264792883586,1,1,1,"",0
"GO:0030242","autophagy of peroxisome","0/19","6/3464",0,0,-0.182041985591496,1,1,1,"",0
"GO:0030258","lipid modification","0/19","44/3464",0,0,-0.495703195266209,1,1,1,"",0
"GO:0030261","chromosome condensation","0/19","8/3464",0,0,-0.210264792883586,1,1,1,"",0
"GO:0030278","regulation of ossification","0/19","19/3464",0,0,-0.324556731049388,1,1,1,"",0
"GO:0030279","negative regulation of ossification","0/19","6/3464",0,0,-0.182041985591496,1,1,1,"",0
"GO:0030282","bone mineralization","0/19","14/3464",0,0,-0.278395943846603,1,1,1,"",0
"GO:0030301","cholesterol transport","0/19","24/3464",0,0,-0.365035273643728,1,1,1,"",0
"GO:0030307","positive regulation of cell growth","0/19","49/3464",0,0,-0.523493289707436,1,1,1,"",0
"GO:0030308","negative regulation of cell growth","0/19","43/3464",0,0,-0.489966202580668,1,1,1,"",0
"GO:0030316","osteoclast differentiation","0/19","17/3464",0,0,-0.306910857143731,1,1,1,"",0
"GO:0030317","flagellated sperm motility","0/19","23/3464",0,0,-0.357297530736516,1,1,1,"",0
"GO:0030323","respiratory tube development","0/19","9/3464",0,0,-0.223051763894324,1,1,1,"",0
"GO:0030324","lung development","0/19","9/3464",0,0,-0.223051763894324,1,1,1,"",0
"GO:0030326","embryonic limb morphogenesis","0/19","8/3464",0,0,-0.210264792883586,1,1,1,"",0
"GO:0030330","DNA damage response, signal transduction by p53 class mediator","0/19","18/3464",0,0,-0.31585448576581,1,1,1,"",0
"GO:0030488","tRNA methylation","0/19","8/3464",0,0,-0.210264792883586,1,1,1,"",0
"GO:0030490","maturation of SSU-rRNA","0/19","13/3464",0,0,-0.268230172957206,1,1,1,"",0
"GO:0030500","regulation of bone mineralization","0/19","12/3464",0,0,-0.257669884406375,1,1,1,"",0
"GO:0030501","positive regulation of bone mineralization","0/19","10/3464",0,0,-0.235151236373825,1,1,1,"",0
"GO:0030509","BMP signaling pathway","0/19","28/3464",0,0,-0.394512593545314,1,1,1,"",0
"GO:0030510","regulation of BMP signaling pathway","0/19","14/3464",0,0,-0.278395943846603,1,1,1,"",0
"GO:0030511","positive regulation of transforming growth factor beta receptor signaling pathway","0/19","9/3464",0,0,-0.223051763894324,1,1,1,"",0
"GO:0030512","negative regulation of transforming growth factor beta receptor signaling pathway","0/19","22/3464",0,0,-0.34939311326674,1,1,1,"",0
"GO:0030514","negative regulation of BMP signaling pathway","0/19","5/3464",0,0,-0.166156813285022,1,1,1,"",0
"GO:0030517","negative regulation of axon extension","0/19","9/3464",0,0,-0.223051763894324,1,1,1,"",0
"GO:0030520","estrogen receptor signaling pathway","0/19","15/3464",0,0,-0.288208951504192,1,1,1,"",0
"GO:0030521","androgen receptor signaling pathway","0/19","14/3464",0,0,-0.278395943846603,1,1,1,"",0
"GO:0030534","adult behavior","0/19","15/3464",0,0,-0.288208951504192,1,1,1,"",0
"GO:0030575","nuclear body organization","0/19","5/3464",0,0,-0.166156813285022,1,1,1,"",0
"GO:0030593","neutrophil chemotaxis","0/19","9/3464",0,0,-0.223051763894324,1,1,1,"",0
"GO:0030595","leukocyte chemotaxis","0/19","30/3464",0,0,-0.408478229509318,1,1,1,"",0
"GO:0030641","regulation of cellular pH","0/19","32/3464",0,0,-0.421997407283268,1,1,1,"",0
"GO:0030705","cytoskeleton-dependent intracellular transport","0/19","97/3464",0,0,-0.741775939111992,1,1,1,"",0
"GO:0030808","regulation of nucleotide biosynthetic process","0/19","7/3464",0,0,-0.196656254499952,1,1,1,"",0
"GO:0030810","positive regulation of nucleotide biosynthetic process","0/19","7/3464",0,0,-0.196656254499952,1,1,1,"",0
"GO:0030811","regulation of nucleotide catabolic process","0/19","17/3464",0,0,-0.306910857143731,1,1,1,"",0
"GO:0030813","positive regulation of nucleotide catabolic process","0/19","10/3464",0,0,-0.235151236373825,1,1,1,"",0
"GO:0030834","regulation of actin filament depolymerization","0/19","16/3464",0,0,-0.297704086332389,1,1,1,"",0
"GO:0030835","negative regulation of actin filament depolymerization","0/19","14/3464",0,0,-0.278395943846603,1,1,1,"",0
"GO:0030837","negative regulation of actin filament polymerization","0/19","17/3464",0,0,-0.306910857143731,1,1,1,"",0
"GO:0030846","termination of RNA polymerase II transcription, poly(A)-coupled","0/19","6/3464",0,0,-0.182041985591496,1,1,1,"",0
"GO:0030857","negative regulation of epithelial cell differentiation","0/19","6/3464",0,0,-0.182041985591496,1,1,1,"",0
"GO:0030858","positive regulation of epithelial cell differentiation","0/19","8/3464",0,0,-0.210264792883586,1,1,1,"",0
"GO:0030865","cortical cytoskeleton organization","0/19","19/3464",0,0,-0.324556731049388,1,1,1,"",0
"GO:0030866","cortical actin cytoskeleton organization","0/19","11/3464",0,0,-0.246664407017154,1,1,1,"",0
"GO:0030879","mammary gland development","0/19","11/3464",0,0,-0.246664407017154,1,1,1,"",0
"GO:0030888","regulation of B cell proliferation","0/19","6/3464",0,0,-0.182041985591496,1,1,1,"",0
"GO:0030901","midbrain development","0/19","30/3464",0,0,-0.408478229509318,1,1,1,"",0
"GO:0030947","regulation of vascular endothelial growth factor receptor signaling pathway","0/19","10/3464",0,0,-0.235151236373825,1,1,1,"",0
"GO:0030949","positive regulation of vascular endothelial growth factor receptor signaling pathway","0/19","5/3464",0,0,-0.166156813285022,1,1,1,"",0
"GO:0030953","astral microtubule organization","0/19","8/3464",0,0,-0.210264792883586,1,1,1,"",0
"GO:0030968","endoplasmic reticulum unfolded protein response","0/19","38/3464",0,0,-0.46026351744214,1,1,1,"",0
"GO:0030970","retrograde protein transport, ER to cytosol","0/19","14/3464",0,0,-0.278395943846603,1,1,1,"",0
"GO:0031016","pancreas development","0/19","11/3464",0,0,-0.246664407017154,1,1,1,"",0
"GO:0031018","endocrine pancreas development","0/19","8/3464",0,0,-0.210264792883586,1,1,1,"",0
"GO:0031023","microtubule organizing center organization","0/19","44/3464",0,0,-0.495703195266209,1,1,1,"",0
"GO:0031032","actomyosin structure organization","0/19","46/3464",0,0,-0.5069922489714,1,1,1,"",0
"GO:0031047","regulatory ncRNA-mediated gene silencing","0/19","52/3464",0,0,-0.53951757143937,1,1,1,"",0
"GO:0031048","regulatory ncRNA-mediated heterochromatin formation","0/19","6/3464",0,0,-0.182041985591496,1,1,1,"",0
"GO:0031053","primary miRNA processing","0/19","8/3464",0,0,-0.210264792883586,1,1,1,"",0
"GO:0031054","pre-miRNA processing","0/19","8/3464",0,0,-0.210264792883586,1,1,1,"",0
"GO:0031098","stress-activated protein kinase signaling cascade","0/19","16/3464",0,0,-0.297704086332389,1,1,1,"",0
"GO:0031099","regeneration","0/19","31/3464",0,0,-0.415290865128321,1,1,1,"",0
"GO:0031100","animal organ regeneration","0/19","6/3464",0,0,-0.182041985591496,1,1,1,"",0
"GO:0031102","neuron projection regeneration","0/19","15/3464",0,0,-0.288208951504192,1,1,1,"",0
"GO:0031103","axon regeneration","0/19","13/3464",0,0,-0.268230172957206,1,1,1,"",0
"GO:0031111","negative regulation of microtubule polymerization or depolymerization","0/19","15/3464",0,0,-0.288208951504192,1,1,1,"",0
"GO:0031112","positive regulation of microtubule polymerization or depolymerization","0/19","20/3464",0,0,-0.333036519803188,1,1,1,"",0
"GO:0031114","regulation of microtubule depolymerization","0/19","12/3464",0,0,-0.257669884406375,1,1,1,"",0
"GO:0031115","negative regulation of microtubule polymerization","0/19","8/3464",0,0,-0.210264792883586,1,1,1,"",0
"GO:0031116","positive regulation of microtubule polymerization","0/19","18/3464",0,0,-0.31585448576581,1,1,1,"",0
"GO:0031122","cytoplasmic microtubule organization","0/19","32/3464",0,0,-0.421997407283268,1,1,1,"",0
"GO:0031128","developmental induction","0/19","5/3464",0,0,-0.166156813285022,1,1,1,"",0
"GO:0031145","anaphase-promoting complex-dependent catabolic process","0/19","9/3464",0,0,-0.223051763894324,1,1,1,"",0
"GO:0031146","SCF-dependent proteasomal ubiquitin-dependent protein catabolic process","0/19","26/3464",0,0,-0.380051254953769,1,1,1,"",0
"GO:0031163","metallo-sulfur cluster assembly","0/19","6/3464",0,0,-0.182041985591496,1,1,1,"",0
"GO:0031167","rRNA methylation","0/19","7/3464",0,0,-0.196656254499952,1,1,1,"",0
"GO:0031204","post-translational protein targeting to membrane, translocation","0/19","6/3464",0,0,-0.182041985591496,1,1,1,"",0
"GO:0031214","biomineral tissue development","0/19","19/3464",0,0,-0.324556731049388,1,1,1,"",0
"GO:0031281","positive regulation of cyclase activity","0/19","5/3464",0,0,-0.166156813285022,1,1,1,"",0
"GO:0031290","retinal ganglion cell axon guidance","0/19","5/3464",0,0,-0.166156813285022,1,1,1,"",0
"GO:0031293","membrane protein intracellular domain proteolysis","0/19","6/3464",0,0,-0.182041985591496,1,1,1,"",0
"GO:0031294","lymphocyte costimulation","0/19","7/3464",0,0,-0.196656254499952,1,1,1,"",0
"GO:0031295","T cell costimulation","0/19","7/3464",0,0,-0.196656254499952,1,1,1,"",0
"GO:0031297","replication fork processing","0/19","14/3464",0,0,-0.278395943846603,1,1,1,"",0
"GO:0031333","negative regulation of protein-containing complex assembly","0/19","51/3464",0,0,-0.534226438359461,1,1,1,"",0
"GO:0031338","regulation of vesicle fusion","0/19","7/3464",0,0,-0.196656254499952,1,1,1,"",0
"GO:0031340","positive regulation of vesicle fusion","0/19","6/3464",0,0,-0.182041985591496,1,1,1,"",0
"GO:0031341","regulation of cell killing","0/19","8/3464",0,0,-0.210264792883586,1,1,1,"",0
"GO:0031345","negative regulation of cell projection organization","0/19","63/3464",0,0,-0.594806070053513,1,1,1,"",0
"GO:0031347","regulation of defense response","0/19","149/3464",0,0,-0.92653067227169,1,1,1,"",0
"GO:0031348","negative regulation of defense response","0/19","46/3464",0,0,-0.5069922489714,1,1,1,"",0
"GO:0031349","positive regulation of defense response","0/19","94/3464",0,0,-0.729889993173829,1,1,1,"",0
"GO:0031396","regulation of protein ubiquitination","0/19","59/3464",0,0,-0.575275503001756,1,1,1,"",0
"GO:0031397","negative regulation of protein ubiquitination","0/19","26/3464",0,0,-0.380051254953769,1,1,1,"",0
"GO:0031398","positive regulation of protein ubiquitination","0/19","29/3464",0,0,-0.401554097064957,1,1,1,"",0
"GO:0031399","regulation of protein modification process","0/19","183/3464",0,0,-1.03212159011777,1,1,1,"",0
"GO:0031400","negative regulation of protein modification process","0/19","57/3464",0,0,-0.565275020198315,1,1,1,"",0
"GO:0031401","positive regulation of protein modification process","0/19","97/3464",0,0,-0.741775939111992,1,1,1,"",0
"GO:0031468","nuclear membrane reassembly","0/19","11/3464",0,0,-0.246664407017154,1,1,1,"",0
"GO:0031507","heterochromatin formation","0/19","62/3464",0,0,-0.589979774077357,1,1,1,"",0
"GO:0031529","ruffle organization","0/19","15/3464",0,0,-0.288208951504192,1,1,1,"",0
"GO:0031554","regulation of termination of DNA-templated transcription","0/19","7/3464",0,0,-0.196656254499952,1,1,1,"",0
"GO:0031570","DNA integrity checkpoint signaling","0/19","24/3464",0,0,-0.365035273643728,1,1,1,"",0
"GO:0031577","spindle checkpoint signaling","0/19","15/3464",0,0,-0.288208951504192,1,1,1,"",0
"GO:0031579","membrane raft organization","0/19","6/3464",0,0,-0.182041985591496,1,1,1,"",0
"GO:0031623","receptor internalization","0/19","45/3464",0,0,-0.501377845320214,1,1,1,"",0
"GO:0031629","synaptic vesicle fusion to presynaptic active zone membrane","0/19","8/3464",0,0,-0.210264792883586,1,1,1,"",0
"GO:0031630","regulation of synaptic vesicle fusion to presynaptic active zone membrane","0/19","5/3464",0,0,-0.166156813285022,1,1,1,"",0
"GO:0031641","regulation of myelination","0/19","10/3464",0,0,-0.235151236373825,1,1,1,"",0
"GO:0031643","positive regulation of myelination","0/19","6/3464",0,0,-0.182041985591496,1,1,1,"",0
"GO:0031646","positive regulation of nervous system process","0/19","8/3464",0,0,-0.210264792883586,1,1,1,"",0
"GO:0031648","protein destabilization","0/19","14/3464",0,0,-0.278395943846603,1,1,1,"",0
"GO:0031663","lipopolysaccharide-mediated signaling pathway","0/19","5/3464",0,0,-0.166156813285022,1,1,1,"",0
"GO:0031667","response to nutrient levels","0/19","114/3464",0,0,-0.806191946220993,1,1,1,"",0
"GO:0031669","cellular response to nutrient levels","0/19","76/3464",0,0,-0.654551056885572,1,1,1,"",0
"GO:0031670","cellular response to nutrient","0/19","11/3464",0,0,-0.246664407017154,1,1,1,"",0
"GO:0031929","TOR signaling","0/19","62/3464",0,0,-0.589979774077357,1,1,1,"",0
"GO:0032006","regulation of TOR signaling","0/19","53/3464",0,0,-0.544760372566215,1,1,1,"",0
"GO:0032007","negative regulation of TOR signaling","0/19","24/3464",0,0,-0.365035273643728,1,1,1,"",0
"GO:0032008","positive regulation of TOR signaling","0/19","27/3464",0,0,-0.387347314334364,1,1,1,"",0
"GO:0032011","ARF protein signal transduction","0/19","8/3464",0,0,-0.210264792883586,1,1,1,"",0
"GO:0032012","regulation of ARF protein signal transduction","0/19","8/3464",0,0,-0.210264792883586,1,1,1,"",0
"GO:0032048","cardiolipin metabolic process","0/19","5/3464",0,0,-0.166156813285022,1,1,1,"",0
"GO:0032091","negative regulation of protein binding","0/19","5/3464",0,0,-0.166156813285022,1,1,1,"",0
"GO:0032101","regulation of response to external stimulus","0/19","193/3464",0,0,-1.06156554814419,1,1,1,"",0
"GO:0032102","negative regulation of response to external stimulus","0/19","65/3464",0,0,-0.604351395347242,1,1,1,"",0
"GO:0032103","positive regulation of response to external stimulus","0/19","118/3464",0,0,-0.820703845699623,1,1,1,"",0
"GO:0032147","activation of protein kinase activity","0/19","11/3464",0,0,-0.246664407017154,1,1,1,"",0
"GO:0032196","transposition","0/19","7/3464",0,0,-0.196656254499952,1,1,1,"",0
"GO:0032197","retrotransposition","0/19","7/3464",0,0,-0.196656254499952,1,1,1,"",0
"GO:0032200","telomere organization","0/19","52/3464",0,0,-0.53951757143937,1,1,1,"",0
"GO:0032204","regulation of telomere maintenance","0/19","43/3464",0,0,-0.489966202580668,1,1,1,"",0
"GO:0032205","negative regulation of telomere maintenance","0/19","13/3464",0,0,-0.268230172957206,1,1,1,"",0
"GO:0032206","positive regulation of telomere maintenance","0/19","29/3464",0,0,-0.401554097064957,1,1,1,"",0
"GO:0032210","regulation of telomere maintenance via telomerase","0/19","20/3464",0,0,-0.333036519803188,1,1,1,"",0
"GO:0032211","negative regulation of telomere maintenance via telomerase","0/19","7/3464",0,0,-0.196656254499952,1,1,1,"",0
"GO:0032212","positive regulation of telomere maintenance via telomerase","0/19","13/3464",0,0,-0.268230172957206,1,1,1,"",0
"GO:0032228","regulation of synaptic transmission, GABAergic","0/19","6/3464",0,0,-0.182041985591496,1,1,1,"",0
"GO:0032232","negative regulation of actin filament bundle assembly","0/19","10/3464",0,0,-0.235151236373825,1,1,1,"",0
"GO:0032239","regulation of nucleobase-containing compound transport","0/19","11/3464",0,0,-0.246664407017154,1,1,1,"",0
"GO:0032252","secretory granule localization","0/19","11/3464",0,0,-0.246664407017154,1,1,1,"",0
"GO:0032253","dense core granule localization","0/19","11/3464",0,0,-0.246664407017154,1,1,1,"",0
"GO:0032259","methylation","0/19","44/3464",0,0,-0.495703195266209,1,1,1,"",0
"GO:0032261","purine nucleotide salvage","0/19","7/3464",0,0,-0.196656254499952,1,1,1,"",0
"GO:0032272","negative regulation of protein polymerization","0/19","25/3464",0,0,-0.372616729405071,1,1,1,"",0
"GO:0032288","myelin assembly","0/19","6/3464",0,0,-0.182041985591496,1,1,1,"",0
"GO:0032291","axon ensheathment in central nervous system","0/19","6/3464",0,0,-0.182041985591496,1,1,1,"",0
"GO:0032292","peripheral nervous system axon ensheathment","0/19","6/3464",0,0,-0.182041985591496,1,1,1,"",0
"GO:0032330","regulation of chondrocyte differentiation","0/19","6/3464",0,0,-0.182041985591496,1,1,1,"",0
"GO:0032350","regulation of hormone metabolic process","0/19","6/3464",0,0,-0.182041985591496,1,1,1,"",0
"GO:0032355","response to estradiol","0/19","23/3464",0,0,-0.357297530736516,1,1,1,"",0
"GO:0032365","intracellular lipid transport","0/19","14/3464",0,0,-0.278395943846603,1,1,1,"",0
"GO:0032366","intracellular sterol transport","0/19","11/3464",0,0,-0.246664407017154,1,1,1,"",0
"GO:0032367","intracellular cholesterol transport","0/19","11/3464",0,0,-0.246664407017154,1,1,1,"",0
"GO:0032368","regulation of lipid transport","0/19","18/3464",0,0,-0.31585448576581,1,1,1,"",0
"GO:0032369","negative regulation of lipid transport","0/19","10/3464",0,0,-0.235151236373825,1,1,1,"",0
"GO:0032370","positive regulation of lipid transport","0/19","6/3464",0,0,-0.182041985591496,1,1,1,"",0
"GO:0032371","regulation of sterol transport","0/19","8/3464",0,0,-0.210264792883586,1,1,1,"",0
"GO:0032374","regulation of cholesterol transport","0/19","8/3464",0,0,-0.210264792883586,1,1,1,"",0
"GO:0032387","negative regulation of intracellular transport","0/19","22/3464",0,0,-0.34939311326674,1,1,1,"",0
"GO:0032400","melanosome localization","0/19","10/3464",0,0,-0.235151236373825,1,1,1,"",0
"GO:0032401","establishment of melanosome localization","0/19","10/3464",0,0,-0.235151236373825,1,1,1,"",0
"GO:0032402","melanosome transport","0/19","9/3464",0,0,-0.223051763894324,1,1,1,"",0
"GO:0032410","negative regulation of transporter activity","0/19","6/3464",0,0,-0.182041985591496,1,1,1,"",0
"GO:0032411","positive regulation of transporter activity","0/19","5/3464",0,0,-0.166156813285022,1,1,1,"",0
"GO:0032413","negative regulation of ion transmembrane transporter activity","0/19","5/3464",0,0,-0.166156813285022,1,1,1,"",0
"GO:0032414","positive regulation of ion transmembrane transporter activity","0/19","5/3464",0,0,-0.166156813285022,1,1,1,"",0
"GO:0032418","lysosome localization","0/19","18/3464",0,0,-0.31585448576581,1,1,1,"",0
"GO:0032434","regulation of proteasomal ubiquitin-dependent protein catabolic process","0/19","48/3464",0,0,-0.518048142454573,1,1,1,"",0
"GO:0032435","negative regulation of proteasomal ubiquitin-dependent protein catabolic process","0/19","17/3464",0,0,-0.306910857143731,1,1,1,"",0
"GO:0032436","positive regulation of proteasomal ubiquitin-dependent protein catabolic process","0/19","26/3464",0,0,-0.380051254953769,1,1,1,"",0
"GO:0032438","melanosome organization","0/19","14/3464",0,0,-0.278395943846603,1,1,1,"",0
"GO:0032456","endocytic recycling","0/19","40/3464",0,0,-0.472358299854603,1,1,1,"",0
"GO:0032465","regulation of cytokinesis","0/19","35/3464",0,0,-0.441528470388438,1,1,1,"",0
"GO:0032467","positive regulation of cytokinesis","0/19","13/3464",0,0,-0.268230172957206,1,1,1,"",0
"GO:0032469","endoplasmic reticulum calcium ion homeostasis","0/19","9/3464",0,0,-0.223051763894324,1,1,1,"",0
"GO:0032479","regulation of type I interferon production","0/19","37/3464",0,0,-0.454100774842204,1,1,1,"",0
"GO:0032480","negative regulation of type I interferon production","0/19","20/3464",0,0,-0.333036519803188,1,1,1,"",0
"GO:0032481","positive regulation of type I interferon production","0/19","18/3464",0,0,-0.31585448576581,1,1,1,"",0
"GO:0032482","Rab protein signal transduction","0/19","7/3464",0,0,-0.196656254499952,1,1,1,"",0
"GO:0032486","Rap protein signal transduction","0/19","8/3464",0,0,-0.210264792883586,1,1,1,"",0
"GO:0032496","response to lipopolysaccharide","0/19","35/3464",0,0,-0.441528470388438,1,1,1,"",0
"GO:0032506","cytokinetic process","0/19","15/3464",0,0,-0.288208951504192,1,1,1,"",0
"GO:0032507","maintenance of protein location in cell","0/19","20/3464",0,0,-0.333036519803188,1,1,1,"",0
"GO:0032509","endosome transport via multivesicular body sorting pathway","0/19","19/3464",0,0,-0.324556731049388,1,1,1,"",0
"GO:0032510","endosome to lysosome transport via multivesicular body sorting pathway","0/19","6/3464",0,0,-0.182041985591496,1,1,1,"",0
"GO:0032511","late endosome to vacuole transport via multivesicular body sorting pathway","0/19","13/3464",0,0,-0.268230172957206,1,1,1,"",0
"GO:0032526","response to retinoic acid","0/19","10/3464",0,0,-0.235151236373825,1,1,1,"",0
"GO:0032527","protein exit from endoplasmic reticulum","0/19","23/3464",0,0,-0.357297530736516,1,1,1,"",0
"GO:0032528","microvillus organization","0/19","5/3464",0,0,-0.166156813285022,1,1,1,"",0
"GO:0032530","regulation of microvillus organization","0/19","5/3464",0,0,-0.166156813285022,1,1,1,"",0
"GO:0032534","regulation of microvillus assembly","0/19","5/3464",0,0,-0.166156813285022,1,1,1,"",0
"GO:0032543","mitochondrial translation","0/19","23/3464",0,0,-0.357297530736516,1,1,1,"",0
"GO:0032570","response to progesterone","0/19","6/3464",0,0,-0.182041985591496,1,1,1,"",0
"GO:0032602","chemokine production","0/19","12/3464",0,0,-0.257669884406375,1,1,1,"",0
"GO:0032606","type I interferon production","0/19","37/3464",0,0,-0.454100774842204,1,1,1,"",0
"GO:0032607","interferon-alpha production","0/19","9/3464",0,0,-0.223051763894324,1,1,1,"",0
"GO:0032608","interferon-beta production","0/19","15/3464",0,0,-0.288208951504192,1,1,1,"",0
"GO:0032609","type II interferon production","0/19","14/3464",0,0,-0.278395943846603,1,1,1,"",0
"GO:0032611","interleukin-1 beta production","0/19","11/3464",0,0,-0.246664407017154,1,1,1,"",0
"GO:0032612","interleukin-1 production","0/19","13/3464",0,0,-0.268230172957206,1,1,1,"",0
"GO:0032613","interleukin-10 production","0/19","10/3464",0,0,-0.235151236373825,1,1,1,"",0
"GO:0032615","interleukin-12 production","0/19","5/3464",0,0,-0.166156813285022,1,1,1,"",0
"GO:0032623","interleukin-2 production","0/19","11/3464",0,0,-0.246664407017154,1,1,1,"",0
"GO:0032635","interleukin-6 production","0/19","14/3464",0,0,-0.278395943846603,1,1,1,"",0
"GO:0032637","interleukin-8 production","0/19","8/3464",0,0,-0.210264792883586,1,1,1,"",0
"GO:0032640","tumor necrosis factor production","0/19","29/3464",0,0,-0.401554097064957,1,1,1,"",0
"GO:0032642","regulation of chemokine production","0/19","12/3464",0,0,-0.257669884406375,1,1,1,"",0
"GO:0032647","regulation of interferon-alpha production","0/19","9/3464",0,0,-0.223051763894324,1,1,1,"",0
"GO:0032648","regulation of interferon-beta production","0/19","15/3464",0,0,-0.288208951504192,1,1,1,"",0
"GO:0032649","regulation of type II interferon production","0/19","14/3464",0,0,-0.278395943846603,1,1,1,"",0
"GO:0032651","regulation of interleukin-1 beta production","0/19","11/3464",0,0,-0.246664407017154,1,1,1,"",0
"GO:0032652","regulation of interleukin-1 production","0/19","13/3464",0,0,-0.268230172957206,1,1,1,"",0
"GO:0032653","regulation of interleukin-10 production","0/19","10/3464",0,0,-0.235151236373825,1,1,1,"",0
"GO:0032655","regulation of interleukin-12 production","0/19","5/3464",0,0,-0.166156813285022,1,1,1,"",0
"GO:0032663","regulation of interleukin-2 production","0/19","11/3464",0,0,-0.246664407017154,1,1,1,"",0
"GO:0032675","regulation of interleukin-6 production","0/19","14/3464",0,0,-0.278395943846603,1,1,1,"",0
"GO:0032677","regulation of interleukin-8 production","0/19","8/3464",0,0,-0.210264792883586,1,1,1,"",0
"GO:0032680","regulation of tumor necrosis factor production","0/19","29/3464",0,0,-0.401554097064957,1,1,1,"",0
"GO:0032688","negative regulation of interferon-beta production","0/19","5/3464",0,0,-0.166156813285022,1,1,1,"",0
"GO:0032720","negative regulation of tumor necrosis factor production","0/19","6/3464",0,0,-0.182041985591496,1,1,1,"",0
"GO:0032722","positive regulation of chemokine production","0/19","8/3464",0,0,-0.210264792883586,1,1,1,"",0
"GO:0032727","positive regulation of interferon-alpha production","0/19","8/3464",0,0,-0.210264792883586,1,1,1,"",0
"GO:0032728","positive regulation of interferon-beta production","0/19","9/3464",0,0,-0.223051763894324,1,1,1,"",0
"GO:0032729","positive regulation of type II interferon production","0/19","10/3464",0,0,-0.235151236373825,1,1,1,"",0
"GO:0032731","positive regulation of interleukin-1 beta production","0/19","7/3464",0,0,-0.196656254499952,1,1,1,"",0
"GO:0032732","positive regulation of interleukin-1 production","0/19","8/3464",0,0,-0.210264792883586,1,1,1,"",0
"GO:0032733","positive regulation of interleukin-10 production","0/19","8/3464",0,0,-0.210264792883586,1,1,1,"",0
"GO:0032743","positive regulation of interleukin-2 production","0/19","10/3464",0,0,-0.235151236373825,1,1,1,"",0
"GO:0032755","positive regulation of interleukin-6 production","0/19","9/3464",0,0,-0.223051763894324,1,1,1,"",0
"GO:0032757","positive regulation of interleukin-8 production","0/19","6/3464",0,0,-0.182041985591496,1,1,1,"",0
"GO:0032760","positive regulation of tumor necrosis factor production","0/19","21/3464",0,0,-0.341310437223647,1,1,1,"",0
"GO:0032781","positive regulation of ATP-dependent activity","0/19","6/3464",0,0,-0.182041985591496,1,1,1,"",0
"GO:0032784","regulation of DNA-templated transcription elongation","0/19","40/3464",0,0,-0.472358299854603,1,1,1,"",0
"GO:0032785","negative regulation of DNA-templated transcription, elongation","0/19","11/3464",0,0,-0.246664407017154,1,1,1,"",0
"GO:0032786","positive regulation of DNA-templated transcription, elongation","0/19","22/3464",0,0,-0.34939311326674,1,1,1,"",0
"GO:0032790","ribosome disassembly","0/19","20/3464",0,0,-0.333036519803188,1,1,1,"",0
"GO:0032801","receptor catabolic process","0/19","10/3464",0,0,-0.235151236373825,1,1,1,"",0
"GO:0032814","regulation of natural killer cell activation","0/19","6/3464",0,0,-0.182041985591496,1,1,1,"",0
"GO:0032835","glomerulus development","0/19","11/3464",0,0,-0.246664407017154,1,1,1,"",0
"GO:0032872","regulation of stress-activated MAPK cascade","0/19","13/3464",0,0,-0.268230172957206,1,1,1,"",0
"GO:0032874","positive regulation of stress-activated MAPK cascade","0/19","8/3464",0,0,-0.210264792883586,1,1,1,"",0
"GO:0032878","regulation of establishment or maintenance of cell polarity","0/19","8/3464",0,0,-0.210264792883586,1,1,1,"",0
"GO:0032881","regulation of polysaccharide metabolic process","0/19","10/3464",0,0,-0.235151236373825,1,1,1,"",0
"GO:0032885","regulation of polysaccharide biosynthetic process","0/19","9/3464",0,0,-0.223051763894324,1,1,1,"",0
"GO:0032890","regulation of organic acid transport","0/19","14/3464",0,0,-0.278395943846603,1,1,1,"",0
"GO:0032891","negative regulation of organic acid transport","0/19","8/3464",0,0,-0.210264792883586,1,1,1,"",0
"GO:0032892","positive regulation of organic acid transport","0/19","8/3464",0,0,-0.210264792883586,1,1,1,"",0
"GO:0032924","activin receptor signaling pathway","0/19","5/3464",0,0,-0.166156813285022,1,1,1,"",0
"GO:0032928","regulation of superoxide anion generation","0/19","5/3464",0,0,-0.166156813285022,1,1,1,"",0
"GO:0032930","positive regulation of superoxide anion generation","0/19","5/3464",0,0,-0.166156813285022,1,1,1,"",0
"GO:0032933","SREBP signaling pathway","0/19","5/3464",0,0,-0.166156813285022,1,1,1,"",0
"GO:0032943","mononuclear cell proliferation","0/19","22/3464",0,0,-0.34939311326674,1,1,1,"",0
"GO:0032944","regulation of mononuclear cell proliferation","0/19","20/3464",0,0,-0.333036519803188,1,1,1,"",0
"GO:0032945","negative regulation of mononuclear cell proliferation","0/19","7/3464",0,0,-0.196656254499952,1,1,1,"",0
"GO:0032946","positive regulation of mononuclear cell proliferation","0/19","11/3464",0,0,-0.246664407017154,1,1,1,"",0
"GO:0032958","inositol phosphate biosynthetic process","0/19","5/3464",0,0,-0.166156813285022,1,1,1,"",0
"GO:0032963","collagen metabolic process","0/19","8/3464",0,0,-0.210264792883586,1,1,1,"",0
"GO:0032968","positive regulation of transcription elongation by RNA polymerase II","0/19","20/3464",0,0,-0.333036519803188,1,1,1,"",0
"GO:0032981","mitochondrial respiratory chain complex I assembly","0/19","13/3464",0,0,-0.268230172957206,1,1,1,"",0
"GO:0032984","protein-containing complex disassembly","0/19","100/3464",0,0,-0.753495112380659,1,1,1,"",0
"GO:0032986","protein-DNA complex disassembly","0/19","9/3464",0,0,-0.223051763894324,1,1,1,"",0
"GO:0032989","cellular anatomical entity morphogenesis","0/19","17/3464",0,0,-0.306910857143731,1,1,1,"",0
"GO:0033002","muscle cell proliferation","0/19","39/3464",0,0,-0.466348354527256,1,1,1,"",0
"GO:0033013","tetrapyrrole metabolic process","0/19","9/3464",0,0,-0.223051763894324,1,1,1,"",0
"GO:0033014","tetrapyrrole biosynthetic process","0/19","5/3464",0,0,-0.166156813285022,1,1,1,"",0
"GO:0033044","regulation of chromosome organization","0/19","85/3464",0,0,-0.693144529644576,1,1,1,"",0
"GO:0033045","regulation of sister chromatid segregation","0/19","36/3464",0,0,-0.44785690746358,1,1,1,"",0
"GO:0033046","negative regulation of sister chromatid segregation","0/19","15/3464",0,0,-0.288208951504192,1,1,1,"",0
"GO:0033047","regulation of mitotic sister chromatid segregation","0/19","17/3464",0,0,-0.306910857143731,1,1,1,"",0
"GO:0033048","negative regulation of mitotic sister chromatid segregation","0/19","15/3464",0,0,-0.288208951504192,1,1,1,"",0
"GO:0033059","cellular pigmentation","0/19","25/3464",0,0,-0.372616729405071,1,1,1,"",0
"GO:0033081","regulation of T cell differentiation in thymus","0/19","6/3464",0,0,-0.182041985591496,1,1,1,"",0
"GO:0033108","mitochondrial respiratory chain complex assembly","0/19","18/3464",0,0,-0.31585448576581,1,1,1,"",0
"GO:0033119","negative regulation of RNA splicing","0/19","19/3464",0,0,-0.324556731049388,1,1,1,"",0
"GO:0033120","positive regulation of RNA splicing","0/19","12/3464",0,0,-0.257669884406375,1,1,1,"",0
"GO:0033121","regulation of purine nucleotide catabolic process","0/19","17/3464",0,0,-0.306910857143731,1,1,1,"",0
"GO:0033123","positive regulation of purine nucleotide catabolic process","0/19","10/3464",0,0,-0.235151236373825,1,1,1,"",0
"GO:0033135","regulation of peptidyl-serine phosphorylation","0/19","9/3464",0,0,-0.223051763894324,1,1,1,"",0
"GO:0033138","positive regulation of peptidyl-serine phosphorylation","0/19","7/3464",0,0,-0.196656254499952,1,1,1,"",0
"GO:0033146","regulation of intracellular estrogen receptor signaling pathway","0/19","8/3464",0,0,-0.210264792883586,1,1,1,"",0
"GO:0033173","calcineurin-NFAT signaling cascade","0/19","11/3464",0,0,-0.246664407017154,1,1,1,"",0
"GO:0033198","response to ATP","0/19","5/3464",0,0,-0.166156813285022,1,1,1,"",0
"GO:0033210","leptin-mediated signaling pathway","0/19","6/3464",0,0,-0.182041985591496,1,1,1,"",0
"GO:0033233","regulation of protein sumoylation","0/19","8/3464",0,0,-0.210264792883586,1,1,1,"",0
"GO:0033235","positive regulation of protein sumoylation","0/19","6/3464",0,0,-0.182041985591496,1,1,1,"",0
"GO:0033273","response to vitamin","0/19","12/3464",0,0,-0.257669884406375,1,1,1,"",0
"GO:0033344","cholesterol efflux","0/19","9/3464",0,0,-0.223051763894324,1,1,1,"",0
"GO:0033363","secretory granule organization","0/19","14/3464",0,0,-0.278395943846603,1,1,1,"",0
"GO:0033489","cholesterol biosynthetic process via desmosterol","0/19","8/3464",0,0,-0.210264792883586,1,1,1,"",0
"GO:0033490","cholesterol biosynthetic process via lathosterol","0/19","9/3464",0,0,-0.223051763894324,1,1,1,"",0
"GO:0033555","multicellular organismal response to stress","0/19","8/3464",0,0,-0.210264792883586,1,1,1,"",0
"GO:0033559","unsaturated fatty acid metabolic process","0/19","20/3464",0,0,-0.333036519803188,1,1,1,"",0
"GO:0033574","response to testosterone","0/19","9/3464",0,0,-0.223051763894324,1,1,1,"",0
"GO:0033619","membrane protein proteolysis","0/19","20/3464",0,0,-0.333036519803188,1,1,1,"",0
"GO:0033622","integrin activation","0/19","5/3464",0,0,-0.166156813285022,1,1,1,"",0
"GO:0033627","cell adhesion mediated by integrin","0/19","10/3464",0,0,-0.235151236373825,1,1,1,"",0
"GO:0033628","regulation of cell adhesion mediated by integrin","0/19","6/3464",0,0,-0.182041985591496,1,1,1,"",0
"GO:0033673","negative regulation of kinase activity","0/19","25/3464",0,0,-0.372616729405071,1,1,1,"",0
"GO:0033674","positive regulation of kinase activity","0/19","32/3464",0,0,-0.421997407283268,1,1,1,"",0
"GO:0033750","ribosome localization","0/19","7/3464",0,0,-0.196656254499952,1,1,1,"",0
"GO:0033762","response to glucagon","0/19","5/3464",0,0,-0.166156813285022,1,1,1,"",0
"GO:0033962","P-body assembly","0/19","12/3464",0,0,-0.257669884406375,1,1,1,"",0
"GO:0034058","endosomal vesicle fusion","0/19","7/3464",0,0,-0.196656254499952,1,1,1,"",0
"GO:0034063","stress granule assembly","0/19","25/3464",0,0,-0.372616729405071,1,1,1,"",0
"GO:0034067","protein localization to Golgi apparatus","0/19","15/3464",0,0,-0.288208951504192,1,1,1,"",0
"GO:0034085","establishment of sister chromatid cohesion","0/19","6/3464",0,0,-0.182041985591496,1,1,1,"",0
"GO:0034086","maintenance of sister chromatid cohesion","0/19","6/3464",0,0,-0.182041985591496,1,1,1,"",0
"GO:0034087","establishment of mitotic sister chromatid cohesion","0/19","6/3464",0,0,-0.182041985591496,1,1,1,"",0
"GO:0034088","maintenance of mitotic sister chromatid cohesion","0/19","6/3464",0,0,-0.182041985591496,1,1,1,"",0
"GO:0034103","regulation of tissue remodeling","0/19","9/3464",0,0,-0.223051763894324,1,1,1,"",0
"GO:0034110","regulation of homotypic cell-cell adhesion","0/19","6/3464",0,0,-0.182041985591496,1,1,1,"",0
"GO:0034113","heterotypic cell-cell adhesion","0/19","11/3464",0,0,-0.246664407017154,1,1,1,"",0
"GO:0034121","regulation of toll-like receptor signaling pathway","0/19","8/3464",0,0,-0.210264792883586,1,1,1,"",0
"GO:0034122","negative regulation of toll-like receptor signaling pathway","0/19","5/3464",0,0,-0.166156813285022,1,1,1,"",0
"GO:0034142","toll-like receptor 4 signaling pathway","0/19","11/3464",0,0,-0.246664407017154,1,1,1,"",0
"GO:0034143","regulation of toll-like receptor 4 signaling pathway","0/19","7/3464",0,0,-0.196656254499952,1,1,1,"",0
"GO:0034162","toll-like receptor 9 signaling pathway","0/19","5/3464",0,0,-0.166156813285022,1,1,1,"",0
"GO:0034163","regulation of toll-like receptor 9 signaling pathway","0/19","5/3464",0,0,-0.166156813285022,1,1,1,"",0
"GO:0034198","cellular response to amino acid starvation","0/19","18/3464",0,0,-0.31585448576581,1,1,1,"",0
"GO:0034204","lipid translocation","0/19","15/3464",0,0,-0.288208951504192,1,1,1,"",0
"GO:0034205","amyloid-beta formation","0/19","20/3464",0,0,-0.333036519803188,1,1,1,"",0
"GO:0034214","protein hexamerization","0/19","6/3464",0,0,-0.182041985591496,1,1,1,"",0
"GO:0034242","negative regulation of syncytium formation by plasma membrane fusion","0/19","39/3464",0,0,-0.466348354527256,1,1,1,"",0
"GO:0034243","regulation of transcription elongation by RNA polymerase II","0/19","34/3464",0,0,-0.435111770286058,1,1,1,"",0
"GO:0034244","negative regulation of transcription elongation by RNA polymerase II","0/19","8/3464",0,0,-0.210264792883586,1,1,1,"",0
"GO:0034308","primary alcohol metabolic process","0/19","6/3464",0,0,-0.182041985591496,1,1,1,"",0
"GO:0034311","diol metabolic process","0/19","8/3464",0,0,-0.210264792883586,1,1,1,"",0
"GO:0034312","diol biosynthetic process","0/19","8/3464",0,0,-0.210264792883586,1,1,1,"",0
"GO:0034314","Arp2/3 complex-mediated actin nucleation","0/19","18/3464",0,0,-0.31585448576581,1,1,1,"",0
"GO:0034315","regulation of Arp2/3 complex-mediated actin nucleation","0/19","10/3464",0,0,-0.235151236373825,1,1,1,"",0
"GO:0034329","cell junction assembly","0/19","146/3464",0,0,-0.91674103200137,1,1,1,"",0
"GO:0034331","cell junction maintenance","0/19","10/3464",0,0,-0.235151236373825,1,1,1,"",0
"GO:0034332","adherens junction organization","0/19","20/3464",0,0,-0.333036519803188,1,1,1,"",0
"GO:0034333","adherens junction assembly","0/19","9/3464",0,0,-0.223051763894324,1,1,1,"",0
"GO:0034340","response to type I interferon","0/19","41/3464",0,0,-0.478296179566983,1,1,1,"",0
"GO:0034341","response to type II interferon","0/19","22/3464",0,0,-0.34939311326674,1,1,1,"",0
"GO:0034381","plasma lipoprotein particle clearance","0/19","6/3464",0,0,-0.182041985591496,1,1,1,"",0
"GO:0034389","lipid droplet organization","0/19","8/3464",0,0,-0.210264792883586,1,1,1,"",0
"GO:0034390","smooth muscle cell apoptotic process","0/19","8/3464",0,0,-0.210264792883586,1,1,1,"",0
"GO:0034391","regulation of smooth muscle cell apoptotic process","0/19","8/3464",0,0,-0.210264792883586,1,1,1,"",0
"GO:0034392","negative regulation of smooth muscle cell apoptotic process","0/19","5/3464",0,0,-0.166156813285022,1,1,1,"",0
"GO:0034405","response to fluid shear stress","0/19","21/3464",0,0,-0.341310437223647,1,1,1,"",0
"GO:0034440","lipid oxidation","0/19","26/3464",0,0,-0.380051254953769,1,1,1,"",0
"GO:0034453","microtubule anchoring","0/19","10/3464",0,0,-0.235151236373825,1,1,1,"",0
"GO:0034454","microtubule anchoring at centrosome","0/19","5/3464",0,0,-0.166156813285022,1,1,1,"",0
"GO:0034472","snRNA 3'-end processing","0/19","5/3464",0,0,-0.166156813285022,1,1,1,"",0
"GO:0034497","protein localization to phagophore assembly site","0/19","7/3464",0,0,-0.196656254499952,1,1,1,"",0
"GO:0034498","early endosome to Golgi transport","0/19","6/3464",0,0,-0.182041985591496,1,1,1,"",0
"GO:0034502","protein localization to chromosome","0/19","28/3464",0,0,-0.394512593545314,1,1,1,"",0
"GO:0034599","cellular response to oxidative stress","0/19","74/3464",0,0,-0.645690570153128,1,1,1,"",0
"GO:0034605","cellular response to heat","0/19","21/3464",0,0,-0.341310437223647,1,1,1,"",0
"GO:0034614","cellular response to reactive oxygen species","0/19","42/3464",0,0,-0.484164648131792,1,1,1,"",0
"GO:0034616","response to laminar fluid shear stress","0/19","12/3464",0,0,-0.257669884406375,1,1,1,"",0
"GO:0034620","cellular response to unfolded protein","0/19","41/3464",0,0,-0.478296179566983,1,1,1,"",0
"GO:0034643","establishment of mitochondrion localization, microtubule-mediated","0/19","19/3464",0,0,-0.324556731049388,1,1,1,"",0
"GO:0034644","cellular response to UV","0/19","18/3464",0,0,-0.31585448576581,1,1,1,"",0
"GO:0034694","response to prostaglandin","0/19","7/3464",0,0,-0.196656254499952,1,1,1,"",0
"GO:0034695","response to prostaglandin E","0/19","5/3464",0,0,-0.166156813285022,1,1,1,"",0
"GO:0034727","piecemeal microautophagy of the nucleus","0/19","10/3464",0,0,-0.235151236373825,1,1,1,"",0
"GO:0034728","nucleosome organization","0/19","29/3464",0,0,-0.401554097064957,1,1,1,"",0
"GO:0034755","iron ion transmembrane transport","0/19","6/3464",0,0,-0.182041985591496,1,1,1,"",0
"GO:0034766","negative regulation of monoatomic ion transmembrane transport","0/19","17/3464",0,0,-0.306910857143731,1,1,1,"",0
"GO:0035020","regulation of Rac protein signal transduction","0/19","13/3464",0,0,-0.268230172957206,1,1,1,"",0
"GO:0035022","positive regulation of Rac protein signal transduction","0/19","9/3464",0,0,-0.223051763894324,1,1,1,"",0
"GO:0035023","regulation of Rho protein signal transduction","0/19","27/3464",0,0,-0.387347314334364,1,1,1,"",0
"GO:0035024","negative regulation of Rho protein signal transduction","0/19","6/3464",0,0,-0.182041985591496,1,1,1,"",0
"GO:0035025","positive regulation of Rho protein signal transduction","0/19","7/3464",0,0,-0.196656254499952,1,1,1,"",0
"GO:0035050","embryonic heart tube development","0/19","9/3464",0,0,-0.223051763894324,1,1,1,"",0
"GO:0035051","cardiocyte differentiation","0/19","20/3464",0,0,-0.333036519803188,1,1,1,"",0
"GO:0035082","axoneme assembly","0/19","6/3464",0,0,-0.182041985591496,1,1,1,"",0
"GO:0035088","establishment or maintenance of apical/basal cell polarity","0/19","8/3464",0,0,-0.210264792883586,1,1,1,"",0
"GO:0035094","response to nicotine","0/19","6/3464",0,0,-0.182041985591496,1,1,1,"",0
"GO:0035107","appendage morphogenesis","0/19","9/3464",0,0,-0.223051763894324,1,1,1,"",0
"GO:0035108","limb morphogenesis","0/19","9/3464",0,0,-0.223051763894324,1,1,1,"",0
"GO:0035113","embryonic appendage morphogenesis","0/19","8/3464",0,0,-0.210264792883586,1,1,1,"",0
"GO:0035148","tube formation","0/19","13/3464",0,0,-0.268230172957206,1,1,1,"",0
"GO:0035176","social behavior","0/19","6/3464",0,0,-0.182041985591496,1,1,1,"",0
"GO:0035194","regulatory ncRNA-mediated post-transcriptional gene silencing","0/19","31/3464",0,0,-0.415290865128321,1,1,1,"",0
"GO:0035195","miRNA-mediated post-transcriptional gene silencing","0/19","27/3464",0,0,-0.387347314334364,1,1,1,"",0
"GO:0035196","miRNA processing","0/19","19/3464",0,0,-0.324556731049388,1,1,1,"",0
"GO:0035235","ionotropic glutamate receptor signaling pathway","0/19","12/3464",0,0,-0.257669884406375,1,1,1,"",0
"GO:0035239","tube morphogenesis","0/19","124/3464",0,0,-0.842065825600853,1,1,1,"",0
"GO:0035249","synaptic transmission, glutamatergic","0/19","24/3464",0,0,-0.365035273643728,1,1,1,"",0
"GO:0035264","multicellular organism growth","0/19","7/3464",0,0,-0.196656254499952,1,1,1,"",0
"GO:0035265","organ growth","0/19","21/3464",0,0,-0.341310437223647,1,1,1,"",0
"GO:0035270","endocrine system development","0/19","11/3464",0,0,-0.246664407017154,1,1,1,"",0
"GO:0035278","miRNA-mediated gene silencing by inhibition of translation","0/19","6/3464",0,0,-0.182041985591496,1,1,1,"",0
"GO:0035295","tube development","0/19","143/3464",0,0,-0.906863691199437,1,1,1,"",0
"GO:0035303","regulation of dephosphorylation","0/19","9/3464",0,0,-0.223051763894324,1,1,1,"",0
"GO:0035313","wound healing, spreading of epidermal cells","0/19","6/3464",0,0,-0.182041985591496,1,1,1,"",0
"GO:0035315","hair cell differentiation","0/19","6/3464",0,0,-0.182041985591496,1,1,1,"",0
"GO:0035329","hippo signaling","0/19","18/3464",0,0,-0.31585448576581,1,1,1,"",0
"GO:0035330","regulation of hippo signaling","0/19","15/3464",0,0,-0.288208951504192,1,1,1,"",0
"GO:0035331","negative regulation of hippo signaling","0/19","8/3464",0,0,-0.210264792883586,1,1,1,"",0
"GO:0035332","positive regulation of hippo signaling","0/19","6/3464",0,0,-0.182041985591496,1,1,1,"",0
"GO:0035335","peptidyl-tyrosine dephosphorylation","0/19","11/3464",0,0,-0.246664407017154,1,1,1,"",0
"GO:0035336","long-chain fatty-acyl-CoA metabolic process","0/19","8/3464",0,0,-0.210264792883586,1,1,1,"",0
"GO:0035337","fatty-acyl-CoA metabolic process","0/19","14/3464",0,0,-0.278395943846603,1,1,1,"",0
"GO:0035338","long-chain fatty-acyl-CoA biosynthetic process","0/19","5/3464",0,0,-0.166156813285022,1,1,1,"",0
"GO:0035357","peroxisome proliferator activated receptor signaling pathway","0/19","9/3464",0,0,-0.223051763894324,1,1,1,"",0
"GO:0035358","regulation of peroxisome proliferator activated receptor signaling pathway","0/19","5/3464",0,0,-0.166156813285022,1,1,1,"",0
"GO:0035372","protein localization to microtubule","0/19","5/3464",0,0,-0.166156813285022,1,1,1,"",0
"GO:0035437","maintenance of protein localization in endoplasmic reticulum","0/19","5/3464",0,0,-0.166156813285022,1,1,1,"",0
"GO:0035455","response to interferon-alpha","0/19","6/3464",0,0,-0.182041985591496,1,1,1,"",0
"GO:0035456","response to interferon-beta","0/19","6/3464",0,0,-0.182041985591496,1,1,1,"",0
"GO:0035458","cellular response to interferon-beta","0/19","6/3464",0,0,-0.182041985591496,1,1,1,"",0
"GO:0035459","vesicle cargo loading","0/19","20/3464",0,0,-0.333036519803188,1,1,1,"",0
"GO:0035493","SNARE complex assembly","0/19","8/3464",0,0,-0.210264792883586,1,1,1,"",0
"GO:0035520","monoubiquitinated protein deubiquitination","0/19","6/3464",0,0,-0.182041985591496,1,1,1,"",0
"GO:0035542","regulation of SNARE complex assembly","0/19","6/3464",0,0,-0.182041985591496,1,1,1,"",0
"GO:0035567","non-canonical Wnt signaling pathway","0/19","10/3464",0,0,-0.235151236373825,1,1,1,"",0
"GO:0035633","maintenance of blood-brain barrier","0/19","10/3464",0,0,-0.235151236373825,1,1,1,"",0
"GO:0035640","exploration behavior","0/19","6/3464",0,0,-0.182041985591496,1,1,1,"",0
"GO:0035646","endosome to melanosome transport","0/19","5/3464",0,0,-0.166156813285022,1,1,1,"",0
"GO:0035652","clathrin-coated vesicle cargo loading","0/19","5/3464",0,0,-0.166156813285022,1,1,1,"",0
"GO:0035654","clathrin-coated vesicle cargo loading, AP-3-mediated","0/19","5/3464",0,0,-0.166156813285022,1,1,1,"",0
"GO:0035694","mitochondrial protein catabolic process","0/19","5/3464",0,0,-0.166156813285022,1,1,1,"",0
"GO:0035720","intraciliary anterograde transport","0/19","7/3464",0,0,-0.196656254499952,1,1,1,"",0
"GO:0035721","intraciliary retrograde transport","0/19","8/3464",0,0,-0.210264792883586,1,1,1,"",0
"GO:0035728","response to hepatocyte growth factor","0/19","6/3464",0,0,-0.182041985591496,1,1,1,"",0
"GO:0035729","cellular response to hepatocyte growth factor stimulus","0/19","5/3464",0,0,-0.166156813285022,1,1,1,"",0
"GO:0035751","regulation of lysosomal lumen pH","0/19","15/3464",0,0,-0.288208951504192,1,1,1,"",0
"GO:0035767","endothelial cell chemotaxis","0/19","7/3464",0,0,-0.196656254499952,1,1,1,"",0
"GO:0035790","platelet-derived growth factor receptor-alpha signaling pathway","0/19","5/3464",0,0,-0.166156813285022,1,1,1,"",0
"GO:0035791","platelet-derived growth factor receptor-beta signaling pathway","0/19","8/3464",0,0,-0.210264792883586,1,1,1,"",0
"GO:0035794","positive regulation of mitochondrial membrane permeability","0/19","9/3464",0,0,-0.223051763894324,1,1,1,"",0
"GO:0035821","modulation of process of another organism","0/19","28/3464",0,0,-0.394512593545314,1,1,1,"",0
"GO:0035825","homologous recombination","0/19","8/3464",0,0,-0.210264792883586,1,1,1,"",0
"GO:0035850","epithelial cell differentiation involved in kidney development","0/19","9/3464",0,0,-0.223051763894324,1,1,1,"",0
"GO:0035872","nucleotide-binding domain, leucine rich repeat containing receptor signaling pathway","0/19","6/3464",0,0,-0.182041985591496,1,1,1,"",0
"GO:0035883","enteroendocrine cell differentiation","0/19","9/3464",0,0,-0.223051763894324,1,1,1,"",0
"GO:0035891","exit from host cell","0/19","12/3464",0,0,-0.257669884406375,1,1,1,"",0
"GO:0035902","response to immobilization stress","0/19","6/3464",0,0,-0.182041985591496,1,1,1,"",0
"GO:0035904","aorta development","0/19","7/3464",0,0,-0.196656254499952,1,1,1,"",0
"GO:0035914","skeletal muscle cell differentiation","0/19","9/3464",0,0,-0.223051763894324,1,1,1,"",0
"GO:0035924","cellular response to vascular endothelial growth factor stimulus","0/19","6/3464",0,0,-0.182041985591496,1,1,1,"",0
"GO:0035964","COPI-coated vesicle budding","0/19","6/3464",0,0,-0.182041985591496,1,1,1,"",0
"GO:0035966","response to topologically incorrect protein","0/19","60/3464",0,0,-0.580215441427685,1,1,1,"",0
"GO:0035967","cellular response to topologically incorrect protein","0/19","45/3464",0,0,-0.501377845320214,1,1,1,"",0
"GO:0035973","aggrephagy","0/19","6/3464",0,0,-0.182041985591496,1,1,1,"",0
"GO:0035987","endodermal cell differentiation","0/19","7/3464",0,0,-0.196656254499952,1,1,1,"",0
"GO:0035994","response to muscle stretch","0/19","6/3464",0,0,-0.182041985591496,1,1,1,"",0
"GO:0036010","protein localization to endosome","0/19","8/3464",0,0,-0.210264792883586,1,1,1,"",0
"GO:0036037","CD8-positive, alpha-beta T cell activation","0/19","9/3464",0,0,-0.223051763894324,1,1,1,"",0
"GO:0036092","phosphatidylinositol-3-phosphate biosynthetic process","0/19","8/3464",0,0,-0.210264792883586,1,1,1,"",0
"GO:0036119","response to platelet-derived growth factor","0/19","5/3464",0,0,-0.166156813285022,1,1,1,"",0
"GO:0036196","zymosterol metabolic process","0/19","7/3464",0,0,-0.196656254499952,1,1,1,"",0
"GO:0036197","zymosterol biosynthetic process","0/19","7/3464",0,0,-0.196656254499952,1,1,1,"",0
"GO:0036257","multivesicular body organization","0/19","17/3464",0,0,-0.306910857143731,1,1,1,"",0
"GO:0036258","multivesicular body assembly","0/19","17/3464",0,0,-0.306910857143731,1,1,1,"",0
"GO:0036295","cellular response to increased oxygen levels","0/19","5/3464",0,0,-0.166156813285022,1,1,1,"",0
"GO:0036296","response to increased oxygen levels","0/19","8/3464",0,0,-0.210264792883586,1,1,1,"",0
"GO:0036297","interstrand cross-link repair","0/19","5/3464",0,0,-0.166156813285022,1,1,1,"",0
"GO:0036314","response to sterol","0/19","6/3464",0,0,-0.182041985591496,1,1,1,"",0
"GO:0036344","platelet morphogenesis","0/19","7/3464",0,0,-0.196656254499952,1,1,1,"",0
"GO:0036466","synaptic vesicle recycling via endosome","0/19","5/3464",0,0,-0.166156813285022,1,1,1,"",0
"GO:0036480","neuron intrinsic apoptotic signaling pathway in response to oxidative stress","0/19","8/3464",0,0,-0.210264792883586,1,1,1,"",0
"GO:0036481","intrinsic apoptotic signaling pathway in response to hydrogen peroxide","0/19","5/3464",0,0,-0.166156813285022,1,1,1,"",0
"GO:0036498","IRE1-mediated unfolded protein response","0/19","7/3464",0,0,-0.196656254499952,1,1,1,"",0
"GO:0036499","PERK-mediated unfolded protein response","0/19","12/3464",0,0,-0.257669884406375,1,1,1,"",0
"GO:0036500","ATF6-mediated unfolded protein response","0/19","5/3464",0,0,-0.166156813285022,1,1,1,"",0
"GO:0036507","protein demannosylation","0/19","5/3464",0,0,-0.166156813285022,1,1,1,"",0
"GO:0036508","protein alpha-1,2-demannosylation","0/19","5/3464",0,0,-0.166156813285022,1,1,1,"",0
"GO:0038034","signal transduction in absence of ligand","0/19","9/3464",0,0,-0.223051763894324,1,1,1,"",0
"GO:0038061","non-canonical NF-kappaB signal transduction","0/19","22/3464",0,0,-0.34939311326674,1,1,1,"",0
"GO:0038093","Fc receptor signaling pathway","0/19","11/3464",0,0,-0.246664407017154,1,1,1,"",0
"GO:0038094","Fc-gamma receptor signaling pathway","0/19","6/3464",0,0,-0.182041985591496,1,1,1,"",0
"GO:0038095","Fc-epsilon receptor signaling pathway","0/19","5/3464",0,0,-0.166156813285022,1,1,1,"",0
"GO:0038096","Fc-gamma receptor signaling pathway involved in phagocytosis","0/19","6/3464",0,0,-0.182041985591496,1,1,1,"",0
"GO:0038127","ERBB signaling pathway","0/19","47/3464",0,0,-0.512548388858327,1,1,1,"",0
"GO:0038128","ERBB2 signaling pathway","0/19","7/3464",0,0,-0.196656254499952,1,1,1,"",0
"GO:0038129","ERBB3 signaling pathway","0/19","6/3464",0,0,-0.182041985591496,1,1,1,"",0
"GO:0038133","ERBB2-ERBB3 signaling pathway","0/19","5/3464",0,0,-0.166156813285022,1,1,1,"",0
"GO:0038166","angiotensin-activated signaling pathway","0/19","5/3464",0,0,-0.166156813285022,1,1,1,"",0
"GO:0038179","neurotrophin signaling pathway","0/19","16/3464",0,0,-0.297704086332389,1,1,1,"",0
"GO:0038180","nerve growth factor signaling pathway","0/19","6/3464",0,0,-0.182041985591496,1,1,1,"",0
"GO:0038202","TORC1 signaling","0/19","45/3464",0,0,-0.501377845320214,1,1,1,"",0
"GO:0038203","TORC2 signaling","0/19","12/3464",0,0,-0.257669884406375,1,1,1,"",0
"GO:0039529","RIG-I signaling pathway","0/19","6/3464",0,0,-0.182041985591496,1,1,1,"",0
"GO:0039531","regulation of cytoplasmic pattern recognition receptor signaling pathway","0/19","36/3464",0,0,-0.44785690746358,1,1,1,"",0
"GO:0039532","negative regulation of cytoplasmic pattern recognition receptor signaling pathway","0/19","19/3464",0,0,-0.324556731049388,1,1,1,"",0
"GO:0039535","regulation of RIG-I signaling pathway","0/19","6/3464",0,0,-0.182041985591496,1,1,1,"",0
"GO:0039694","viral RNA genome replication","0/19","7/3464",0,0,-0.196656254499952,1,1,1,"",0
"GO:0039702","viral budding via host ESCRT complex","0/19","8/3464",0,0,-0.210264792883586,1,1,1,"",0
"GO:0040001","establishment of mitotic spindle localization","0/19","11/3464",0,0,-0.246664407017154,1,1,1,"",0
"GO:0040014","regulation of multicellular organism growth","0/19","5/3464",0,0,-0.166156813285022,1,1,1,"",0
"GO:0040029","epigenetic regulation of gene expression","0/19","101/3464",0,0,-0.757365793653897,1,1,1,"",0
"GO:0042026","protein refolding","0/19","11/3464",0,0,-0.246664407017154,1,1,1,"",0
"GO:0042058","regulation of epidermal growth factor receptor signaling pathway","0/19","21/3464",0,0,-0.341310437223647,1,1,1,"",0
"GO:0042059","negative regulation of epidermal growth factor receptor signaling pathway","0/19","10/3464",0,0,-0.235151236373825,1,1,1,"",0
"GO:0042073","intraciliary transport","0/19","17/3464",0,0,-0.306910857143731,1,1,1,"",0
"GO:0042088","T-helper 1 type immune response","0/19","9/3464",0,0,-0.223051763894324,1,1,1,"",0
"GO:0042098","T cell proliferation","0/19","19/3464",0,0,-0.324556731049388,1,1,1,"",0
"GO:0042100","B cell proliferation","0/19","7/3464",0,0,-0.196656254499952,1,1,1,"",0
"GO:0042102","positive regulation of T cell proliferation","0/19","9/3464",0,0,-0.223051763894324,1,1,1,"",0
"GO:0042116","macrophage activation","0/19","12/3464",0,0,-0.257669884406375,1,1,1,"",0
"GO:0042129","regulation of T cell proliferation","0/19","18/3464",0,0,-0.31585448576581,1,1,1,"",0
"GO:0042130","negative regulation of T cell proliferation","0/19","7/3464",0,0,-0.196656254499952,1,1,1,"",0
"GO:0042147","retrograde transport, endosome to Golgi","0/19","45/3464",0,0,-0.501377845320214,1,1,1,"",0
"GO:0042149","cellular response to glucose starvation","0/19","21/3464",0,0,-0.341310437223647,1,1,1,"",0
"GO:0042157","lipoprotein metabolic process","0/19","25/3464",0,0,-0.372616729405071,1,1,1,"",0
"GO:0042158","lipoprotein biosynthetic process","0/19","20/3464",0,0,-0.333036519803188,1,1,1,"",0
"GO:0042168","heme metabolic process","0/19","6/3464",0,0,-0.182041985591496,1,1,1,"",0
"GO:0042180","ketone metabolic process","0/19","34/3464",0,0,-0.435111770286058,1,1,1,"",0
"GO:0042181","ketone biosynthetic process","0/19","9/3464",0,0,-0.223051763894324,1,1,1,"",0
"GO:0042220","response to cocaine","0/19","12/3464",0,0,-0.257669884406375,1,1,1,"",0
"GO:0042246","tissue regeneration","0/19","11/3464",0,0,-0.246664407017154,1,1,1,"",0
"GO:0042254","ribosome biogenesis","0/19","92/3464",0,0,-0.721869285873919,1,1,1,"",0
"GO:0042255","ribosome assembly","0/19","22/3464",0,0,-0.34939311326674,1,1,1,"",0
"GO:0042267","natural killer cell mediated cytotoxicity","0/19","12/3464",0,0,-0.257669884406375,1,1,1,"",0
"GO:0042269","regulation of natural killer cell mediated cytotoxicity","0/19","5/3464",0,0,-0.166156813285022,1,1,1,"",0
"GO:0042273","ribosomal large subunit biogenesis","0/19","25/3464",0,0,-0.372616729405071,1,1,1,"",0
"GO:0042274","ribosomal small subunit biogenesis","0/19","31/3464",0,0,-0.415290865128321,1,1,1,"",0
"GO:0042304","regulation of fatty acid biosynthetic process","0/19","5/3464",0,0,-0.166156813285022,1,1,1,"",0
"GO:0042308","negative regulation of protein import into nucleus","0/19","5/3464",0,0,-0.166156813285022,1,1,1,"",0
"GO:0042311","vasodilation","0/19","6/3464",0,0,-0.182041985591496,1,1,1,"",0
"GO:0042325","regulation of phosphorylation","0/19","106/3464",0,0,-0.776463454647762,1,1,1,"",0
"GO:0042326","negative regulation of phosphorylation","0/19","36/3464",0,0,-0.44785690746358,1,1,1,"",0
"GO:0042327","positive regulation of phosphorylation","0/19","56/3464",0,0,-0.560212317594344,1,1,1,"",0
"GO:0042330","taxis","0/19","65/3464",0,0,-0.604351395347242,1,1,1,"",0
"GO:0042398","modified amino acid biosynthetic process","0/19","12/3464",0,0,-0.257669884406375,1,1,1,"",0
"GO:0042401","biogenic amine biosynthetic process","0/19","7/3464",0,0,-0.196656254499952,1,1,1,"",0
"GO:0042407","cristae formation","0/19","11/3464",0,0,-0.246664407017154,1,1,1,"",0
"GO:0042417","dopamine metabolic process","0/19","6/3464",0,0,-0.182041985591496,1,1,1,"",0
"GO:0042440","pigment metabolic process","0/19","10/3464",0,0,-0.235151236373825,1,1,1,"",0
"GO:0042445","hormone metabolic process","0/19","23/3464",0,0,-0.357297530736516,1,1,1,"",0
"GO:0042446","hormone biosynthetic process","0/19","8/3464",0,0,-0.210264792883586,1,1,1,"",0
"GO:0042475","odontogenesis of dentin-containing tooth","0/19","5/3464",0,0,-0.166156813285022,1,1,1,"",0
"GO:0042476","odontogenesis","0/19","7/3464",0,0,-0.196656254499952,1,1,1,"",0
"GO:0042490","mechanoreceptor differentiation","0/19","5/3464",0,0,-0.166156813285022,1,1,1,"",0
"GO:0042542","response to hydrogen peroxide","0/19","23/3464",0,0,-0.357297530736516,1,1,1,"",0
"GO:0042551","neuron maturation","0/19","11/3464",0,0,-0.246664407017154,1,1,1,"",0
"GO:0042552","myelination","0/19","34/3464",0,0,-0.435111770286058,1,1,1,"",0
"GO:0042554","superoxide anion generation","0/19","6/3464",0,0,-0.182041985591496,1,1,1,"",0
"GO:0042558","pteridine-containing compound metabolic process","0/19","7/3464",0,0,-0.196656254499952,1,1,1,"",0
"GO:0042559","pteridine-containing compound biosynthetic process","0/19","5/3464",0,0,-0.166156813285022,1,1,1,"",0
"GO:0042594","response to starvation","0/19","69/3464",0,0,-0.62303592480905,1,1,1,"",0
"GO:0042632","cholesterol homeostasis","0/19","12/3464",0,0,-0.257669884406375,1,1,1,"",0
"GO:0042659","regulation of cell fate specification","0/19","6/3464",0,0,-0.182041985591496,1,1,1,"",0
"GO:0042692","muscle cell differentiation","0/19","91/3464",0,0,-0.717828932270627,1,1,1,"",0
"GO:0042698","ovulation cycle","0/19","7/3464",0,0,-0.196656254499952,1,1,1,"",0
"GO:0042742","defense response to bacterium","0/19","20/3464",0,0,-0.333036519803188,1,1,1,"",0
"GO:0042743","hydrogen peroxide metabolic process","0/19","12/3464",0,0,-0.257669884406375,1,1,1,"",0
"GO:0042744","hydrogen peroxide catabolic process","0/19","5/3464",0,0,-0.166156813285022,1,1,1,"",0
"GO:0042753","positive regulation of circadian rhythm","0/19","5/3464",0,0,-0.166156813285022,1,1,1,"",0
"GO:0042762","regulation of sulfur metabolic process","0/19","7/3464",0,0,-0.196656254499952,1,1,1,"",0
"GO:0042770","signal transduction in response to DNA damage","0/19","43/3464",0,0,-0.489966202580668,1,1,1,"",0
"GO:0042771","intrinsic apoptotic signaling pathway in response to DNA damage by p53 class mediator","0/19","7/3464",0,0,-0.196656254499952,1,1,1,"",0
"GO:0042773","ATP synthesis coupled electron transport","0/19","30/3464",0,0,-0.408478229509318,1,1,1,"",0
"GO:0042775","mitochondrial ATP synthesis coupled electron transport","0/19","30/3464",0,0,-0.408478229509318,1,1,1,"",0
"GO:0042776","proton motive force-driven mitochondrial ATP synthesis","0/19","14/3464",0,0,-0.278395943846603,1,1,1,"",0
"GO:0042790","nucleolar large rRNA transcription by RNA polymerase I","0/19","8/3464",0,0,-0.210264792883586,1,1,1,"",0
"GO:0042797","tRNA transcription by RNA polymerase III","0/19","5/3464",0,0,-0.166156813285022,1,1,1,"",0
"GO:0042953","lipoprotein transport","0/19","8/3464",0,0,-0.210264792883586,1,1,1,"",0
"GO:0042982","amyloid precursor protein metabolic process","0/19","30/3464",0,0,-0.408478229509318,1,1,1,"",0
"GO:0042983","amyloid precursor protein biosynthetic process","0/19","6/3464",0,0,-0.182041985591496,1,1,1,"",0
"GO:0042984","regulation of amyloid precursor protein biosynthetic process","0/19","6/3464",0,0,-0.182041985591496,1,1,1,"",0
"GO:0042987","amyloid precursor protein catabolic process","0/19","26/3464",0,0,-0.380051254953769,1,1,1,"",0
"GO:0042996","regulation of Golgi to plasma membrane protein transport","0/19","5/3464",0,0,-0.166156813285022,1,1,1,"",0
"GO:0043001","Golgi to plasma membrane protein transport","0/19","18/3464",0,0,-0.31585448576581,1,1,1,"",0
"GO:0043009","chordate embryonic development","0/19","42/3464",0,0,-0.484164648131792,1,1,1,"",0
"GO:0043010","camera-type eye development","0/19","38/3464",0,0,-0.46026351744214,1,1,1,"",0
"GO:0043029","T cell homeostasis","0/19","9/3464",0,0,-0.223051763894324,1,1,1,"",0
"GO:0043030","regulation of macrophage activation","0/19","5/3464",0,0,-0.166156813285022,1,1,1,"",0
"GO:0043038","amino acid activation","0/19","7/3464",0,0,-0.196656254499952,1,1,1,"",0
"GO:0043039","tRNA aminoacylation","0/19","7/3464",0,0,-0.196656254499952,1,1,1,"",0
"GO:0043043","peptide biosynthetic process","0/19","6/3464",0,0,-0.182041985591496,1,1,1,"",0
"GO:0043062","extracellular structure organization","0/19","25/3464",0,0,-0.372616729405071,1,1,1,"",0
"GO:0043085","positive regulation of catalytic activity","0/19","66/3464",0,0,-0.609072110618019,1,1,1,"",0
"GO:0043086","negative regulation of catalytic activity","0/19","36/3464",0,0,-0.44785690746358,1,1,1,"",0
"GO:0043087","regulation of GTPase activity","0/19","30/3464",0,0,-0.408478229509318,1,1,1,"",0
"GO:0043094","metabolic compound salvage","0/19","11/3464",0,0,-0.246664407017154,1,1,1,"",0
"GO:0043101","purine-containing compound salvage","0/19","7/3464",0,0,-0.196656254499952,1,1,1,"",0
"GO:0043112","receptor metabolic process","0/19","24/3464",0,0,-0.365035273643728,1,1,1,"",0
"GO:0043149","stress fiber assembly","0/19","29/3464",0,0,-0.401554097064957,1,1,1,"",0
"GO:0043161","proteasome-mediated ubiquitin-dependent protein catabolic process","0/19","195/3464",0,0,-1.06737807696337,1,1,1,"",0
"GO:0043162","ubiquitin-dependent protein catabolic process via the multivesicular body sorting pathway","0/19","14/3464",0,0,-0.278395943846603,1,1,1,"",0
"GO:0043173","nucleotide salvage","0/19","9/3464",0,0,-0.223051763894324,1,1,1,"",0
"GO:0043201","response to L-leucine","0/19","8/3464",0,0,-0.210264792883586,1,1,1,"",0
"GO:0043207","response to external biotic stimulus","0/19","254/3464",0,0,-1.22934215811166,1,1,1,"",0
"GO:0043242","negative regulation of protein-containing complex disassembly","0/19","25/3464",0,0,-0.372616729405071,1,1,1,"",0
"GO:0043243","positive regulation of protein-containing complex disassembly","0/19","14/3464",0,0,-0.278395943846603,1,1,1,"",0
"GO:0043244","regulation of protein-containing complex disassembly","0/19","46/3464",0,0,-0.5069922489714,1,1,1,"",0
"GO:0043247","telomere maintenance in response to DNA damage","0/19","8/3464",0,0,-0.210264792883586,1,1,1,"",0
"GO:0043248","proteasome assembly","0/19","7/3464",0,0,-0.196656254499952,1,1,1,"",0
"GO:0043255","regulation of carbohydrate biosynthetic process","0/19","25/3464",0,0,-0.372616729405071,1,1,1,"",0
"GO:0043267","negative regulation of potassium ion transport","0/19","6/3464",0,0,-0.182041985591496,1,1,1,"",0
"GO:0043271","negative regulation of monoatomic ion transport","0/19","22/3464",0,0,-0.34939311326674,1,1,1,"",0
"GO:0043276","anoikis","0/19","8/3464",0,0,-0.210264792883586,1,1,1,"",0
"GO:0043277","apoptotic cell clearance","0/19","7/3464",0,0,-0.196656254499952,1,1,1,"",0
"GO:0043279","response to alkaloid","0/19","16/3464",0,0,-0.297704086332389,1,1,1,"",0
"GO:0043297","apical junction assembly","0/19","15/3464",0,0,-0.288208951504192,1,1,1,"",0
"GO:0043299","leukocyte degranulation","0/19","11/3464",0,0,-0.246664407017154,1,1,1,"",0
"GO:0043300","regulation of leukocyte degranulation","0/19","5/3464",0,0,-0.166156813285022,1,1,1,"",0
"GO:0043303","mast cell degranulation","0/19","8/3464",0,0,-0.210264792883586,1,1,1,"",0
"GO:0043328","protein transport to vacuole involved in ubiquitin-dependent protein catabolic process via the multivesicular body sorting pathway","0/19","9/3464",0,0,-0.223051763894324,1,1,1,"",0
"GO:0043335","protein unfolding","0/19","6/3464",0,0,-0.182041985591496,1,1,1,"",0
"GO:0043368","positive T cell selection","0/19","10/3464",0,0,-0.235151236373825,1,1,1,"",0
"GO:0043369","CD4-positive or CD8-positive, alpha-beta T cell lineage commitment","0/19","8/3464",0,0,-0.210264792883586,1,1,1,"",0
"GO:0043371","negative regulation of CD4-positive, alpha-beta T cell differentiation","0/19","5/3464",0,0,-0.166156813285022,1,1,1,"",0
"GO:0043372","positive regulation of CD4-positive, alpha-beta T cell differentiation","0/19","6/3464",0,0,-0.182041985591496,1,1,1,"",0
"GO:0043373","CD4-positive, alpha-beta T cell lineage commitment","0/19","8/3464",0,0,-0.210264792883586,1,1,1,"",0
"GO:0043374","CD8-positive, alpha-beta T cell differentiation","0/19","7/3464",0,0,-0.196656254499952,1,1,1,"",0
"GO:0043393","regulation of protein binding","0/19","9/3464",0,0,-0.223051763894324,1,1,1,"",0
"GO:0043403","skeletal muscle tissue regeneration","0/19","7/3464",0,0,-0.196656254499952,1,1,1,"",0
"GO:0043405","regulation of MAP kinase activity","0/19","16/3464",0,0,-0.297704086332389,1,1,1,"",0
"GO:0043406","positive regulation of MAP kinase activity","0/19","6/3464",0,0,-0.182041985591496,1,1,1,"",0
"GO:0043407","negative regulation of MAP kinase activity","0/19","8/3464",0,0,-0.210264792883586,1,1,1,"",0
"GO:0043410","positive regulation of MAPK cascade","0/19","67/3464",0,0,-0.61375926496322,1,1,1,"",0
"GO:0043414","macromolecule methylation","0/19","29/3464",0,0,-0.401554097064957,1,1,1,"",0
"GO:0043457","regulation of cellular respiration","0/19","7/3464",0,0,-0.196656254499952,1,1,1,"",0
"GO:0043462","regulation of ATP-dependent activity","0/19","10/3464",0,0,-0.235151236373825,1,1,1,"",0
"GO:0043467","regulation of generation of precursor metabolites and energy","0/19","36/3464",0,0,-0.44785690746358,1,1,1,"",0
"GO:0043470","regulation of carbohydrate catabolic process","0/19","20/3464",0,0,-0.333036519803188,1,1,1,"",0
"GO:0043473","pigmentation","0/19","28/3464",0,0,-0.394512593545314,1,1,1,"",0
"GO:0043476","pigment accumulation","0/19","6/3464",0,0,-0.182041985591496,1,1,1,"",0
"GO:0043482","cellular pigment accumulation","0/19","6/3464",0,0,-0.182041985591496,1,1,1,"",0
"GO:0043484","regulation of RNA splicing","0/19","83/3464",0,0,-0.684738731465902,1,1,1,"",0
"GO:0043485","endosome to pigment granule transport","0/19","5/3464",0,0,-0.166156813285022,1,1,1,"",0
"GO:0043489","RNA stabilization","0/19","26/3464",0,0,-0.380051254953769,1,1,1,"",0
"GO:0043490","malate-aspartate shuttle","0/19","6/3464",0,0,-0.182041985591496,1,1,1,"",0
"GO:0043500","muscle adaptation","0/19","18/3464",0,0,-0.31585448576581,1,1,1,"",0
"GO:0043502","regulation of muscle adaptation","0/19","16/3464",0,0,-0.297704086332389,1,1,1,"",0
"GO:0043506","regulation of JUN kinase activity","0/19","7/3464",0,0,-0.196656254499952,1,1,1,"",0
"GO:0043516","regulation of DNA damage response, signal transduction by p53 class mediator","0/19","8/3464",0,0,-0.210264792883586,1,1,1,"",0
"GO:0043523","regulation of neuron apoptotic process","0/19","57/3464",0,0,-0.565275020198315,1,1,1,"",0
"GO:0043524","negative regulation of neuron apoptotic process","0/19","39/3464",0,0,-0.466348354527256,1,1,1,"",0
"GO:0043525","positive regulation of neuron apoptotic process","0/19","15/3464",0,0,-0.288208951504192,1,1,1,"",0
"GO:0043534","blood vessel endothelial cell migration","0/19","33/3464",0,0,-0.428602839616084,1,1,1,"",0
"GO:0043535","regulation of blood vessel endothelial cell migration","0/19","29/3464",0,0,-0.401554097064957,1,1,1,"",0
"GO:0043536","positive regulation of blood vessel endothelial cell migration","0/19","18/3464",0,0,-0.31585448576581,1,1,1,"",0
"GO:0043537","negative regulation of blood vessel endothelial cell migration","0/19","11/3464",0,0,-0.246664407017154,1,1,1,"",0
"GO:0043542","endothelial cell migration","0/19","54/3464",0,0,-0.549956226669746,1,1,1,"",0
"GO:0043543","protein acylation","0/19","20/3464",0,0,-0.333036519803188,1,1,1,"",0
"GO:0043547","positive regulation of GTPase activity","0/19","20/3464",0,0,-0.333036519803188,1,1,1,"",0
"GO:0043549","regulation of kinase activity","0/19","65/3464",0,0,-0.604351395347242,1,1,1,"",0
"GO:0043562","cellular response to nitrogen levels","0/19","7/3464",0,0,-0.196656254499952,1,1,1,"",0
"GO:0043574","peroxisomal transport","0/19","9/3464",0,0,-0.223051763894324,1,1,1,"",0
"GO:0043583","ear development","0/19","16/3464",0,0,-0.297704086332389,1,1,1,"",0
"GO:0043622","cortical microtubule organization","0/19","6/3464",0,0,-0.182041985591496,1,1,1,"",0
"GO:0043627","response to estrogen","0/19","10/3464",0,0,-0.235151236373825,1,1,1,"",0
"GO:0043647","inositol phosphate metabolic process","0/19","9/3464",0,0,-0.223051763894324,1,1,1,"",0
"GO:0043648","dicarboxylic acid metabolic process","0/19","19/3464",0,0,-0.324556731049388,1,1,1,"",0
"GO:0043649","dicarboxylic acid catabolic process","0/19","5/3464",0,0,-0.166156813285022,1,1,1,"",0
"GO:0043903","regulation of biological process involved in symbiotic interaction","0/19","7/3464",0,0,-0.196656254499952,1,1,1,"",0
"GO:0043921","host-mediated perturbation of viral transcription","0/19","7/3464",0,0,-0.196656254499952,1,1,1,"",0
"GO:0043923","host-mediated activation of viral transcription","0/19","6/3464",0,0,-0.182041985591496,1,1,1,"",0
"GO:0043954","cellular component maintenance","0/19","18/3464",0,0,-0.31585448576581,1,1,1,"",0
"GO:0044042","glucan metabolic process","0/19","22/3464",0,0,-0.34939311326674,1,1,1,"",0
"GO:0044088","regulation of vacuole organization","0/19","29/3464",0,0,-0.401554097064957,1,1,1,"",0
"GO:0044090","positive regulation of vacuole organization","0/19","12/3464",0,0,-0.257669884406375,1,1,1,"",0
"GO:0044091","membrane biogenesis","0/19","28/3464",0,0,-0.394512593545314,1,1,1,"",0
"GO:0044092","negative regulation of molecular function","0/19","56/3464",0,0,-0.560212317594344,1,1,1,"",0
"GO:0044093","positive regulation of molecular function","0/19","80/3464",0,0,-0.67195199772611,1,1,1,"",0
"GO:0044272","sulfur compound biosynthetic process","0/19","35/3464",0,0,-0.441528470388438,1,1,1,"",0
"GO:0044273","sulfur compound catabolic process","0/19","5/3464",0,0,-0.166156813285022,1,1,1,"",0
"GO:0044320","cellular response to leptin stimulus","0/19","7/3464",0,0,-0.196656254499952,1,1,1,"",0
"GO:0044321","response to leptin","0/19","7/3464",0,0,-0.196656254499952,1,1,1,"",0
"GO:0044331","cell-cell adhesion mediated by cadherin","0/19","9/3464",0,0,-0.223051763894324,1,1,1,"",0
"GO:0044380","protein localization to cytoskeleton","0/19","24/3464",0,0,-0.365035273643728,1,1,1,"",0
"GO:0044403","biological process involved in symbiotic interaction","0/19","53/3464",0,0,-0.544760372566215,1,1,1,"",0
"GO:0044409","symbiont entry into host","0/19","36/3464",0,0,-0.44785690746358,1,1,1,"",0
"GO:0044419","biological process involved in interspecies interaction between organisms","0/19","309/3464",0,0,-1.36769100619357,1,1,1,"",0
"GO:0044458","motile cilium assembly","0/19","12/3464",0,0,-0.257669884406375,1,1,1,"",0
"GO:0044539","long-chain fatty acid import into cell","0/19","6/3464",0,0,-0.182041985591496,1,1,1,"",0
"GO:0044546","NLRP3 inflammasome complex assembly","0/19","8/3464",0,0,-0.210264792883586,1,1,1,"",0
"GO:0044703","multi-organism reproductive process","0/19","17/3464",0,0,-0.306910857143731,1,1,1,"",0
"GO:0044706","multi-multicellular organism process","0/19","17/3464",0,0,-0.306910857143731,1,1,1,"",0
"GO:0044743","protein transmembrane import into intracellular organelle","0/19","5/3464",0,0,-0.166156813285022,1,1,1,"",0
"GO:0044773","mitotic DNA damage checkpoint signaling","0/19","11/3464",0,0,-0.246664407017154,1,1,1,"",0
"GO:0044774","mitotic DNA integrity checkpoint signaling","0/19","12/3464",0,0,-0.257669884406375,1,1,1,"",0
"GO:0044784","metaphase/anaphase transition of cell cycle","0/19","34/3464",0,0,-0.435111770286058,1,1,1,"",0
"GO:0044788","host-mediated perturbation of viral process","0/19","25/3464",0,0,-0.372616729405071,1,1,1,"",0
"GO:0044794","host-mediated activation of viral process","0/19","15/3464",0,0,-0.288208951504192,1,1,1,"",0
"GO:0044804","nucleophagy","0/19","12/3464",0,0,-0.257669884406375,1,1,1,"",0
"GO:0044818","mitotic G2/M transition checkpoint","0/19","13/3464",0,0,-0.268230172957206,1,1,1,"",0
"GO:0044827","host-mediated perturbation of viral genome replication","0/19","6/3464",0,0,-0.182041985591496,1,1,1,"",0
"GO:0044829","host-mediated activation of viral genome replication","0/19","6/3464",0,0,-0.182041985591496,1,1,1,"",0
"GO:0044839","cell cycle G2/M phase transition","0/19","35/3464",0,0,-0.441528470388438,1,1,1,"",0
"GO:0044843","cell cycle G1/S phase transition","0/19","69/3464",0,0,-0.62303592480905,1,1,1,"",0
"GO:0044872","lipoprotein localization","0/19","8/3464",0,0,-0.210264792883586,1,1,1,"",0
"GO:0045005","DNA-templated DNA replication maintenance of fidelity","0/19","15/3464",0,0,-0.288208951504192,1,1,1,"",0
"GO:0045010","actin nucleation","0/19","20/3464",0,0,-0.333036519803188,1,1,1,"",0
"GO:0045017","glycerolipid biosynthetic process","0/19","73/3464",0,0,-0.641218388480999,1,1,1,"",0
"GO:0045022","early endosome to late endosome transport","0/19","18/3464",0,0,-0.31585448576581,1,1,1,"",0
"GO:0045023","G0 to G1 transition","0/19","13/3464",0,0,-0.268230172957206,1,1,1,"",0
"GO:0045040","protein insertion into mitochondrial outer membrane","0/19","5/3464",0,0,-0.166156813285022,1,1,1,"",0
"GO:0045047","protein targeting to ER","0/19","17/3464",0,0,-0.306910857143731,1,1,1,"",0
"GO:0045048","protein insertion into ER membrane","0/19","7/3464",0,0,-0.196656254499952,1,1,1,"",0
"GO:0045055","regulated exocytosis","0/19","50/3464",0,0,-0.528885519978056,1,1,1,"",0
"GO:0045056","transcytosis","0/19","9/3464",0,0,-0.223051763894324,1,1,1,"",0
"GO:0045058","T cell selection","0/19","16/3464",0,0,-0.297704086332389,1,1,1,"",0
"GO:0045061","thymic T cell selection","0/19","8/3464",0,0,-0.210264792883586,1,1,1,"",0
"GO:0045063","T-helper 1 cell differentiation","0/19","8/3464",0,0,-0.210264792883586,1,1,1,"",0
"GO:0045066","regulatory T cell differentiation","0/19","10/3464",0,0,-0.235151236373825,1,1,1,"",0
"GO:0045069","regulation of viral genome replication","0/19","18/3464",0,0,-0.31585448576581,1,1,1,"",0
"GO:0045070","positive regulation of viral genome replication","0/19","14/3464",0,0,-0.278395943846603,1,1,1,"",0
"GO:0045071","negative regulation of viral genome replication","0/19","5/3464",0,0,-0.166156813285022,1,1,1,"",0
"GO:0045087","innate immune response","0/19","180/3464",0,0,-1.02315895918344,1,1,1,"",0
"GO:0045088","regulation of innate immune response","0/19","94/3464",0,0,-0.729889993173829,1,1,1,"",0
"GO:0045089","positive regulation of innate immune response","0/19","77/3464",0,0,-0.65894049436606,1,1,1,"",0
"GO:0045103","intermediate filament-based process","0/19","11/3464",0,0,-0.246664407017154,1,1,1,"",0
"GO:0045104","intermediate filament cytoskeleton organization","0/19","11/3464",0,0,-0.246664407017154,1,1,1,"",0
"GO:0045109","intermediate filament organization","0/19","6/3464",0,0,-0.182041985591496,1,1,1,"",0
"GO:0045116","protein neddylation","0/19","12/3464",0,0,-0.257669884406375,1,1,1,"",0
"GO:0045123","cellular extravasation","0/19","9/3464",0,0,-0.223051763894324,1,1,1,"",0
"GO:0045124","regulation of bone resorption","0/19","5/3464",0,0,-0.166156813285022,1,1,1,"",0
"GO:0045132","meiotic chromosome segregation","0/19","6/3464",0,0,-0.182041985591496,1,1,1,"",0
"GO:0045165","cell fate commitment","0/19","33/3464",0,0,-0.428602839616084,1,1,1,"",0
"GO:0045185","maintenance of protein location","0/19","20/3464",0,0,-0.333036519803188,1,1,1,"",0
"GO:0045190","isotype switching","0/19","8/3464",0,0,-0.210264792883586,1,1,1,"",0
"GO:0045191","regulation of isotype switching","0/19","5/3464",0,0,-0.166156813285022,1,1,1,"",0
"GO:0045197","establishment or maintenance of epithelial cell apical/basal polarity","0/19","7/3464",0,0,-0.196656254499952,1,1,1,"",0
"GO:0045216","cell-cell junction organization","0/19","41/3464",0,0,-0.478296179566983,1,1,1,"",0
"GO:0045229","external encapsulating structure organization","0/19","25/3464",0,0,-0.372616729405071,1,1,1,"",0
"GO:0045292","mRNA cis splicing, via spliceosome","0/19","12/3464",0,0,-0.257669884406375,1,1,1,"",0
"GO:0045324","late endosome to vacuole transport","0/19","17/3464",0,0,-0.306910857143731,1,1,1,"",0
"GO:0045332","phospholipid translocation","0/19","14/3464",0,0,-0.278395943846603,1,1,1,"",0
"GO:0045338","farnesyl diphosphate metabolic process","0/19","5/3464",0,0,-0.166156813285022,1,1,1,"",0
"GO:0045428","regulation of nitric oxide biosynthetic process","0/19","13/3464",0,0,-0.268230172957206,1,1,1,"",0
"GO:0045429","positive regulation of nitric oxide biosynthetic process","0/19","9/3464",0,0,-0.223051763894324,1,1,1,"",0
"GO:0045446","endothelial cell differentiation","0/19","16/3464",0,0,-0.297704086332389,1,1,1,"",0
"GO:0045453","bone resorption","0/19","8/3464",0,0,-0.210264792883586,1,1,1,"",0
"GO:0045454","cell redox homeostasis","0/19","10/3464",0,0,-0.235151236373825,1,1,1,"",0
"GO:0045471","response to ethanol","0/19","25/3464",0,0,-0.372616729405071,1,1,1,"",0
"GO:0045472","response to ether","0/19","7/3464",0,0,-0.196656254499952,1,1,1,"",0
"GO:0045475","locomotor rhythm","0/19","6/3464",0,0,-0.182041985591496,1,1,1,"",0
"GO:0045540","regulation of cholesterol biosynthetic process","0/19","10/3464",0,0,-0.235151236373825,1,1,1,"",0
"GO:0045542","positive regulation of cholesterol biosynthetic process","0/19","6/3464",0,0,-0.182041985591496,1,1,1,"",0
"GO:0045576","mast cell activation","0/19","10/3464",0,0,-0.235151236373825,1,1,1,"",0
"GO:0045581","negative regulation of T cell differentiation","0/19","12/3464",0,0,-0.257669884406375,1,1,1,"",0
"GO:0045582","positive regulation of T cell differentiation","0/19","23/3464",0,0,-0.357297530736516,1,1,1,"",0
"GO:0045589","regulation of regulatory T cell differentiation","0/19","8/3464",0,0,-0.210264792883586,1,1,1,"",0
"GO:0045590","negative regulation of regulatory T cell differentiation","0/19","5/3464",0,0,-0.166156813285022,1,1,1,"",0
"GO:0045599","negative regulation of fat cell differentiation","0/19","10/3464",0,0,-0.235151236373825,1,1,1,"",0
"GO:0045601","regulation of endothelial cell differentiation","0/19","5/3464",0,0,-0.166156813285022,1,1,1,"",0
"GO:0045620","negative regulation of lymphocyte differentiation","0/19","13/3464",0,0,-0.268230172957206,1,1,1,"",0
"GO:0045621","positive regulation of lymphocyte differentiation","0/19","26/3464",0,0,-0.380051254953769,1,1,1,"",0
"GO:0045624","positive regulation of T-helper cell differentiation","0/19","5/3464",0,0,-0.166156813285022,1,1,1,"",0
"GO:0045648","positive regulation of erythrocyte differentiation","0/19","10/3464",0,0,-0.235151236373825,1,1,1,"",0
"GO:0045663","positive regulation of myoblast differentiation","0/19","12/3464",0,0,-0.257669884406375,1,1,1,"",0
"GO:0045664","regulation of neuron differentiation","0/19","36/3464",0,0,-0.44785690746358,1,1,1,"",0
"GO:0045665","negative regulation of neuron differentiation","0/19","7/3464",0,0,-0.196656254499952,1,1,1,"",0
"GO:0045666","positive regulation of neuron differentiation","0/19","17/3464",0,0,-0.306910857143731,1,1,1,"",0
"GO:0045667","regulation of osteoblast differentiation","0/19","15/3464",0,0,-0.288208951504192,1,1,1,"",0
"GO:0045669","positive regulation of osteoblast differentiation","0/19","8/3464",0,0,-0.210264792883586,1,1,1,"",0
"GO:0045670","regulation of osteoclast differentiation","0/19","7/3464",0,0,-0.196656254499952,1,1,1,"",0
"GO:0045685","regulation of glial cell differentiation","0/19","11/3464",0,0,-0.246664407017154,1,1,1,"",0
"GO:0045687","positive regulation of glial cell differentiation","0/19","7/3464",0,0,-0.196656254499952,1,1,1,"",0
"GO:0045722","positive regulation of gluconeogenesis","0/19","8/3464",0,0,-0.210264792883586,1,1,1,"",0
"GO:0045724","positive regulation of cilium assembly","0/19","5/3464",0,0,-0.166156813285022,1,1,1,"",0
"GO:0045725","positive regulation of glycogen biosynthetic process","0/19","6/3464",0,0,-0.182041985591496,1,1,1,"",0
"GO:0045727","positive regulation of translation","0/19","46/3464",0,0,-0.5069922489714,1,1,1,"",0
"GO:0045732","positive regulation of protein catabolic process","0/19","73/3464",0,0,-0.641218388480999,1,1,1,"",0
"GO:0045738","negative regulation of DNA repair","0/19","6/3464",0,0,-0.182041985591496,1,1,1,"",0
"GO:0045739","positive regulation of DNA repair","0/19","44/3464",0,0,-0.495703195266209,1,1,1,"",0
"GO:0045740","positive regulation of DNA replication","0/19","6/3464",0,0,-0.182041985591496,1,1,1,"",0
"GO:0045742","positive regulation of epidermal growth factor receptor signaling pathway","0/19","8/3464",0,0,-0.210264792883586,1,1,1,"",0
"GO:0045744","negative regulation of G protein-coupled receptor signaling pathway","0/19","15/3464",0,0,-0.288208951504192,1,1,1,"",0
"GO:0045745","positive regulation of G protein-coupled receptor signaling pathway","0/19","8/3464",0,0,-0.210264792883586,1,1,1,"",0
"GO:0045746","negative regulation of Notch signaling pathway","0/19","7/3464",0,0,-0.196656254499952,1,1,1,"",0
"GO:0045747","positive regulation of Notch signaling pathway","0/19","11/3464",0,0,-0.246664407017154,1,1,1,"",0
"GO:0045761","regulation of adenylate cyclase activity","0/19","6/3464",0,0,-0.182041985591496,1,1,1,"",0
"GO:0045765","regulation of angiogenesis","0/19","49/3464",0,0,-0.523493289707436,1,1,1,"",0
"GO:0045766","positive regulation of angiogenesis","0/19","30/3464",0,0,-0.408478229509318,1,1,1,"",0
"GO:0045773","positive regulation of axon extension","0/19","17/3464",0,0,-0.306910857143731,1,1,1,"",0
"GO:0045778","positive regulation of ossification","0/19","13/3464",0,0,-0.268230172957206,1,1,1,"",0
"GO:0045787","positive regulation of cell cycle","0/19","73/3464",0,0,-0.641218388480999,1,1,1,"",0
"GO:0045806","negative regulation of endocytosis","0/19","15/3464",0,0,-0.288208951504192,1,1,1,"",0
"GO:0045807","positive regulation of endocytosis","0/19","43/3464",0,0,-0.489966202580668,1,1,1,"",0
"GO:0045814","negative regulation of gene expression, epigenetic","0/19","68/3464",0,0,-0.618413623899029,1,1,1,"",0
"GO:0045815","transcription initiation-coupled chromatin remodeling","0/19","21/3464",0,0,-0.341310437223647,1,1,1,"",0
"GO:0045821","positive regulation of glycolytic process","0/19","10/3464",0,0,-0.235151236373825,1,1,1,"",0
"GO:0045823","positive regulation of heart contraction","0/19","6/3464",0,0,-0.182041985591496,1,1,1,"",0
"GO:0045824","negative regulation of innate immune response","0/19","15/3464",0,0,-0.288208951504192,1,1,1,"",0
"GO:0045833","negative regulation of lipid metabolic process","0/19","17/3464",0,0,-0.306910857143731,1,1,1,"",0
"GO:0045834","positive regulation of lipid metabolic process","0/19","25/3464",0,0,-0.372616729405071,1,1,1,"",0
"GO:0045839","negative regulation of mitotic nuclear division","0/19","16/3464",0,0,-0.297704086332389,1,1,1,"",0
"GO:0045840","positive regulation of mitotic nuclear division","0/19","7/3464",0,0,-0.196656254499952,1,1,1,"",0
"GO:0045841","negative regulation of mitotic metaphase/anaphase transition","0/19","15/3464",0,0,-0.288208951504192,1,1,1,"",0
"GO:0045842","positive regulation of mitotic metaphase/anaphase transition","0/19","6/3464",0,0,-0.182041985591496,1,1,1,"",0
"GO:0045859","regulation of protein kinase activity","0/19","60/3464",0,0,-0.580215441427685,1,1,1,"",0
"GO:0045860","positive regulation of protein kinase activity","0/19","31/3464",0,0,-0.415290865128321,1,1,1,"",0
"GO:0045861","negative regulation of proteolysis","0/19","14/3464",0,0,-0.278395943846603,1,1,1,"",0
"GO:0045862","positive regulation of proteolysis","0/19","14/3464",0,0,-0.278395943846603,1,1,1,"",0
"GO:0045879","negative regulation of smoothened signaling pathway","0/19","8/3464",0,0,-0.210264792883586,1,1,1,"",0
"GO:0045880","positive regulation of smoothened signaling pathway","0/19","5/3464",0,0,-0.166156813285022,1,1,1,"",0
"GO:0045898","regulation of RNA polymerase II transcription preinitiation complex assembly","0/19","5/3464",0,0,-0.166156813285022,1,1,1,"",0
"GO:0045910","negative regulation of DNA recombination","0/19","7/3464",0,0,-0.196656254499952,1,1,1,"",0
"GO:0045911","positive regulation of DNA recombination","0/19","20/3464",0,0,-0.333036519803188,1,1,1,"",0
"GO:0045912","negative regulation of carbohydrate metabolic process","0/19","8/3464",0,0,-0.210264792883586,1,1,1,"",0
"GO:0045913","positive regulation of carbohydrate metabolic process","0/19","26/3464",0,0,-0.380051254953769,1,1,1,"",0
"GO:0045920","negative regulation of exocytosis","0/19","11/3464",0,0,-0.246664407017154,1,1,1,"",0
"GO:0045921","positive regulation of exocytosis","0/19","22/3464",0,0,-0.34939311326674,1,1,1,"",0
"GO:0045922","negative regulation of fatty acid metabolic process","0/19","6/3464",0,0,-0.182041985591496,1,1,1,"",0
"GO:0045926","negative regulation of growth","0/19","47/3464",0,0,-0.512548388858327,1,1,1,"",0
"GO:0045927","positive regulation of growth","0/19","57/3464",0,0,-0.565275020198315,1,1,1,"",0
"GO:0045931","positive regulation of mitotic cell cycle","0/19","36/3464",0,0,-0.44785690746358,1,1,1,"",0
"GO:0045933","positive regulation of muscle contraction","0/19","6/3464",0,0,-0.182041985591496,1,1,1,"",0
"GO:0045936","negative regulation of phosphate metabolic process","0/19","43/3464",0,0,-0.489966202580668,1,1,1,"",0
"GO:0045937","positive regulation of phosphate metabolic process","0/19","77/3464",0,0,-0.65894049436606,1,1,1,"",0
"GO:0045939","negative regulation of steroid metabolic process","0/19","5/3464",0,0,-0.166156813285022,1,1,1,"",0
"GO:0045940","positive regulation of steroid metabolic process","0/19","9/3464",0,0,-0.223051763894324,1,1,1,"",0
"GO:0045943","positive regulation of transcription by RNA polymerase I","0/19","9/3464",0,0,-0.223051763894324,1,1,1,"",0
"GO:0045945","positive regulation of transcription by RNA polymerase III","0/19","7/3464",0,0,-0.196656254499952,1,1,1,"",0
"GO:0045947","negative regulation of translational initiation","0/19","10/3464",0,0,-0.235151236373825,1,1,1,"",0
"GO:0045948","positive regulation of translational initiation","0/19","15/3464",0,0,-0.288208951504192,1,1,1,"",0
"GO:0045981","positive regulation of nucleotide metabolic process","0/19","17/3464",0,0,-0.306910857143731,1,1,1,"",0
"GO:0045995","regulation of embryonic development","0/19","24/3464",0,0,-0.365035273643728,1,1,1,"",0
"GO:0046006","regulation of activated T cell proliferation","0/19","6/3464",0,0,-0.182041985591496,1,1,1,"",0
"GO:0046033","AMP metabolic process","0/19","5/3464",0,0,-0.166156813285022,1,1,1,"",0
"GO:0046036","CTP metabolic process","0/19","5/3464",0,0,-0.166156813285022,1,1,1,"",0
"GO:0046037","GMP metabolic process","0/19","8/3464",0,0,-0.210264792883586,1,1,1,"",0
"GO:0046039","GTP metabolic process","0/19","11/3464",0,0,-0.246664407017154,1,1,1,"",0
"GO:0046112","nucleobase biosynthetic process","0/19","6/3464",0,0,-0.182041985591496,1,1,1,"",0
"GO:0046148","pigment biosynthetic process","0/19","8/3464",0,0,-0.210264792883586,1,1,1,"",0
"GO:0046165","alcohol biosynthetic process","0/19","34/3464",0,0,-0.435111770286058,1,1,1,"",0
"GO:0046173","polyol biosynthetic process","0/19","14/3464",0,0,-0.278395943846603,1,1,1,"",0
"GO:0046189","phenol-containing compound biosynthetic process","0/19","5/3464",0,0,-0.166156813285022,1,1,1,"",0
"GO:0046209","nitric oxide metabolic process","0/19","18/3464",0,0,-0.31585448576581,1,1,1,"",0
"GO:0046320","regulation of fatty acid oxidation","0/19","8/3464",0,0,-0.210264792883586,1,1,1,"",0
"GO:0046326","positive regulation of D-glucose import across plasma membrane","0/19","11/3464",0,0,-0.246664407017154,1,1,1,"",0
"GO:0046330","positive regulation of JNK cascade","0/19","19/3464",0,0,-0.324556731049388,1,1,1,"",0
"GO:0046337","phosphatidylethanolamine metabolic process","0/19","6/3464",0,0,-0.182041985591496,1,1,1,"",0
"GO:0046341","CDP-diacylglycerol metabolic process","0/19","6/3464",0,0,-0.182041985591496,1,1,1,"",0
"GO:0046385","deoxyribose phosphate biosynthetic process","0/19","6/3464",0,0,-0.182041985591496,1,1,1,"",0
"GO:0046386","deoxyribose phosphate catabolic process","0/19","6/3464",0,0,-0.182041985591496,1,1,1,"",0
"GO:0046394","carboxylic acid biosynthetic process","0/19","57/3464",0,0,-0.565275020198315,1,1,1,"",0
"GO:0046395","carboxylic acid catabolic process","0/19","51/3464",0,0,-0.534226438359461,1,1,1,"",0
"GO:0046425","regulation of receptor signaling pathway via JAK-STAT","0/19","18/3464",0,0,-0.31585448576581,1,1,1,"",0
"GO:0046426","negative regulation of receptor signaling pathway via JAK-STAT","0/19","7/3464",0,0,-0.196656254499952,1,1,1,"",0
"GO:0046427","positive regulation of receptor signaling pathway via JAK-STAT","0/19","8/3464",0,0,-0.210264792883586,1,1,1,"",0
"GO:0046456","icosanoid biosynthetic process","0/19","10/3464",0,0,-0.235151236373825,1,1,1,"",0
"GO:0046457","prostanoid biosynthetic process","0/19","7/3464",0,0,-0.196656254499952,1,1,1,"",0
"GO:0046460","neutral lipid biosynthetic process","0/19","5/3464",0,0,-0.166156813285022,1,1,1,"",0
"GO:0046461","neutral lipid catabolic process","0/19","8/3464",0,0,-0.210264792883586,1,1,1,"",0
"GO:0046463","acylglycerol biosynthetic process","0/19","5/3464",0,0,-0.166156813285022,1,1,1,"",0
"GO:0046464","acylglycerol catabolic process","0/19","8/3464",0,0,-0.210264792883586,1,1,1,"",0
"GO:0046470","phosphatidylcholine metabolic process","0/19","13/3464",0,0,-0.268230172957206,1,1,1,"",0
"GO:0046471","phosphatidylglycerol metabolic process","0/19","7/3464",0,0,-0.196656254499952,1,1,1,"",0
"GO:0046473","phosphatidic acid metabolic process","0/19","8/3464",0,0,-0.210264792883586,1,1,1,"",0
"GO:0046474","glycerophospholipid biosynthetic process","0/19","69/3464",0,0,-0.62303592480905,1,1,1,"",0
"GO:0046475","glycerophospholipid catabolic process","0/19","10/3464",0,0,-0.235151236373825,1,1,1,"",0
"GO:0046479","glycosphingolipid catabolic process","0/19","6/3464",0,0,-0.182041985591496,1,1,1,"",0
"GO:0046485","ether lipid metabolic process","0/19","5/3464",0,0,-0.166156813285022,1,1,1,"",0
"GO:0046486","glycerolipid metabolic process","0/19","100/3464",0,0,-0.753495112380659,1,1,1,"",0
"GO:0046488","phosphatidylinositol metabolic process","0/19","50/3464",0,0,-0.528885519978056,1,1,1,"",0
"GO:0046503","glycerolipid catabolic process","0/19","17/3464",0,0,-0.306910857143731,1,1,1,"",0
"GO:0046513","ceramide biosynthetic process","0/19","11/3464",0,0,-0.246664407017154,1,1,1,"",0
"GO:0046514","ceramide catabolic process","0/19","5/3464",0,0,-0.166156813285022,1,1,1,"",0
"GO:0046530","photoreceptor cell differentiation","0/19","8/3464",0,0,-0.210264792883586,1,1,1,"",0
"GO:0046545","development of primary female sexual characteristics","0/19","9/3464",0,0,-0.223051763894324,1,1,1,"",0
"GO:0046579","positive regulation of Ras protein signal transduction","0/19","7/3464",0,0,-0.196656254499952,1,1,1,"",0
"GO:0046599","regulation of centriole replication","0/19","5/3464",0,0,-0.166156813285022,1,1,1,"",0
"GO:0046605","regulation of centrosome cycle","0/19","15/3464",0,0,-0.288208951504192,1,1,1,"",0
"GO:0046620","regulation of organ growth","0/19","12/3464",0,0,-0.257669884406375,1,1,1,"",0
"GO:0046621","negative regulation of organ growth","0/19","5/3464",0,0,-0.166156813285022,1,1,1,"",0
"GO:0046626","regulation of insulin receptor signaling pathway","0/19","25/3464",0,0,-0.372616729405071,1,1,1,"",0
"GO:0046627","negative regulation of insulin receptor signaling pathway","0/19","15/3464",0,0,-0.288208951504192,1,1,1,"",0
"GO:0046628","positive regulation of insulin receptor signaling pathway","0/19","9/3464",0,0,-0.223051763894324,1,1,1,"",0
"GO:0046635","positive regulation of alpha-beta T cell activation","0/19","11/3464",0,0,-0.246664407017154,1,1,1,"",0
"GO:0046636","negative regulation of alpha-beta T cell activation","0/19","6/3464",0,0,-0.182041985591496,1,1,1,"",0
"GO:0046638","positive regulation of alpha-beta T cell differentiation","0/19","9/3464",0,0,-0.223051763894324,1,1,1,"",0
"GO:0046639","negative regulation of alpha-beta T cell differentiation","0/19","5/3464",0,0,-0.166156813285022,1,1,1,"",0
"GO:0046651","lymphocyte proliferation","0/19","22/3464",0,0,-0.34939311326674,1,1,1,"",0
"GO:0046660","female sex differentiation","0/19","9/3464",0,0,-0.223051763894324,1,1,1,"",0
"GO:0046677","response to antibiotic","0/19","9/3464",0,0,-0.223051763894324,1,1,1,"",0
"GO:0046685","response to arsenic-containing substance","0/19","8/3464",0,0,-0.210264792883586,1,1,1,"",0
"GO:0046686","response to cadmium ion","0/19","9/3464",0,0,-0.223051763894324,1,1,1,"",0
"GO:0046688","response to copper ion","0/19","8/3464",0,0,-0.210264792883586,1,1,1,"",0
"GO:0046718","symbiont entry into host cell","0/19","34/3464",0,0,-0.435111770286058,1,1,1,"",0
"GO:0046753","non-lytic viral release","0/19","5/3464",0,0,-0.166156813285022,1,1,1,"",0
"GO:0046755","viral budding","0/19","10/3464",0,0,-0.235151236373825,1,1,1,"",0
"GO:0046777","protein autophosphorylation","0/19","27/3464",0,0,-0.387347314334364,1,1,1,"",0
"GO:0046794","transport of virus","0/19","5/3464",0,0,-0.166156813285022,1,1,1,"",0
"GO:0046823","negative regulation of nucleocytoplasmic transport","0/19","10/3464",0,0,-0.235151236373825,1,1,1,"",0
"GO:0046825","regulation of protein export from nucleus","0/19","7/3464",0,0,-0.196656254499952,1,1,1,"",0
"GO:0046831","regulation of RNA export from nucleus","0/19","11/3464",0,0,-0.246664407017154,1,1,1,"",0
"GO:0046839","phospholipid dephosphorylation","0/19","12/3464",0,0,-0.257669884406375,1,1,1,"",0
"GO:0046849","bone remodeling","0/19","9/3464",0,0,-0.223051763894324,1,1,1,"",0
"GO:0046850","regulation of bone remodeling","0/19","6/3464",0,0,-0.182041985591496,1,1,1,"",0
"GO:0046854","phosphatidylinositol phosphate biosynthetic process","0/19","20/3464",0,0,-0.333036519803188,1,1,1,"",0
"GO:0046856","phosphatidylinositol dephosphorylation","0/19","12/3464",0,0,-0.257669884406375,1,1,1,"",0
"GO:0046885","regulation of hormone biosynthetic process","0/19","5/3464",0,0,-0.166156813285022,1,1,1,"",0
"GO:0046889","positive regulation of lipid biosynthetic process","0/19","20/3464",0,0,-0.333036519803188,1,1,1,"",0
"GO:0046890","regulation of lipid biosynthetic process","0/19","39/3464",0,0,-0.466348354527256,1,1,1,"",0
"GO:0046902","regulation of mitochondrial membrane permeability","0/19","14/3464",0,0,-0.278395943846603,1,1,1,"",0
"GO:0046928","regulation of neurotransmitter secretion","0/19","23/3464",0,0,-0.357297530736516,1,1,1,"",0
"GO:0046931","pore complex assembly","0/19","9/3464",0,0,-0.223051763894324,1,1,1,"",0
"GO:0046942","carboxylic acid transport","0/19","55/3464",0,0,-0.555106454681407,1,1,1,"",0
"GO:0046949","fatty-acyl-CoA biosynthetic process","0/19","9/3464",0,0,-0.223051763894324,1,1,1,"",0
"GO:0047496","vesicle transport along microtubule","0/19","21/3464",0,0,-0.341310437223647,1,1,1,"",0
"GO:0047497","mitochondrion transport along microtubule","0/19","19/3464",0,0,-0.324556731049388,1,1,1,"",0
"GO:0048002","antigen processing and presentation of peptide antigen","0/19","9/3464",0,0,-0.223051763894324,1,1,1,"",0
"GO:0048008","platelet-derived growth factor receptor signaling pathway","0/19","22/3464",0,0,-0.34939311326674,1,1,1,"",0
"GO:0048009","insulin-like growth factor receptor signaling pathway","0/19","15/3464",0,0,-0.288208951504192,1,1,1,"",0
"GO:0048010","vascular endothelial growth factor receptor signaling pathway","0/19","15/3464",0,0,-0.288208951504192,1,1,1,"",0
"GO:0048011","neurotrophin TRK receptor signaling pathway","0/19","8/3464",0,0,-0.210264792883586,1,1,1,"",0
"GO:0048012","hepatocyte growth factor receptor signaling pathway","0/19","7/3464",0,0,-0.196656254499952,1,1,1,"",0
"GO:0048013","ephrin receptor signaling pathway","0/19","18/3464",0,0,-0.31585448576581,1,1,1,"",0
"GO:0048015","phosphatidylinositol-mediated signaling","0/19","8/3464",0,0,-0.210264792883586,1,1,1,"",0
"GO:0048024","regulation of mRNA splicing, via spliceosome","0/19","54/3464",0,0,-0.549956226669746,1,1,1,"",0
"GO:0048025","negative regulation of mRNA splicing, via spliceosome","0/19","15/3464",0,0,-0.288208951504192,1,1,1,"",0
"GO:0048026","positive regulation of mRNA splicing, via spliceosome","0/19","5/3464",0,0,-0.166156813285022,1,1,1,"",0
"GO:0048041","focal adhesion assembly","0/19","38/3464",0,0,-0.46026351744214,1,1,1,"",0
"GO:0048066","developmental pigmentation","0/19","9/3464",0,0,-0.223051763894324,1,1,1,"",0
"GO:0048143","astrocyte activation","0/19","5/3464",0,0,-0.166156813285022,1,1,1,"",0
"GO:0048144","fibroblast proliferation","0/19","12/3464",0,0,-0.257669884406375,1,1,1,"",0
"GO:0048145","regulation of fibroblast proliferation","0/19","12/3464",0,0,-0.257669884406375,1,1,1,"",0
"GO:0048146","positive regulation of fibroblast proliferation","0/19","6/3464",0,0,-0.182041985591496,1,1,1,"",0
"GO:0048167","regulation of synaptic plasticity","0/19","53/3464",0,0,-0.544760372566215,1,1,1,"",0
"GO:0048168","regulation of neuronal synaptic plasticity","0/19","17/3464",0,0,-0.306910857143731,1,1,1,"",0
"GO:0048169","regulation of long-term neuronal synaptic plasticity","0/19","8/3464",0,0,-0.210264792883586,1,1,1,"",0
"GO:0048172","regulation of short-term neuronal synaptic plasticity","0/19","5/3464",0,0,-0.166156813285022,1,1,1,"",0
"GO:0048193","Golgi vesicle transport","0/19","151/3464",0,0,-0.933009764318612,1,1,1,"",0
"GO:0048194","Golgi vesicle budding","0/19","7/3464",0,0,-0.196656254499952,1,1,1,"",0
"GO:0048199","vesicle targeting, to, from or within Golgi","0/19","19/3464",0,0,-0.324556731049388,1,1,1,"",0
"GO:0048200","Golgi transport vesicle coating","0/19","6/3464",0,0,-0.182041985591496,1,1,1,"",0
"GO:0048205","COPI coating of Golgi vesicle","0/19","6/3464",0,0,-0.182041985591496,1,1,1,"",0
"GO:0048207","vesicle targeting, rough ER to cis-Golgi","0/19","15/3464",0,0,-0.288208951504192,1,1,1,"",0
"GO:0048208","COPII vesicle coating","0/19","15/3464",0,0,-0.288208951504192,1,1,1,"",0
"GO:0048227","plasma membrane to endosome transport","0/19","6/3464",0,0,-0.182041985591496,1,1,1,"",0
"GO:0048232","male gamete generation","0/19","126/3464",0,0,-0.849083769950141,1,1,1,"",0
"GO:0048246","macrophage chemotaxis","0/19","7/3464",0,0,-0.196656254499952,1,1,1,"",0
"GO:0048247","lymphocyte chemotaxis","0/19","5/3464",0,0,-0.166156813285022,1,1,1,"",0
"GO:0048255","mRNA stabilization","0/19","23/3464",0,0,-0.357297530736516,1,1,1,"",0
"GO:0048259","regulation of receptor-mediated endocytosis","0/19","40/3464",0,0,-0.472358299854603,1,1,1,"",0
"GO:0048260","positive regulation of receptor-mediated endocytosis","0/19","17/3464",0,0,-0.306910857143731,1,1,1,"",0
"GO:0048261","negative regulation of receptor-mediated endocytosis","0/19","8/3464",0,0,-0.210264792883586,1,1,1,"",0
"GO:0048268","clathrin coat assembly","0/19","13/3464",0,0,-0.268230172957206,1,1,1,"",0
"GO:0048278","vesicle docking","0/19","20/3464",0,0,-0.333036519803188,1,1,1,"",0
"GO:0048284","organelle fusion","0/19","57/3464",0,0,-0.565275020198315,1,1,1,"",0
"GO:0048308","organelle inheritance","0/19","12/3464",0,0,-0.257669884406375,1,1,1,"",0
"GO:0048311","mitochondrion distribution","0/19","10/3464",0,0,-0.235151236373825,1,1,1,"",0
"GO:0048312","intracellular distribution of mitochondria","0/19","5/3464",0,0,-0.166156813285022,1,1,1,"",0
"GO:0048313","Golgi inheritance","0/19","12/3464",0,0,-0.257669884406375,1,1,1,"",0
"GO:0048384","retinoic acid receptor signaling pathway","0/19","8/3464",0,0,-0.210264792883586,1,1,1,"",0
"GO:0048385","regulation of retinoic acid receptor signaling pathway","0/19","5/3464",0,0,-0.166156813285022,1,1,1,"",0
"GO:0048388","endosomal lumen acidification","0/19","10/3464",0,0,-0.235151236373825,1,1,1,"",0
"GO:0048469","cell maturation","0/19","18/3464",0,0,-0.31585448576581,1,1,1,"",0
"GO:0048483","autonomic nervous system development","0/19","7/3464",0,0,-0.196656254499952,1,1,1,"",0
"GO:0048489","synaptic vesicle transport","0/19","18/3464",0,0,-0.31585448576581,1,1,1,"",0
"GO:0048490","anterograde synaptic vesicle transport","0/19","8/3464",0,0,-0.210264792883586,1,1,1,"",0
"GO:0048499","synaptic vesicle membrane organization","0/19","10/3464",0,0,-0.235151236373825,1,1,1,"",0
"GO:0048512","circadian behavior","0/19","12/3464",0,0,-0.257669884406375,1,1,1,"",0
"GO:0048514","blood vessel morphogenesis","0/19","100/3464",0,0,-0.753495112380659,1,1,1,"",0
"GO:0048515","spermatid differentiation","0/19","23/3464",0,0,-0.357297530736516,1,1,1,"",0
"GO:0048524","positive regulation of viral process","0/19","28/3464",0,0,-0.394512593545314,1,1,1,"",0
"GO:0048525","negative regulation of viral process","0/19","8/3464",0,0,-0.210264792883586,1,1,1,"",0
"GO:0048534","hematopoietic or lymphoid organ development","0/19","5/3464",0,0,-0.166156813285022,1,1,1,"",0
"GO:0048548","regulation of pinocytosis","0/19","5/3464",0,0,-0.166156813285022,1,1,1,"",0
"GO:0048549","positive regulation of pinocytosis","0/19","5/3464",0,0,-0.166156813285022,1,1,1,"",0
"GO:0048562","embryonic organ morphogenesis","0/19","15/3464",0,0,-0.288208951504192,1,1,1,"",0
"GO:0048565","digestive tract development","0/19","9/3464",0,0,-0.223051763894324,1,1,1,"",0
"GO:0048568","embryonic organ development","0/19","33/3464",0,0,-0.428602839616084,1,1,1,"",0
"GO:0048592","eye morphogenesis","0/19","19/3464",0,0,-0.324556731049388,1,1,1,"",0
"GO:0048593","camera-type eye morphogenesis","0/19","14/3464",0,0,-0.278395943846603,1,1,1,"",0
"GO:0048598","embryonic morphogenesis","0/19","45/3464",0,0,-0.501377845320214,1,1,1,"",0
"GO:0048609","multicellular organismal reproductive process","0/19","155/3464",0,0,-0.945857906799756,1,1,1,"",0
"GO:0048634","regulation of muscle organ development","0/19","5/3464",0,0,-0.166156813285022,1,1,1,"",0
"GO:0048639","positive regulation of developmental growth","0/19","32/3464",0,0,-0.421997407283268,1,1,1,"",0
"GO:0048640","negative regulation of developmental growth","0/19","19/3464",0,0,-0.324556731049388,1,1,1,"",0
"GO:0048659","smooth muscle cell proliferation","0/19","30/3464",0,0,-0.408478229509318,1,1,1,"",0
"GO:0048660","regulation of smooth muscle cell proliferation","0/19","29/3464",0,0,-0.401554097064957,1,1,1,"",0
"GO:0048661","positive regulation of smooth muscle cell proliferation","0/19","16/3464",0,0,-0.297704086332389,1,1,1,"",0
"GO:0048662","negative regulation of smooth muscle cell proliferation","0/19","10/3464",0,0,-0.235151236373825,1,1,1,"",0
"GO:0048668","collateral sprouting","0/19","7/3464",0,0,-0.196656254499952,1,1,1,"",0
"GO:0048670","regulation of collateral sprouting","0/19","5/3464",0,0,-0.166156813285022,1,1,1,"",0
"GO:0048678","response to axon injury","0/19","19/3464",0,0,-0.324556731049388,1,1,1,"",0
"GO:0048679","regulation of axon regeneration","0/19","5/3464",0,0,-0.166156813285022,1,1,1,"",0
"GO:0048705","skeletal system morphogenesis","0/19","14/3464",0,0,-0.278395943846603,1,1,1,"",0
"GO:0048706","embryonic skeletal system development","0/19","5/3464",0,0,-0.166156813285022,1,1,1,"",0
"GO:0048708","astrocyte differentiation","0/19","17/3464",0,0,-0.306910857143731,1,1,1,"",0
"GO:0048709","oligodendrocyte differentiation","0/19","18/3464",0,0,-0.31585448576581,1,1,1,"",0
"GO:0048710","regulation of astrocyte differentiation","0/19","6/3464",0,0,-0.182041985591496,1,1,1,"",0
"GO:0048713","regulation of oligodendrocyte differentiation","0/19","5/3464",0,0,-0.166156813285022,1,1,1,"",0
"GO:0048732","gland development","0/19","33/3464",0,0,-0.428602839616084,1,1,1,"",0
"GO:0048736","appendage development","0/19","15/3464",0,0,-0.288208951504192,1,1,1,"",0
"GO:0048738","cardiac muscle tissue development","0/19","25/3464",0,0,-0.372616729405071,1,1,1,"",0
"GO:0048741","skeletal muscle fiber development","0/19","5/3464",0,0,-0.166156813285022,1,1,1,"",0
"GO:0048753","pigment granule organization","0/19","14/3464",0,0,-0.278395943846603,1,1,1,"",0
"GO:0048754","branching morphogenesis of an epithelial tube","0/19","9/3464",0,0,-0.223051763894324,1,1,1,"",0
"GO:0048757","pigment granule maturation","0/19","5/3464",0,0,-0.166156813285022,1,1,1,"",0
"GO:0048771","tissue remodeling","0/19","16/3464",0,0,-0.297704086332389,1,1,1,"",0
"GO:0048791","calcium ion-regulated exocytosis of neurotransmitter","0/19","7/3464",0,0,-0.196656254499952,1,1,1,"",0
"GO:0048839","inner ear development","0/19","13/3464",0,0,-0.268230172957206,1,1,1,"",0
"GO:0048841","regulation of axon extension involved in axon guidance","0/19","6/3464",0,0,-0.182041985591496,1,1,1,"",0
"GO:0048842","positive regulation of axon extension involved in axon guidance","0/19","5/3464",0,0,-0.166156813285022,1,1,1,"",0
"GO:0048844","artery morphogenesis","0/19","9/3464",0,0,-0.223051763894324,1,1,1,"",0
"GO:0048846","axon extension involved in axon guidance","0/19","7/3464",0,0,-0.196656254499952,1,1,1,"",0
"GO:0048854","brain morphogenesis","0/19","10/3464",0,0,-0.235151236373825,1,1,1,"",0
"GO:0048857","neural nucleus development","0/19","27/3464",0,0,-0.387347314334364,1,1,1,"",0
"GO:0048863","stem cell differentiation","0/19","56/3464",0,0,-0.560212317594344,1,1,1,"",0
"GO:0048864","stem cell development","0/19","16/3464",0,0,-0.297704086332389,1,1,1,"",0
"GO:0048880","sensory system development","0/19","48/3464",0,0,-0.518048142454573,1,1,1,"",0
"GO:0050000","chromosome localization","0/19","29/3464",0,0,-0.401554097064957,1,1,1,"",0
"GO:0050432","catecholamine secretion","0/19","7/3464",0,0,-0.196656254499952,1,1,1,"",0
"GO:0050433","regulation of catecholamine secretion","0/19","7/3464",0,0,-0.196656254499952,1,1,1,"",0
"GO:0050435","amyloid-beta metabolic process","0/19","23/3464",0,0,-0.357297530736516,1,1,1,"",0
"GO:0050650","chondroitin sulfate proteoglycan biosynthetic process","0/19","6/3464",0,0,-0.182041985591496,1,1,1,"",0
"GO:0050654","chondroitin sulfate proteoglycan metabolic process","0/19","7/3464",0,0,-0.196656254499952,1,1,1,"",0
"GO:0050665","hydrogen peroxide biosynthetic process","0/19","5/3464",0,0,-0.166156813285022,1,1,1,"",0
"GO:0050670","regulation of lymphocyte proliferation","0/19","20/3464",0,0,-0.333036519803188,1,1,1,"",0
"GO:0050671","positive regulation of lymphocyte proliferation","0/19","11/3464",0,0,-0.246664407017154,1,1,1,"",0
"GO:0050672","negative regulation of lymphocyte proliferation","0/19","7/3464",0,0,-0.196656254499952,1,1,1,"",0
"GO:0050679","positive regulation of epithelial cell proliferation","0/19","29/3464",0,0,-0.401554097064957,1,1,1,"",0
"GO:0050680","negative regulation of epithelial cell proliferation","0/19","18/3464",0,0,-0.31585448576581,1,1,1,"",0
"GO:0050685","positive regulation of mRNA processing","0/19","7/3464",0,0,-0.196656254499952,1,1,1,"",0
"GO:0050686","negative regulation of mRNA processing","0/19","15/3464",0,0,-0.288208951504192,1,1,1,"",0
"GO:0050687","negative regulation of defense response to virus","0/19","6/3464",0,0,-0.182041985591496,1,1,1,"",0
"GO:0050688","regulation of defense response to virus","0/19","11/3464",0,0,-0.246664407017154,1,1,1,"",0
"GO:0050691","regulation of defense response to virus by host","0/19","6/3464",0,0,-0.182041985591496,1,1,1,"",0
"GO:0050709","negative regulation of protein secretion","0/19","8/3464",0,0,-0.210264792883586,1,1,1,"",0
"GO:0050727","regulation of inflammatory response","0/19","59/3464",0,0,-0.575275503001756,1,1,1,"",0
"GO:0050728","negative regulation of inflammatory response","0/19","30/3464",0,0,-0.408478229509318,1,1,1,"",0
"GO:0050729","positive regulation of inflammatory response","0/19","19/3464",0,0,-0.324556731049388,1,1,1,"",0
"GO:0050730","regulation of peptidyl-tyrosine phosphorylation","0/19","9/3464",0,0,-0.223051763894324,1,1,1,"",0
"GO:0050732","negative regulation of peptidyl-tyrosine phosphorylation","0/19","5/3464",0,0,-0.166156813285022,1,1,1,"",0
"GO:0050746","regulation of lipoprotein metabolic process","0/19","7/3464",0,0,-0.196656254499952,1,1,1,"",0
"GO:0050764","regulation of phagocytosis","0/19","16/3464",0,0,-0.297704086332389,1,1,1,"",0
"GO:0050765","negative regulation of phagocytosis","0/19","6/3464",0,0,-0.182041985591496,1,1,1,"",0
"GO:0050766","positive regulation of phagocytosis","0/19","9/3464",0,0,-0.223051763894324,1,1,1,"",0
"GO:0050768","negative regulation of neurogenesis","0/19","32/3464",0,0,-0.421997407283268,1,1,1,"",0
"GO:0050770","regulation of axonogenesis","0/19","44/3464",0,0,-0.495703195266209,1,1,1,"",0
"GO:0050771","negative regulation of axonogenesis","0/19","17/3464",0,0,-0.306910857143731,1,1,1,"",0
"GO:0050772","positive regulation of axonogenesis","0/19","24/3464",0,0,-0.365035273643728,1,1,1,"",0
"GO:0050777","negative regulation of immune response","0/19","36/3464",0,0,-0.44785690746358,1,1,1,"",0
"GO:0050778","positive regulation of immune response","0/19","130/3464",0,0,-0.862973205587807,1,1,1,"",0
"GO:0050790","regulation of catalytic activity","0/19","115/3464",0,0,-0.809841036220676,1,1,1,"",0
"GO:0050792","regulation of viral process","0/19","33/3464",0,0,-0.428602839616084,1,1,1,"",0
"GO:0050795","regulation of behavior","0/19","14/3464",0,0,-0.278395943846603,1,1,1,"",0
"GO:0050798","activated T cell proliferation","0/19","6/3464",0,0,-0.182041985591496,1,1,1,"",0
"GO:0050805","negative regulation of synaptic transmission","0/19","15/3464",0,0,-0.288208951504192,1,1,1,"",0
"GO:0050806","positive regulation of synaptic transmission","0/19","39/3464",0,0,-0.466348354527256,1,1,1,"",0
"GO:0050810","regulation of steroid biosynthetic process","0/19","15/3464",0,0,-0.288208951504192,1,1,1,"",0
"GO:0050812","regulation of acyl-CoA biosynthetic process","0/19","5/3464",0,0,-0.166156813285022,1,1,1,"",0
"GO:0050818","regulation of coagulation","0/19","5/3464",0,0,-0.166156813285022,1,1,1,"",0
"GO:0050848","regulation of calcium-mediated signaling","0/19","17/3464",0,0,-0.306910857143731,1,1,1,"",0
"GO:0050850","positive regulation of calcium-mediated signaling","0/19","11/3464",0,0,-0.246664407017154,1,1,1,"",0
"GO:0050851","antigen receptor-mediated signaling pathway","0/19","34/3464",0,0,-0.435111770286058,1,1,1,"",0
"GO:0050852","T cell receptor signaling pathway","0/19","27/3464",0,0,-0.387347314334364,1,1,1,"",0
"GO:0050853","B cell receptor signaling pathway","0/19","8/3464",0,0,-0.210264792883586,1,1,1,"",0
"GO:0050854","regulation of antigen receptor-mediated signaling pathway","0/19","15/3464",0,0,-0.288208951504192,1,1,1,"",0
"GO:0050856","regulation of T cell receptor signaling pathway","0/19","13/3464",0,0,-0.268230172957206,1,1,1,"",0
"GO:0050858","negative regulation of antigen receptor-mediated signaling pathway","0/19","11/3464",0,0,-0.246664407017154,1,1,1,"",0
"GO:0050860","negative regulation of T cell receptor signaling pathway","0/19","10/3464",0,0,-0.235151236373825,1,1,1,"",0
"GO:0050866","negative regulation of cell activation","0/19","33/3464",0,0,-0.428602839616084,1,1,1,"",0
"GO:0050868","negative regulation of T cell activation","0/19","25/3464",0,0,-0.372616729405071,1,1,1,"",0
"GO:0050870","positive regulation of T cell activation","0/19","46/3464",0,0,-0.5069922489714,1,1,1,"",0
"GO:0050871","positive regulation of B cell activation","0/19","9/3464",0,0,-0.223051763894324,1,1,1,"",0
"GO:0050873","brown fat cell differentiation","0/19","7/3464",0,0,-0.196656254499952,1,1,1,"",0
"GO:0050879","multicellular organismal movement","0/19","7/3464",0,0,-0.196656254499952,1,1,1,"",0
"GO:0050881","musculoskeletal movement","0/19","7/3464",0,0,-0.196656254499952,1,1,1,"",0
"GO:0050886","endocrine process","0/19","6/3464",0,0,-0.182041985591496,1,1,1,"",0
"GO:0050890","cognition","0/19","52/3464",0,0,-0.53951757143937,1,1,1,"",0
"GO:0050891","multicellular organismal-level water homeostasis","0/19","6/3464",0,0,-0.182041985591496,1,1,1,"",0
"GO:0050900","leukocyte migration","0/19","52/3464",0,0,-0.53951757143937,1,1,1,"",0
"GO:0050905","neuromuscular process","0/19","17/3464",0,0,-0.306910857143731,1,1,1,"",0
"GO:0050906","detection of stimulus involved in sensory perception","0/19","6/3464",0,0,-0.182041985591496,1,1,1,"",0
"GO:0050918","positive chemotaxis","0/19","10/3464",0,0,-0.235151236373825,1,1,1,"",0
"GO:0050919","negative chemotaxis","0/19","10/3464",0,0,-0.235151236373825,1,1,1,"",0
"GO:0050920","regulation of chemotaxis","0/19","36/3464",0,0,-0.44785690746358,1,1,1,"",0
"GO:0050921","positive regulation of chemotaxis","0/19","27/3464",0,0,-0.387347314334364,1,1,1,"",0
"GO:0050922","negative regulation of chemotaxis","0/19","7/3464",0,0,-0.196656254499952,1,1,1,"",0
"GO:0050931","pigment cell differentiation","0/19","7/3464",0,0,-0.196656254499952,1,1,1,"",0
"GO:0050953","sensory perception of light stimulus","0/19","17/3464",0,0,-0.306910857143731,1,1,1,"",0
"GO:0050954","sensory perception of mechanical stimulus","0/19","11/3464",0,0,-0.246664407017154,1,1,1,"",0
"GO:0050982","detection of mechanical stimulus","0/19","8/3464",0,0,-0.210264792883586,1,1,1,"",0
"GO:0050994","regulation of lipid catabolic process","0/19","8/3464",0,0,-0.210264792883586,1,1,1,"",0
"GO:0051014","actin filament severing","0/19","5/3464",0,0,-0.166156813285022,1,1,1,"",0
"GO:0051016","barbed-end actin filament capping","0/19","8/3464",0,0,-0.210264792883586,1,1,1,"",0
"GO:0051043","regulation of membrane protein ectodomain proteolysis","0/19","6/3464",0,0,-0.182041985591496,1,1,1,"",0
"GO:0051048","negative regulation of secretion","0/19","25/3464",0,0,-0.372616729405071,1,1,1,"",0
"GO:0051052","regulation of DNA metabolic process","0/19","131/3464",0,0,-0.866415920941664,1,1,1,"",0
"GO:0051053","negative regulation of DNA metabolic process","0/19","29/3464",0,0,-0.401554097064957,1,1,1,"",0
"GO:0051054","positive regulation of DNA metabolic process","0/19","78/3464",0,0,-0.663303452160091,1,1,1,"",0
"GO:0051055","negative regulation of lipid biosynthetic process","0/19","13/3464",0,0,-0.268230172957206,1,1,1,"",0
"GO:0051057","positive regulation of small GTPase mediated signal transduction","0/19","27/3464",0,0,-0.387347314334364,1,1,1,"",0
"GO:0051098","regulation of binding","0/19","21/3464",0,0,-0.341310437223647,1,1,1,"",0
"GO:0051099","positive regulation of binding","0/19","7/3464",0,0,-0.196656254499952,1,1,1,"",0
"GO:0051100","negative regulation of binding","0/19","10/3464",0,0,-0.235151236373825,1,1,1,"",0
"GO:0051101","regulation of DNA binding","0/19","11/3464",0,0,-0.246664407017154,1,1,1,"",0
"GO:0051123","RNA polymerase II preinitiation complex assembly","0/19","14/3464",0,0,-0.278395943846603,1,1,1,"",0
"GO:0051125","regulation of actin nucleation","0/19","11/3464",0,0,-0.246664407017154,1,1,1,"",0
"GO:0051127","positive regulation of actin nucleation","0/19","6/3464",0,0,-0.182041985591496,1,1,1,"",0
"GO:0051129","negative regulation of cellular component organization","0/19","255/3464",0,0,-1.23195165354,1,1,1,"",0
"GO:0051131","chaperone-mediated protein complex assembly","0/19","12/3464",0,0,-0.257669884406375,1,1,1,"",0
"GO:0051145","smooth muscle cell differentiation","0/19","8/3464",0,0,-0.210264792883586,1,1,1,"",0
"GO:0051146","striated muscle cell differentiation","0/19","70/3464",0,0,-0.627626878368584,1,1,1,"",0
"GO:0051147","regulation of muscle cell differentiation","0/19","24/3464",0,0,-0.365035273643728,1,1,1,"",0
"GO:0051148","negative regulation of muscle cell differentiation","0/19","11/3464",0,0,-0.246664407017154,1,1,1,"",0
"GO:0051149","positive regulation of muscle cell differentiation","0/19","8/3464",0,0,-0.210264792883586,1,1,1,"",0
"GO:0051150","regulation of smooth muscle cell differentiation","0/19","6/3464",0,0,-0.182041985591496,1,1,1,"",0
"GO:0051153","regulation of striated muscle cell differentiation","0/19","12/3464",0,0,-0.257669884406375,1,1,1,"",0
"GO:0051154","negative regulation of striated muscle cell differentiation","0/19","5/3464",0,0,-0.166156813285022,1,1,1,"",0
"GO:0051168","nuclear export","0/19","64/3464",0,0,-0.599596323978765,1,1,1,"",0
"GO:0051174","regulation of phosphorus metabolic process","0/19","149/3464",0,0,-0.92653067227169,1,1,1,"",0
"GO:0051177","meiotic sister chromatid cohesion","0/19","5/3464",0,0,-0.166156813285022,1,1,1,"",0
"GO:0051204","protein insertion into mitochondrial membrane","0/19","7/3464",0,0,-0.196656254499952,1,1,1,"",0
"GO:0051205","protein insertion into membrane","0/19","16/3464",0,0,-0.297704086332389,1,1,1,"",0
"GO:0051216","cartilage development","0/19","20/3464",0,0,-0.333036519803188,1,1,1,"",0
"GO:0051224","negative regulation of protein transport","0/19","22/3464",0,0,-0.34939311326674,1,1,1,"",0
"GO:0051235","maintenance of location","0/19","23/3464",0,0,-0.357297530736516,1,1,1,"",0
"GO:0051241","negative regulation of multicellular organismal process","0/19","185/3464",0,0,-1.0380627068862,1,1,1,"",0
"GO:0051247","positive regulation of protein metabolic process","0/19","221/3464",0,0,-1.14085669573256,1,1,1,"",0
"GO:0051250","negative regulation of lymphocyte activation","0/19","27/3464",0,0,-0.387347314334364,1,1,1,"",0
"GO:0051251","positive regulation of lymphocyte activation","0/19","55/3464",0,0,-0.555106454681407,1,1,1,"",0
"GO:0051261","protein depolymerization","0/19","46/3464",0,0,-0.5069922489714,1,1,1,"",0
"GO:0051279","regulation of release of sequestered calcium ion into cytosol","0/19","13/3464",0,0,-0.268230172957206,1,1,1,"",0
"GO:0051290","protein heterotetramerization","0/19","9/3464",0,0,-0.223051763894324,1,1,1,"",0
"GO:0051291","protein heterooligomerization","0/19","12/3464",0,0,-0.257669884406375,1,1,1,"",0
"GO:0051292","nuclear pore complex assembly","0/19","5/3464",0,0,-0.166156813285022,1,1,1,"",0
"GO:0051293","establishment of spindle localization","0/19","15/3464",0,0,-0.288208951504192,1,1,1,"",0
"GO:0051294","establishment of spindle orientation","0/19","10/3464",0,0,-0.235151236373825,1,1,1,"",0
"GO:0051298","centrosome duplication","0/19","20/3464",0,0,-0.333036519803188,1,1,1,"",0
"GO:0051299","centrosome separation","0/19","5/3464",0,0,-0.166156813285022,1,1,1,"",0
"GO:0051301","cell division","0/19","184/3464",0,0,-1.03509550536581,1,1,1,"",0
"GO:0051302","regulation of cell division","0/19","47/3464",0,0,-0.512548388858327,1,1,1,"",0
"GO:0051304","chromosome separation","0/19","27/3464",0,0,-0.387347314334364,1,1,1,"",0
"GO:0051306","mitotic sister chromatid separation","0/19","21/3464",0,0,-0.341310437223647,1,1,1,"",0
"GO:0051310","metaphase chromosome alignment","0/19","24/3464",0,0,-0.365035273643728,1,1,1,"",0
"GO:0051321","meiotic cell cycle","0/19","41/3464",0,0,-0.478296179566983,1,1,1,"",0
"GO:0051336","regulation of hydrolase activity","0/19","38/3464",0,0,-0.46026351744214,1,1,1,"",0
"GO:0051338","regulation of transferase activity","0/19","70/3464",0,0,-0.627626878368584,1,1,1,"",0
"GO:0051345","positive regulation of hydrolase activity","0/19","24/3464",0,0,-0.365035273643728,1,1,1,"",0
"GO:0051346","negative regulation of hydrolase activity","0/19","5/3464",0,0,-0.166156813285022,1,1,1,"",0
"GO:0051382","kinetochore assembly","0/19","8/3464",0,0,-0.210264792883586,1,1,1,"",0
"GO:0051383","kinetochore organization","0/19","8/3464",0,0,-0.210264792883586,1,1,1,"",0
"GO:0051385","response to mineralocorticoid","0/19","9/3464",0,0,-0.223051763894324,1,1,1,"",0
"GO:0051386","regulation of neurotrophin TRK receptor signaling pathway","0/19","5/3464",0,0,-0.166156813285022,1,1,1,"",0
"GO:0051402","neuron apoptotic process","0/19","64/3464",0,0,-0.599596323978765,1,1,1,"",0
"GO:0051403","stress-activated MAPK cascade","0/19","16/3464",0,0,-0.297704086332389,1,1,1,"",0
"GO:0051412","response to corticosterone","0/19","6/3464",0,0,-0.182041985591496,1,1,1,"",0
"GO:0051445","regulation of meiotic cell cycle","0/19","11/3464",0,0,-0.246664407017154,1,1,1,"",0
"GO:0051450","myoblast proliferation","0/19","6/3464",0,0,-0.182041985591496,1,1,1,"",0
"GO:0051452","intracellular pH reduction","0/19","23/3464",0,0,-0.357297530736516,1,1,1,"",0
"GO:0051453","regulation of intracellular pH","0/19","32/3464",0,0,-0.421997407283268,1,1,1,"",0
"GO:0051457","maintenance of protein location in nucleus","0/19","8/3464",0,0,-0.210264792883586,1,1,1,"",0
"GO:0051480","regulation of cytosolic calcium ion concentration","0/19","6/3464",0,0,-0.182041985591496,1,1,1,"",0
"GO:0051489","regulation of filopodium assembly","0/19","18/3464",0,0,-0.31585448576581,1,1,1,"",0
"GO:0051491","positive regulation of filopodium assembly","0/19","13/3464",0,0,-0.268230172957206,1,1,1,"",0
"GO:0051492","regulation of stress fiber assembly","0/19","24/3464",0,0,-0.365035273643728,1,1,1,"",0
"GO:0051494","negative regulation of cytoskeleton organization","0/19","46/3464",0,0,-0.5069922489714,1,1,1,"",0
"GO:0051496","positive regulation of stress fiber assembly","0/19","13/3464",0,0,-0.268230172957206,1,1,1,"",0
"GO:0051497","negative regulation of stress fiber assembly","0/19","8/3464",0,0,-0.210264792883586,1,1,1,"",0
"GO:0051503","adenine nucleotide transport","0/19","7/3464",0,0,-0.196656254499952,1,1,1,"",0
"GO:0051546","keratinocyte migration","0/19","5/3464",0,0,-0.166156813285022,1,1,1,"",0
"GO:0051547","regulation of keratinocyte migration","0/19","5/3464",0,0,-0.166156813285022,1,1,1,"",0
"GO:0051560","mitochondrial calcium ion homeostasis","0/19","6/3464",0,0,-0.182041985591496,1,1,1,"",0
"GO:0051588","regulation of neurotransmitter transport","0/19","26/3464",0,0,-0.380051254953769,1,1,1,"",0
"GO:0051590","positive regulation of neurotransmitter transport","0/19","7/3464",0,0,-0.196656254499952,1,1,1,"",0
"GO:0051592","response to calcium ion","0/19","35/3464",0,0,-0.441528470388438,1,1,1,"",0
"GO:0051602","response to electrical stimulus","0/19","7/3464",0,0,-0.196656254499952,1,1,1,"",0
"GO:0051606","detection of stimulus","0/19","29/3464",0,0,-0.401554097064957,1,1,1,"",0
"GO:0051607","defense response to virus","0/19","50/3464",0,0,-0.528885519978056,1,1,1,"",0
"GO:0051639","actin filament network formation","0/19","5/3464",0,0,-0.166156813285022,1,1,1,"",0
"GO:0051640","organelle localization","0/19","218/3464",0,0,-1.13256313755086,1,1,1,"",0
"GO:0051642","centrosome localization","0/19","9/3464",0,0,-0.223051763894324,1,1,1,"",0
"GO:0051645","Golgi localization","0/19","9/3464",0,0,-0.223051763894324,1,1,1,"",0
"GO:0051646","mitochondrion localization","0/19","31/3464",0,0,-0.415290865128321,1,1,1,"",0
"GO:0051647","nucleus localization","0/19","10/3464",0,0,-0.235151236373825,1,1,1,"",0
"GO:0051648","vesicle localization","0/19","102/3464",0,0,-0.761219078406715,1,1,1,"",0
"GO:0051650","establishment of vesicle localization","0/19","96/3464",0,0,-0.737832885904999,1,1,1,"",0
"GO:0051651","maintenance of location in cell","0/19","23/3464",0,0,-0.357297530736516,1,1,1,"",0
"GO:0051653","spindle localization","0/19","15/3464",0,0,-0.288208951504192,1,1,1,"",0
"GO:0051654","establishment of mitochondrion localization","0/19","21/3464",0,0,-0.341310437223647,1,1,1,"",0
"GO:0051656","establishment of organelle localization","0/19","160/3464",0,0,-0.961719462716797,1,1,1,"",0
"GO:0051683","establishment of Golgi localization","0/19","6/3464",0,0,-0.182041985591496,1,1,1,"",0
"GO:0051693","actin filament capping","0/19","14/3464",0,0,-0.278395943846603,1,1,1,"",0
"GO:0051701","biological process involved in interaction with host","0/19","49/3464",0,0,-0.523493289707436,1,1,1,"",0
"GO:0051703","biological process involved in intraspecies interaction between organisms","0/19","6/3464",0,0,-0.182041985591496,1,1,1,"",0
"GO:0051707","response to other organism","0/19","254/3464",0,0,-1.22934215811166,1,1,1,"",0
"GO:0051781","positive regulation of cell division","0/19","17/3464",0,0,-0.306910857143731,1,1,1,"",0
"GO:0051783","regulation of nuclear division","0/19","28/3464",0,0,-0.394512593545314,1,1,1,"",0
"GO:0051784","negative regulation of nuclear division","0/19","16/3464",0,0,-0.297704086332389,1,1,1,"",0
"GO:0051785","positive regulation of nuclear division","0/19","8/3464",0,0,-0.210264792883586,1,1,1,"",0
"GO:0051788","response to misfolded protein","0/19","6/3464",0,0,-0.182041985591496,1,1,1,"",0
"GO:0051851","host-mediated perturbation of symbiont process","0/19","28/3464",0,0,-0.394512593545314,1,1,1,"",0
"GO:0051865","protein autoubiquitination","0/19","29/3464",0,0,-0.401554097064957,1,1,1,"",0
"GO:0051875","pigment granule localization","0/19","10/3464",0,0,-0.235151236373825,1,1,1,"",0
"GO:0051881","regulation of mitochondrial membrane potential","0/19","19/3464",0,0,-0.324556731049388,1,1,1,"",0
"GO:0051893","regulation of focal adhesion assembly","0/19","29/3464",0,0,-0.401554097064957,1,1,1,"",0
"GO:0051894","positive regulation of focal adhesion assembly","0/19","12/3464",0,0,-0.257669884406375,1,1,1,"",0
"GO:0051895","negative regulation of focal adhesion assembly","0/19","6/3464",0,0,-0.182041985591496,1,1,1,"",0
"GO:0051896","regulation of phosphatidylinositol 3-kinase/protein kinase B signal transduction","0/19","46/3464",0,0,-0.5069922489714,1,1,1,"",0
"GO:0051897","positive regulation of phosphatidylinositol 3-kinase/protein kinase B signal transduction","0/19","36/3464",0,0,-0.44785690746358,1,1,1,"",0
"GO:0051898","negative regulation of phosphatidylinositol 3-kinase/protein kinase B signal transduction","0/19","9/3464",0,0,-0.223051763894324,1,1,1,"",0
"GO:0051899","membrane depolarization","0/19","15/3464",0,0,-0.288208951504192,1,1,1,"",0
"GO:0051904","pigment granule transport","0/19","9/3464",0,0,-0.223051763894324,1,1,1,"",0
"GO:0051905","establishment of pigment granule localization","0/19","10/3464",0,0,-0.235151236373825,1,1,1,"",0
"GO:0051924","regulation of calcium ion transport","0/19","38/3464",0,0,-0.46026351744214,1,1,1,"",0
"GO:0051926","negative regulation of calcium ion transport","0/19","10/3464",0,0,-0.235151236373825,1,1,1,"",0
"GO:0051928","positive regulation of calcium ion transport","0/19","12/3464",0,0,-0.257669884406375,1,1,1,"",0
"GO:0051932","synaptic transmission, GABAergic","0/19","7/3464",0,0,-0.196656254499952,1,1,1,"",0
"GO:0051937","catecholamine transport","0/19","8/3464",0,0,-0.210264792883586,1,1,1,"",0
"GO:0051938","L-glutamate import","0/19","13/3464",0,0,-0.268230172957206,1,1,1,"",0
"GO:0051952","regulation of amine transport","0/19","13/3464",0,0,-0.268230172957206,1,1,1,"",0
"GO:0051953","negative regulation of amine transport","0/19","6/3464",0,0,-0.182041985591496,1,1,1,"",0
"GO:0051954","positive regulation of amine transport","0/19","9/3464",0,0,-0.223051763894324,1,1,1,"",0
"GO:0051955","regulation of amino acid transport","0/19","10/3464",0,0,-0.235151236373825,1,1,1,"",0
"GO:0051957","positive regulation of amino acid transport","0/19","8/3464",0,0,-0.210264792883586,1,1,1,"",0
"GO:0051961","negative regulation of nervous system development","0/19","34/3464",0,0,-0.435111770286058,1,1,1,"",0
"GO:0051963","regulation of synapse assembly","0/19","56/3464",0,0,-0.560212317594344,1,1,1,"",0
"GO:0051965","positive regulation of synapse assembly","0/19","13/3464",0,0,-0.268230172957206,1,1,1,"",0
"GO:0051966","regulation of synaptic transmission, glutamatergic","0/19","17/3464",0,0,-0.306910857143731,1,1,1,"",0
"GO:0051968","positive regulation of synaptic transmission, glutamatergic","0/19","7/3464",0,0,-0.196656254499952,1,1,1,"",0
"GO:0051983","regulation of chromosome segregation","0/19","44/3464",0,0,-0.495703195266209,1,1,1,"",0
"GO:0051984","positive regulation of chromosome segregation","0/19","7/3464",0,0,-0.196656254499952,1,1,1,"",0
"GO:0051985","negative regulation of chromosome segregation","0/19","16/3464",0,0,-0.297704086332389,1,1,1,"",0
"GO:0052372","modulation by symbiont of entry into host","0/19","6/3464",0,0,-0.182041985591496,1,1,1,"",0
"GO:0052652","cyclic purine nucleotide metabolic process","0/19","5/3464",0,0,-0.166156813285022,1,1,1,"",0
"GO:0055001","muscle cell development","0/19","27/3464",0,0,-0.387347314334364,1,1,1,"",0
"GO:0055002","striated muscle cell development","0/19","20/3464",0,0,-0.333036519803188,1,1,1,"",0
"GO:0055006","cardiac cell development","0/19","11/3464",0,0,-0.246664407017154,1,1,1,"",0
"GO:0055007","cardiac muscle cell differentiation","0/19","15/3464",0,0,-0.288208951504192,1,1,1,"",0
"GO:0055013","cardiac muscle cell development","0/19","9/3464",0,0,-0.223051763894324,1,1,1,"",0
"GO:0055017","cardiac muscle tissue growth","0/19","10/3464",0,0,-0.235151236373825,1,1,1,"",0
"GO:0055021","regulation of cardiac muscle tissue growth","0/19","7/3464",0,0,-0.196656254499952,1,1,1,"",0
"GO:0055057","neuroblast division","0/19","6/3464",0,0,-0.182041985591496,1,1,1,"",0
"GO:0055070","copper ion homeostasis","0/19","6/3464",0,0,-0.182041985591496,1,1,1,"",0
"GO:0055074","calcium ion homeostasis","0/19","33/3464",0,0,-0.428602839616084,1,1,1,"",0
"GO:0055088","lipid homeostasis","0/19","29/3464",0,0,-0.401554097064957,1,1,1,"",0
"GO:0055090","acylglycerol homeostasis","0/19","6/3464",0,0,-0.182041985591496,1,1,1,"",0
"GO:0055092","sterol homeostasis","0/19","12/3464",0,0,-0.257669884406375,1,1,1,"",0
"GO:0055094","response to lipoprotein particle","0/19","8/3464",0,0,-0.210264792883586,1,1,1,"",0
"GO:0055117","regulation of cardiac muscle contraction","0/19","18/3464",0,0,-0.31585448576581,1,1,1,"",0
"GO:0055119","relaxation of cardiac muscle","0/19","7/3464",0,0,-0.196656254499952,1,1,1,"",0
"GO:0055123","digestive system development","0/19","9/3464",0,0,-0.223051763894324,1,1,1,"",0
"GO:0060038","cardiac muscle cell proliferation","0/19","7/3464",0,0,-0.196656254499952,1,1,1,"",0
"GO:0060041","retina development in camera-type eye","0/19","23/3464",0,0,-0.357297530736516,1,1,1,"",0
"GO:0060042","retina morphogenesis in camera-type eye","0/19","8/3464",0,0,-0.210264792883586,1,1,1,"",0
"GO:0060070","canonical Wnt signaling pathway","0/19","72/3464",0,0,-0.63671746050925,1,1,1,"",0
"GO:0060071","Wnt signaling pathway, planar cell polarity pathway","0/19","7/3464",0,0,-0.196656254499952,1,1,1,"",0
"GO:0060113","inner ear receptor cell differentiation","0/19","5/3464",0,0,-0.166156813285022,1,1,1,"",0
"GO:0060142","regulation of syncytium formation by plasma membrane fusion","0/19","42/3464",0,0,-0.484164648131792,1,1,1,"",0
"GO:0060147","regulation of post-transcriptional gene silencing","0/19","13/3464",0,0,-0.268230172957206,1,1,1,"",0
"GO:0060148","positive regulation of post-transcriptional gene silencing","0/19","7/3464",0,0,-0.196656254499952,1,1,1,"",0
"GO:0060155","platelet dense granule organization","0/19","9/3464",0,0,-0.223051763894324,1,1,1,"",0
"GO:0060173","limb development","0/19","15/3464",0,0,-0.288208951504192,1,1,1,"",0
"GO:0060211","regulation of nuclear-transcribed mRNA poly(A) tail shortening","0/19","6/3464",0,0,-0.182041985591496,1,1,1,"",0
"GO:0060213","positive regulation of nuclear-transcribed mRNA poly(A) tail shortening","0/19","6/3464",0,0,-0.182041985591496,1,1,1,"",0
"GO:0060218","hematopoietic stem cell differentiation","0/19","12/3464",0,0,-0.257669884406375,1,1,1,"",0
"GO:0060236","regulation of mitotic spindle organization","0/19","16/3464",0,0,-0.297704086332389,1,1,1,"",0
"GO:0060251","regulation of glial cell proliferation","0/19","6/3464",0,0,-0.182041985591496,1,1,1,"",0
"GO:0060259","regulation of feeding behavior","0/19","5/3464",0,0,-0.166156813285022,1,1,1,"",0
"GO:0060260","regulation of transcription initiation by RNA polymerase II","0/19","24/3464",0,0,-0.365035273643728,1,1,1,"",0
"GO:0060261","positive regulation of transcription initiation by RNA polymerase II","0/19","17/3464",0,0,-0.306910857143731,1,1,1,"",0
"GO:0060285","cilium-dependent cell motility","0/19","25/3464",0,0,-0.372616729405071,1,1,1,"",0
"GO:0060291","long-term synaptic potentiation","0/19","23/3464",0,0,-0.357297530736516,1,1,1,"",0
"GO:0060292","long-term synaptic depression","0/19","8/3464",0,0,-0.210264792883586,1,1,1,"",0
"GO:0060294","cilium movement involved in cell motility","0/19","24/3464",0,0,-0.365035273643728,1,1,1,"",0
"GO:0060323","head morphogenesis","0/19","6/3464",0,0,-0.182041985591496,1,1,1,"",0
"GO:0060324","face development","0/19","5/3464",0,0,-0.166156813285022,1,1,1,"",0
"GO:0060325","face morphogenesis","0/19","5/3464",0,0,-0.166156813285022,1,1,1,"",0
"GO:0060326","cell chemotaxis","0/19","39/3464",0,0,-0.466348354527256,1,1,1,"",0
"GO:0060333","type II interferon-mediated signaling pathway","0/19","6/3464",0,0,-0.182041985591496,1,1,1,"",0
"GO:0060337","type I interferon-mediated signaling pathway","0/19","19/3464",0,0,-0.324556731049388,1,1,1,"",0
"GO:0060338","regulation of type I interferon-mediated signaling pathway","0/19","13/3464",0,0,-0.268230172957206,1,1,1,"",0
"GO:0060339","negative regulation of type I interferon-mediated signaling pathway","0/19","6/3464",0,0,-0.182041985591496,1,1,1,"",0
"GO:0060348","bone development","0/19","21/3464",0,0,-0.341310437223647,1,1,1,"",0
"GO:0060349","bone morphogenesis","0/19","7/3464",0,0,-0.196656254499952,1,1,1,"",0
"GO:0060350","endochondral bone morphogenesis","0/19","5/3464",0,0,-0.166156813285022,1,1,1,"",0
"GO:0060368","regulation of Fc receptor mediated stimulatory signaling pathway","0/19","5/3464",0,0,-0.166156813285022,1,1,1,"",0
"GO:0060382","regulation of DNA strand elongation","0/19","5/3464",0,0,-0.166156813285022,1,1,1,"",0
"GO:0060390","regulation of SMAD protein signal transduction","0/19","9/3464",0,0,-0.223051763894324,1,1,1,"",0
"GO:0060391","positive regulation of SMAD protein signal transduction","0/19","6/3464",0,0,-0.182041985591496,1,1,1,"",0
"GO:0060395","SMAD protein signal transduction","0/19","18/3464",0,0,-0.31585448576581,1,1,1,"",0
"GO:0060396","growth hormone receptor signaling pathway","0/19","6/3464",0,0,-0.182041985591496,1,1,1,"",0
"GO:0060402","calcium ion transport into cytosol","0/19","5/3464",0,0,-0.166156813285022,1,1,1,"",0
"GO:0060411","cardiac septum morphogenesis","0/19","7/3464",0,0,-0.196656254499952,1,1,1,"",0
"GO:0060412","ventricular septum morphogenesis","0/19","6/3464",0,0,-0.182041985591496,1,1,1,"",0
"GO:0060416","response to growth hormone","0/19","9/3464",0,0,-0.223051763894324,1,1,1,"",0
"GO:0060419","heart growth","0/19","12/3464",0,0,-0.257669884406375,1,1,1,"",0
"GO:0060420","regulation of heart growth","0/19","9/3464",0,0,-0.223051763894324,1,1,1,"",0
"GO:0060491","regulation of cell projection assembly","0/19","67/3464",0,0,-0.61375926496322,1,1,1,"",0
"GO:0060537","muscle tissue development","0/19","50/3464",0,0,-0.528885519978056,1,1,1,"",0
"GO:0060538","skeletal muscle organ development","0/19","26/3464",0,0,-0.380051254953769,1,1,1,"",0
"GO:0060541","respiratory system development","0/19","10/3464",0,0,-0.235151236373825,1,1,1,"",0
"GO:0060544","regulation of necroptotic process","0/19","6/3464",0,0,-0.182041985591496,1,1,1,"",0
"GO:0060562","epithelial tube morphogenesis","0/19","30/3464",0,0,-0.408478229509318,1,1,1,"",0
"GO:0060563","neuroepithelial cell differentiation","0/19","5/3464",0,0,-0.166156813285022,1,1,1,"",0
"GO:0060566","positive regulation of termination of DNA-templated transcription","0/19","5/3464",0,0,-0.166156813285022,1,1,1,"",0
"GO:0060606","tube closure","0/19","9/3464",0,0,-0.223051763894324,1,1,1,"",0
"GO:0060612","adipose tissue development","0/19","17/3464",0,0,-0.306910857143731,1,1,1,"",0
"GO:0060627","regulation of vesicle-mediated transport","0/19","168/3464",0,0,-0.986664431454444,1,1,1,"",0
"GO:0060628","regulation of ER to Golgi vesicle-mediated transport","0/19","11/3464",0,0,-0.246664407017154,1,1,1,"",0
"GO:0060632","regulation of microtubule-based movement","0/19","9/3464",0,0,-0.223051763894324,1,1,1,"",0
"GO:0060633","negative regulation of transcription initiation by RNA polymerase II","0/19","7/3464",0,0,-0.196656254499952,1,1,1,"",0
"GO:0060674","placenta blood vessel development","0/19","5/3464",0,0,-0.166156813285022,1,1,1,"",0
"GO:0060688","regulation of morphogenesis of a branching structure","0/19","9/3464",0,0,-0.223051763894324,1,1,1,"",0
"GO:0060760","positive regulation of response to cytokine stimulus","0/19","14/3464",0,0,-0.278395943846603,1,1,1,"",0
"GO:0060765","regulation of androgen receptor signaling pathway","0/19","12/3464",0,0,-0.257669884406375,1,1,1,"",0
"GO:0060766","negative regulation of androgen receptor signaling pathway","0/19","5/3464",0,0,-0.166156813285022,1,1,1,"",0
"GO:0060816","random inactivation of X chromosome","0/19","7/3464",0,0,-0.196656254499952,1,1,1,"",0
"GO:0060828","regulation of canonical Wnt signaling pathway","0/19","67/3464",0,0,-0.61375926496322,1,1,1,"",0
"GO:0060840","artery development","0/19","13/3464",0,0,-0.268230172957206,1,1,1,"",0
"GO:0060964","regulation of miRNA-mediated gene silencing","0/19","13/3464",0,0,-0.268230172957206,1,1,1,"",0
"GO:0060966","regulation of gene silencing by regulatory ncRNA","0/19","15/3464",0,0,-0.288208951504192,1,1,1,"",0
"GO:0060972","left/right pattern formation","0/19","14/3464",0,0,-0.278395943846603,1,1,1,"",0
"GO:0060993","kidney morphogenesis","0/19","9/3464",0,0,-0.223051763894324,1,1,1,"",0
"GO:0061000","negative regulation of dendritic spine development","0/19","5/3464",0,0,-0.166156813285022,1,1,1,"",0
"GO:0061005","cell differentiation involved in kidney development","0/19","9/3464",0,0,-0.223051763894324,1,1,1,"",0
"GO:0061008","hepaticobiliary system development","0/19","16/3464",0,0,-0.297704086332389,1,1,1,"",0
"GO:0061025","membrane fusion","0/19","59/3464",0,0,-0.575275503001756,1,1,1,"",0
"GO:0061028","establishment of endothelial barrier","0/19","10/3464",0,0,-0.235151236373825,1,1,1,"",0
"GO:0061035","regulation of cartilage development","0/19","8/3464",0,0,-0.210264792883586,1,1,1,"",0
"GO:0061041","regulation of wound healing","0/19","18/3464",0,0,-0.31585448576581,1,1,1,"",0
"GO:0061045","negative regulation of wound healing","0/19","9/3464",0,0,-0.223051763894324,1,1,1,"",0
"GO:0061081","positive regulation of myeloid leukocyte cytokine production involved in immune response","0/19","5/3464",0,0,-0.166156813285022,1,1,1,"",0
"GO:0061082","myeloid leukocyte cytokine production","0/19","5/3464",0,0,-0.166156813285022,1,1,1,"",0
"GO:0061136","regulation of proteasomal protein catabolic process","0/19","91/3464",0,0,-0.717828932270627,1,1,1,"",0
"GO:0061138","morphogenesis of a branching epithelium","0/19","10/3464",0,0,-0.235151236373825,1,1,1,"",0
"GO:0061154","endothelial tube morphogenesis","0/19","7/3464",0,0,-0.196656254499952,1,1,1,"",0
"GO:0061162","establishment of monopolar cell polarity","0/19","5/3464",0,0,-0.166156813285022,1,1,1,"",0
"GO:0061180","mammary gland epithelium development","0/19","7/3464",0,0,-0.196656254499952,1,1,1,"",0
"GO:0061245","establishment or maintenance of bipolar cell polarity","0/19","8/3464",0,0,-0.210264792883586,1,1,1,"",0
"GO:0061318","renal filtration cell differentiation","0/19","6/3464",0,0,-0.182041985591496,1,1,1,"",0
"GO:0061326","renal tubule development","0/19","10/3464",0,0,-0.235151236373825,1,1,1,"",0
"GO:0061333","renal tubule morphogenesis","0/19","7/3464",0,0,-0.196656254499952,1,1,1,"",0
"GO:0061339","establishment or maintenance of monopolar cell polarity","0/19","5/3464",0,0,-0.166156813285022,1,1,1,"",0
"GO:0061371","determination of heart left/right asymmetry","0/19","6/3464",0,0,-0.182041985591496,1,1,1,"",0
"GO:0061383","trabecula morphogenesis","0/19","5/3464",0,0,-0.166156813285022,1,1,1,"",0
"GO:0061448","connective tissue development","0/19","39/3464",0,0,-0.466348354527256,1,1,1,"",0
"GO:0061462","protein localization to lysosome","0/19","22/3464",0,0,-0.34939311326674,1,1,1,"",0
"GO:0061512","protein localization to cilium","0/19","31/3464",0,0,-0.415290865128321,1,1,1,"",0
"GO:0061614","miRNA transcription","0/19","20/3464",0,0,-0.333036519803188,1,1,1,"",0
"GO:0061635","regulation of protein complex stability","0/19","7/3464",0,0,-0.196656254499952,1,1,1,"",0
"GO:0061640","cytoskeleton-dependent cytokinesis","0/19","43/3464",0,0,-0.489966202580668,1,1,1,"",0
"GO:0061684","chaperone-mediated autophagy","0/19","8/3464",0,0,-0.210264792883586,1,1,1,"",0
"GO:0061709","reticulophagy","0/19","11/3464",0,0,-0.246664407017154,1,1,1,"",0
"GO:0061723","glycophagy","0/19","6/3464",0,0,-0.182041985591496,1,1,1,"",0
"GO:0061734","type 2 mitophagy","0/19","8/3464",0,0,-0.210264792883586,1,1,1,"",0
"GO:0061756","leukocyte adhesion to vascular endothelial cell","0/19","8/3464",0,0,-0.210264792883586,1,1,1,"",0
"GO:0061795","Golgi lumen acidification","0/19","8/3464",0,0,-0.210264792883586,1,1,1,"",0
"GO:0061842","microtubule organizing center localization","0/19","9/3464",0,0,-0.223051763894324,1,1,1,"",0
"GO:0061844","antimicrobial humoral immune response mediated by antimicrobial peptide","0/19","6/3464",0,0,-0.182041985591496,1,1,1,"",0
"GO:0061900","glial cell activation","0/19","9/3464",0,0,-0.223051763894324,1,1,1,"",0
"GO:0061909","autophagosome-lysosome fusion","0/19","9/3464",0,0,-0.223051763894324,1,1,1,"",0
"GO:0061919","process utilizing autophagic mechanism","0/19","243/3464",0,0,-1.2003729702747,1,1,1,"",0
"GO:0061951","establishment of protein localization to plasma membrane","0/19","25/3464",0,0,-0.372616729405071,1,1,1,"",0
"GO:0061952","midbody abscission","0/19","7/3464",0,0,-0.196656254499952,1,1,1,"",0
"GO:0061982","meiosis I cell cycle process","0/19","9/3464",0,0,-0.223051763894324,1,1,1,"",0
"GO:0062012","regulation of small molecule metabolic process","0/19","77/3464",0,0,-0.65894049436606,1,1,1,"",0
"GO:0062013","positive regulation of small molecule metabolic process","0/19","44/3464",0,0,-0.495703195266209,1,1,1,"",0
"GO:0062014","negative regulation of small molecule metabolic process","0/19","19/3464",0,0,-0.324556731049388,1,1,1,"",0
"GO:0062028","regulation of stress granule assembly","0/19","6/3464",0,0,-0.182041985591496,1,1,1,"",0
"GO:0062098","regulation of programmed necrotic cell death","0/19","7/3464",0,0,-0.196656254499952,1,1,1,"",0
"GO:0062125","regulation of mitochondrial gene expression","0/19","5/3464",0,0,-0.166156813285022,1,1,1,"",0
"GO:0062176","R-loop processing","0/19","6/3464",0,0,-0.182041985591496,1,1,1,"",0
"GO:0062207","regulation of pattern recognition receptor signaling pathway","0/19","49/3464",0,0,-0.523493289707436,1,1,1,"",0
"GO:0062208","positive regulation of pattern recognition receptor signaling pathway","0/19","18/3464",0,0,-0.31585448576581,1,1,1,"",0
"GO:0065002","intracellular protein transmembrane transport","0/19","14/3464",0,0,-0.278395943846603,1,1,1,"",0
"GO:0065004","protein-DNA complex assembly","0/19","46/3464",0,0,-0.5069922489714,1,1,1,"",0
"GO:0065005","protein-lipid complex assembly","0/19","5/3464",0,0,-0.166156813285022,1,1,1,"",0
"GO:0065009","regulation of molecular function","0/19","153/3464",0,0,-0.939451919604339,1,1,1,"",0
"GO:0070050","neuron cellular homeostasis","0/19","19/3464",0,0,-0.324556731049388,1,1,1,"",0
"GO:0070059","intrinsic apoptotic signaling pathway in response to endoplasmic reticulum stress","0/19","17/3464",0,0,-0.306910857143731,1,1,1,"",0
"GO:0070086","ubiquitin-dependent endocytosis","0/19","5/3464",0,0,-0.166156813285022,1,1,1,"",0
"GO:0070098","chemokine-mediated signaling pathway","0/19","7/3464",0,0,-0.196656254499952,1,1,1,"",0
"GO:0070102","interleukin-6-mediated signaling pathway","0/19","5/3464",0,0,-0.166156813285022,1,1,1,"",0
"GO:0070142","synaptic vesicle budding","0/19","5/3464",0,0,-0.166156813285022,1,1,1,"",0
"GO:0070167","regulation of biomineral tissue development","0/19","13/3464",0,0,-0.268230172957206,1,1,1,"",0
"GO:0070169","positive regulation of biomineral tissue development","0/19","10/3464",0,0,-0.235151236373825,1,1,1,"",0
"GO:0070199","establishment of protein localization to chromosome","0/19","7/3464",0,0,-0.196656254499952,1,1,1,"",0
"GO:0070200","establishment of protein localization to telomere","0/19","5/3464",0,0,-0.166156813285022,1,1,1,"",0
"GO:0070227","lymphocyte apoptotic process","0/19","8/3464",0,0,-0.210264792883586,1,1,1,"",0
"GO:0070228","regulation of lymphocyte apoptotic process","0/19","5/3464",0,0,-0.166156813285022,1,1,1,"",0
"GO:0070266","necroptotic process","0/19","8/3464",0,0,-0.210264792883586,1,1,1,"",0
"GO:0070296","sarcoplasmic reticulum calcium ion transport","0/19","10/3464",0,0,-0.235151236373825,1,1,1,"",0
"GO:0070301","cellular response to hydrogen peroxide","0/19","16/3464",0,0,-0.297704086332389,1,1,1,"",0
"GO:0070302","regulation of stress-activated protein kinase signaling cascade","0/19","13/3464",0,0,-0.268230172957206,1,1,1,"",0
"GO:0070304","positive regulation of stress-activated protein kinase signaling cascade","0/19","8/3464",0,0,-0.210264792883586,1,1,1,"",0
"GO:0070306","lens fiber cell differentiation","0/19","7/3464",0,0,-0.196656254499952,1,1,1,"",0
"GO:0070316","regulation of G0 to G1 transition","0/19","12/3464",0,0,-0.257669884406375,1,1,1,"",0
"GO:0070328","triglyceride homeostasis","0/19","6/3464",0,0,-0.182041985591496,1,1,1,"",0
"GO:0070341","fat cell proliferation","0/19","5/3464",0,0,-0.166156813285022,1,1,1,"",0
"GO:0070372","regulation of ERK1 and ERK2 cascade","0/19","43/3464",0,0,-0.489966202580668,1,1,1,"",0
"GO:0070373","negative regulation of ERK1 and ERK2 cascade","0/19","15/3464",0,0,-0.288208951504192,1,1,1,"",0
"GO:0070374","positive regulation of ERK1 and ERK2 cascade","0/19","25/3464",0,0,-0.372616729405071,1,1,1,"",0
"GO:0070498","interleukin-1-mediated signaling pathway","0/19","6/3464",0,0,-0.182041985591496,1,1,1,"",0
"GO:0070509","calcium ion import","0/19","9/3464",0,0,-0.223051763894324,1,1,1,"",0
"GO:0070534","protein K63-linked ubiquitination","0/19","22/3464",0,0,-0.34939311326674,1,1,1,"",0
"GO:0070536","protein K63-linked deubiquitination","0/19","8/3464",0,0,-0.210264792883586,1,1,1,"",0
"GO:0070542","response to fatty acid","0/19","6/3464",0,0,-0.182041985591496,1,1,1,"",0
"GO:0070555","response to interleukin-1","0/19","19/3464",0,0,-0.324556731049388,1,1,1,"",0
"GO:0070570","regulation of neuron projection regeneration","0/19","6/3464",0,0,-0.182041985591496,1,1,1,"",0
"GO:0070571","negative regulation of neuron projection regeneration","0/19","5/3464",0,0,-0.166156813285022,1,1,1,"",0
"GO:0070585","protein localization to mitochondrion","0/19","52/3464",0,0,-0.53951757143937,1,1,1,"",0
"GO:0070593","dendrite self-avoidance","0/19","5/3464",0,0,-0.166156813285022,1,1,1,"",0
"GO:0070613","regulation of protein processing","0/19","6/3464",0,0,-0.182041985591496,1,1,1,"",0
"GO:0070633","transepithelial transport","0/19","9/3464",0,0,-0.223051763894324,1,1,1,"",0
"GO:0070646","protein modification by small protein removal","0/19","41/3464",0,0,-0.478296179566983,1,1,1,"",0
"GO:0070661","leukocyte proliferation","0/19","27/3464",0,0,-0.387347314334364,1,1,1,"",0
"GO:0070663","regulation of leukocyte proliferation","0/19","23/3464",0,0,-0.357297530736516,1,1,1,"",0
"GO:0070664","negative regulation of leukocyte proliferation","0/19","7/3464",0,0,-0.196656254499952,1,1,1,"",0
"GO:0070665","positive regulation of leukocyte proliferation","0/19","14/3464",0,0,-0.278395943846603,1,1,1,"",0
"GO:0070723","response to cholesterol","0/19","5/3464",0,0,-0.166156813285022,1,1,1,"",0
"GO:0070741","response to interleukin-6","0/19","8/3464",0,0,-0.210264792883586,1,1,1,"",0
"GO:0070778","L-aspartate transmembrane transport","0/19","5/3464",0,0,-0.166156813285022,1,1,1,"",0
"GO:0070828","heterochromatin organization","0/19","63/3464",0,0,-0.594806070053513,1,1,1,"",0
"GO:0070830","bicellular tight junction assembly","0/19","10/3464",0,0,-0.235151236373825,1,1,1,"",0
"GO:0070861","regulation of protein exit from endoplasmic reticulum","0/19","14/3464",0,0,-0.278395943846603,1,1,1,"",0
"GO:0070862","negative regulation of protein exit from endoplasmic reticulum","0/19","5/3464",0,0,-0.166156813285022,1,1,1,"",0
"GO:0070863","positive regulation of protein exit from endoplasmic reticulum","0/19","9/3464",0,0,-0.223051763894324,1,1,1,"",0
"GO:0070873","regulation of glycogen metabolic process","0/19","8/3464",0,0,-0.210264792883586,1,1,1,"",0
"GO:0070875","positive regulation of glycogen metabolic process","0/19","7/3464",0,0,-0.196656254499952,1,1,1,"",0
"GO:0070884","regulation of calcineurin-NFAT signaling cascade","0/19","9/3464",0,0,-0.223051763894324,1,1,1,"",0
"GO:0070886","positive regulation of calcineurin-NFAT signaling cascade","0/19","5/3464",0,0,-0.166156813285022,1,1,1,"",0
"GO:0070897","transcription preinitiation complex assembly","0/19","20/3464",0,0,-0.333036519803188,1,1,1,"",0
"GO:0070914","UV-damage excision repair","0/19","5/3464",0,0,-0.166156813285022,1,1,1,"",0
"GO:0070918","regulatory ncRNA processing","0/19","21/3464",0,0,-0.341310437223647,1,1,1,"",0
"GO:0070922","RISC complex assembly","0/19","7/3464",0,0,-0.196656254499952,1,1,1,"",0
"GO:0070934","CRD-mediated mRNA stabilization","0/19","5/3464",0,0,-0.166156813285022,1,1,1,"",0
"GO:0070935","3'-UTR-mediated mRNA stabilization","0/19","8/3464",0,0,-0.210264792883586,1,1,1,"",0
"GO:0070936","protein K48-linked ubiquitination","0/19","47/3464",0,0,-0.512548388858327,1,1,1,"",0
"GO:0070972","protein localization to endoplasmic reticulum","0/19","20/3464",0,0,-0.333036519803188,1,1,1,"",0
"GO:0070973","protein localization to endoplasmic reticulum exit site","0/19","6/3464",0,0,-0.182041985591496,1,1,1,"",0
"GO:0070979","protein K11-linked ubiquitination","0/19","17/3464",0,0,-0.306910857143731,1,1,1,"",0
"GO:0071025","RNA surveillance","0/19","15/3464",0,0,-0.288208951504192,1,1,1,"",0
"GO:0071027","nuclear RNA surveillance","0/19","14/3464",0,0,-0.278395943846603,1,1,1,"",0
"GO:0071044","histone mRNA catabolic process","0/19","6/3464",0,0,-0.182041985591496,1,1,1,"",0
"GO:0071071","regulation of phospholipid biosynthetic process","0/19","6/3464",0,0,-0.182041985591496,1,1,1,"",0
"GO:0071103","DNA conformation change","0/19","9/3464",0,0,-0.223051763894324,1,1,1,"",0
"GO:0071108","protein K48-linked deubiquitination","0/19","12/3464",0,0,-0.257669884406375,1,1,1,"",0
"GO:0071166","ribonucleoprotein complex localization","0/19","7/3464",0,0,-0.196656254499952,1,1,1,"",0
"GO:0071168","protein localization to chromatin","0/19","17/3464",0,0,-0.306910857143731,1,1,1,"",0
"GO:0071173","spindle assembly checkpoint signaling","0/19","14/3464",0,0,-0.278395943846603,1,1,1,"",0
"GO:0071174","mitotic spindle checkpoint signaling","0/19","14/3464",0,0,-0.278395943846603,1,1,1,"",0
"GO:0071216","cellular response to biotic stimulus","0/19","23/3464",0,0,-0.357297530736516,1,1,1,"",0
"GO:0071218","cellular response to misfolded protein","0/19","5/3464",0,0,-0.166156813285022,1,1,1,"",0
"GO:0071219","cellular response to molecule of bacterial origin","0/19","20/3464",0,0,-0.333036519803188,1,1,1,"",0
"GO:0071222","cellular response to lipopolysaccharide","0/19","20/3464",0,0,-0.333036519803188,1,1,1,"",0
"GO:0071233","cellular response to L-leucine","0/19","7/3464",0,0,-0.196656254499952,1,1,1,"",0
"GO:0071243","cellular response to arsenic-containing substance","0/19","5/3464",0,0,-0.166156813285022,1,1,1,"",0
"GO:0071248","cellular response to metal ion","0/19","38/3464",0,0,-0.46026351744214,1,1,1,"",0
"GO:0071260","cellular response to mechanical stimulus","0/19","13/3464",0,0,-0.268230172957206,1,1,1,"",0
"GO:0071277","cellular response to calcium ion","0/19","20/3464",0,0,-0.333036519803188,1,1,1,"",0
"GO:0071280","cellular response to copper ion","0/19","6/3464",0,0,-0.182041985591496,1,1,1,"",0
"GO:0071287","cellular response to manganese ion","0/19","5/3464",0,0,-0.166156813285022,1,1,1,"",0
"GO:0071300","cellular response to retinoic acid","0/19","6/3464",0,0,-0.182041985591496,1,1,1,"",0
"GO:0071312","cellular response to alkaloid","0/19","5/3464",0,0,-0.166156813285022,1,1,1,"",0
"GO:0071346","cellular response to type II interferon","0/19","15/3464",0,0,-0.288208951504192,1,1,1,"",0
"GO:0071347","cellular response to interleukin-1","0/19","16/3464",0,0,-0.297704086332389,1,1,1,"",0
"GO:0071354","cellular response to interleukin-6","0/19","8/3464",0,0,-0.210264792883586,1,1,1,"",0
"GO:0071357","cellular response to type I interferon","0/19","40/3464",0,0,-0.472358299854603,1,1,1,"",0
"GO:0071362","cellular response to ether","0/19","5/3464",0,0,-0.166156813285022,1,1,1,"",0
"GO:0071378","cellular response to growth hormone stimulus","0/19","7/3464",0,0,-0.196656254499952,1,1,1,"",0
"GO:0071402","cellular response to lipoprotein particle stimulus","0/19","10/3464",0,0,-0.235151236373825,1,1,1,"",0
"GO:0071404","cellular response to low-density lipoprotein particle stimulus","0/19","7/3464",0,0,-0.196656254499952,1,1,1,"",0
"GO:0071421","manganese ion transmembrane transport","0/19","5/3464",0,0,-0.166156813285022,1,1,1,"",0
"GO:0071425","hematopoietic stem cell proliferation","0/19","5/3464",0,0,-0.166156813285022,1,1,1,"",0
"GO:0071450","cellular response to oxygen radical","0/19","6/3464",0,0,-0.182041985591496,1,1,1,"",0
"GO:0071451","cellular response to superoxide","0/19","6/3464",0,0,-0.182041985591496,1,1,1,"",0
"GO:0071466","cellular response to xenobiotic stimulus","0/19","17/3464",0,0,-0.306910857143731,1,1,1,"",0
"GO:0071467","cellular response to pH","0/19","5/3464",0,0,-0.166156813285022,1,1,1,"",0
"GO:0071474","cellular hyperosmotic response","0/19","6/3464",0,0,-0.182041985591496,1,1,1,"",0
"GO:0071478","cellular response to radiation","0/19","34/3464",0,0,-0.435111770286058,1,1,1,"",0
"GO:0071479","cellular response to ionizing radiation","0/19","15/3464",0,0,-0.288208951504192,1,1,1,"",0
"GO:0071480","cellular response to gamma radiation","0/19","8/3464",0,0,-0.210264792883586,1,1,1,"",0
"GO:0071482","cellular response to light stimulus","0/19","21/3464",0,0,-0.341310437223647,1,1,1,"",0
"GO:0071496","cellular response to external stimulus","0/19","13/3464",0,0,-0.268230172957206,1,1,1,"",0
"GO:0071498","cellular response to fluid shear stress","0/19","20/3464",0,0,-0.333036519803188,1,1,1,"",0
"GO:0071499","cellular response to laminar fluid shear stress","0/19","12/3464",0,0,-0.257669884406375,1,1,1,"",0
"GO:0071501","cellular response to sterol depletion","0/19","5/3464",0,0,-0.166156813285022,1,1,1,"",0
"GO:0071539","protein localization to centrosome","0/19","16/3464",0,0,-0.297704086332389,1,1,1,"",0
"GO:0071548","response to dexamethasone","0/19","7/3464",0,0,-0.196656254499952,1,1,1,"",0
"GO:0071577","zinc ion transmembrane transport","0/19","11/3464",0,0,-0.246664407017154,1,1,1,"",0
"GO:0071604","transforming growth factor beta production","0/19","9/3464",0,0,-0.223051763894324,1,1,1,"",0
"GO:0071616","acyl-CoA biosynthetic process","0/19","18/3464",0,0,-0.31585448576581,1,1,1,"",0
"GO:0071621","granulocyte chemotaxis","0/19","15/3464",0,0,-0.288208951504192,1,1,1,"",0
"GO:0071622","regulation of granulocyte chemotaxis","0/19","8/3464",0,0,-0.210264792883586,1,1,1,"",0
"GO:0071634","regulation of transforming growth factor beta production","0/19","7/3464",0,0,-0.196656254499952,1,1,1,"",0
"GO:0071636","positive regulation of transforming growth factor beta production","0/19","5/3464",0,0,-0.166156813285022,1,1,1,"",0
"GO:0071674","mononuclear cell migration","0/19","32/3464",0,0,-0.421997407283268,1,1,1,"",0
"GO:0071675","regulation of mononuclear cell migration","0/19","26/3464",0,0,-0.380051254953769,1,1,1,"",0
"GO:0071677","positive regulation of mononuclear cell migration","0/19","21/3464",0,0,-0.341310437223647,1,1,1,"",0
"GO:0071679","commissural neuron axon guidance","0/19","5/3464",0,0,-0.166156813285022,1,1,1,"",0
"GO:0071695","anatomical structure maturation","0/19","26/3464",0,0,-0.380051254953769,1,1,1,"",0
"GO:0071706","tumor necrosis factor superfamily cytokine production","0/19","29/3464",0,0,-0.401554097064957,1,1,1,"",0
"GO:0071709","membrane assembly","0/19","26/3464",0,0,-0.380051254953769,1,1,1,"",0
"GO:0071731","response to nitric oxide","0/19","5/3464",0,0,-0.166156813285022,1,1,1,"",0
"GO:0071732","cellular response to nitric oxide","0/19","5/3464",0,0,-0.166156813285022,1,1,1,"",0
"GO:0071763","nuclear membrane organization","0/19","15/3464",0,0,-0.288208951504192,1,1,1,"",0
"GO:0071772","response to BMP","0/19","29/3464",0,0,-0.401554097064957,1,1,1,"",0
"GO:0071773","cellular response to BMP stimulus","0/19","29/3464",0,0,-0.401554097064957,1,1,1,"",0
"GO:0071786","endoplasmic reticulum tubular network organization","0/19","12/3464",0,0,-0.257669884406375,1,1,1,"",0
"GO:0071806","protein transmembrane transport","0/19","24/3464",0,0,-0.365035273643728,1,1,1,"",0
"GO:0071824","protein-DNA complex organization","0/19","55/3464",0,0,-0.555106454681407,1,1,1,"",0
"GO:0071825","protein-lipid complex organization","0/19","6/3464",0,0,-0.182041985591496,1,1,1,"",0
"GO:0071826","protein-RNA complex organization","0/19","88/3464",0,0,-0.705583717572665,1,1,1,"",0
"GO:0071827","plasma lipoprotein particle organization","0/19","5/3464",0,0,-0.166156813285022,1,1,1,"",0
"GO:0071871","response to epinephrine","0/19","5/3464",0,0,-0.166156813285022,1,1,1,"",0
"GO:0071875","adrenergic receptor signaling pathway","0/19","10/3464",0,0,-0.235151236373825,1,1,1,"",0
"GO:0071880","adenylate cyclase-activating adrenergic receptor signaling pathway","0/19","6/3464",0,0,-0.182041985591496,1,1,1,"",0
"GO:0071887","leukocyte apoptotic process","0/19","11/3464",0,0,-0.246664407017154,1,1,1,"",0
"GO:0071895","odontoblast differentiation","0/19","5/3464",0,0,-0.166156813285022,1,1,1,"",0
"GO:0071897","DNA biosynthetic process","0/19","38/3464",0,0,-0.46026351744214,1,1,1,"",0
"GO:0071900","regulation of protein serine/threonine kinase activity","0/19","30/3464",0,0,-0.408478229509318,1,1,1,"",0
"GO:0071901","negative regulation of protein serine/threonine kinase activity","0/19","12/3464",0,0,-0.257669884406375,1,1,1,"",0
"GO:0071902","positive regulation of protein serine/threonine kinase activity","0/19","11/3464",0,0,-0.246664407017154,1,1,1,"",0
"GO:0071985","multivesicular body sorting pathway","0/19","20/3464",0,0,-0.333036519803188,1,1,1,"",0
"GO:0072001","renal system development","0/19","41/3464",0,0,-0.478296179566983,1,1,1,"",0
"GO:0072006","nephron development","0/19","21/3464",0,0,-0.341310437223647,1,1,1,"",0
"GO:0072009","nephron epithelium development","0/19","15/3464",0,0,-0.288208951504192,1,1,1,"",0
"GO:0072010","glomerular epithelium development","0/19","6/3464",0,0,-0.182041985591496,1,1,1,"",0
"GO:0072028","nephron morphogenesis","0/19","5/3464",0,0,-0.166156813285022,1,1,1,"",0
"GO:0072073","kidney epithelium development","0/19","18/3464",0,0,-0.31585448576581,1,1,1,"",0
"GO:0072078","nephron tubule morphogenesis","0/19","5/3464",0,0,-0.166156813285022,1,1,1,"",0
"GO:0072080","nephron tubule development","0/19","10/3464",0,0,-0.235151236373825,1,1,1,"",0
"GO:0072088","nephron epithelium morphogenesis","0/19","5/3464",0,0,-0.166156813285022,1,1,1,"",0
"GO:0072112","podocyte differentiation","0/19","6/3464",0,0,-0.182041985591496,1,1,1,"",0
"GO:0072132","mesenchyme morphogenesis","0/19","7/3464",0,0,-0.196656254499952,1,1,1,"",0
"GO:0072163","mesonephric epithelium development","0/19","9/3464",0,0,-0.223051763894324,1,1,1,"",0
"GO:0072164","mesonephric tubule development","0/19","9/3464",0,0,-0.223051763894324,1,1,1,"",0
"GO:0072175","epithelial tube formation","0/19","10/3464",0,0,-0.235151236373825,1,1,1,"",0
"GO:0072311","glomerular epithelial cell differentiation","0/19","6/3464",0,0,-0.182041985591496,1,1,1,"",0
"GO:0072319","vesicle uncoating","0/19","6/3464",0,0,-0.182041985591496,1,1,1,"",0
"GO:0072329","monocarboxylic acid catabolic process","0/19","32/3464",0,0,-0.421997407283268,1,1,1,"",0
"GO:0072330","monocarboxylic acid biosynthetic process","0/19","35/3464",0,0,-0.441528470388438,1,1,1,"",0
"GO:0072331","signal transduction by p53 class mediator","0/19","48/3464",0,0,-0.518048142454573,1,1,1,"",0
"GO:0072332","intrinsic apoptotic signaling pathway by p53 class mediator","0/19","16/3464",0,0,-0.297704086332389,1,1,1,"",0
"GO:0072337","modified amino acid transport","0/19","5/3464",0,0,-0.166156813285022,1,1,1,"",0
"GO:0072344","rescue of stalled cytosolic ribosome","0/19","16/3464",0,0,-0.297704086332389,1,1,1,"",0
"GO:0072348","sulfur compound transport","0/19","10/3464",0,0,-0.235151236373825,1,1,1,"",0
"GO:0072350","tricarboxylic acid metabolic process","0/19","5/3464",0,0,-0.166156813285022,1,1,1,"",0
"GO:0072384","organelle transport along microtubule","0/19","48/3464",0,0,-0.518048142454573,1,1,1,"",0
"GO:0072393","microtubule anchoring at microtubule organizing center","0/19","6/3464",0,0,-0.182041985591496,1,1,1,"",0
"GO:0072527","pyrimidine-containing compound metabolic process","0/19","15/3464",0,0,-0.288208951504192,1,1,1,"",0
"GO:0072528","pyrimidine-containing compound biosynthetic process","0/19","12/3464",0,0,-0.257669884406375,1,1,1,"",0
"GO:0072529","pyrimidine-containing compound catabolic process","0/19","5/3464",0,0,-0.166156813285022,1,1,1,"",0
"GO:0072530","purine-containing compound transmembrane transport","0/19","5/3464",0,0,-0.166156813285022,1,1,1,"",0
"GO:0072540","T-helper 17 cell lineage commitment","0/19","6/3464",0,0,-0.182041985591496,1,1,1,"",0
"GO:0072577","endothelial cell apoptotic process","0/19","11/3464",0,0,-0.246664407017154,1,1,1,"",0
"GO:0072578","neurotransmitter-gated ion channel clustering","0/19","5/3464",0,0,-0.166156813285022,1,1,1,"",0
"GO:0072593","reactive oxygen species metabolic process","0/19","41/3464",0,0,-0.478296179566983,1,1,1,"",0
"GO:0072595","maintenance of protein localization in organelle","0/19","16/3464",0,0,-0.297704086332389,1,1,1,"",0
"GO:0072599","establishment of protein localization to endoplasmic reticulum","0/19","20/3464",0,0,-0.333036519803188,1,1,1,"",0
"GO:0072662","protein localization to peroxisome","0/19","7/3464",0,0,-0.196656254499952,1,1,1,"",0
"GO:0072663","establishment of protein localization to peroxisome","0/19","9/3464",0,0,-0.223051763894324,1,1,1,"",0
"GO:0072665","protein localization to vacuole","0/19","35/3464",0,0,-0.441528470388438,1,1,1,"",0
"GO:0072666","establishment of protein localization to vacuole","0/19","28/3464",0,0,-0.394512593545314,1,1,1,"",0
"GO:0072673","lamellipodium morphogenesis","0/19","7/3464",0,0,-0.196656254499952,1,1,1,"",0
"GO:0072676","lymphocyte migration","0/19","15/3464",0,0,-0.288208951504192,1,1,1,"",0
"GO:0072678","T cell migration","0/19","11/3464",0,0,-0.246664407017154,1,1,1,"",0
"GO:0072698","protein localization to microtubule cytoskeleton","0/19","22/3464",0,0,-0.34939311326674,1,1,1,"",0
"GO:0075522","IRES-dependent viral translational initiation","0/19","7/3464",0,0,-0.196656254499952,1,1,1,"",0
"GO:0075733","intracellular transport of virus","0/19","5/3464",0,0,-0.166156813285022,1,1,1,"",0
"GO:0080134","regulation of response to stress","0/19","301/3464",0,0,-1.34816201007253,1,1,1,"",0
"GO:0080135","regulation of cellular response to stress","0/19","158/3464",0,0,-0.955400693056799,1,1,1,"",0
"GO:0080164","regulation of nitric oxide metabolic process","0/19","14/3464",0,0,-0.278395943846603,1,1,1,"",0
"GO:0080171","lytic vacuole organization","0/19","39/3464",0,0,-0.466348354527256,1,1,1,"",0
"GO:0086004","regulation of cardiac muscle cell contraction","0/19","10/3464",0,0,-0.235151236373825,1,1,1,"",0
"GO:0086010","membrane depolarization during action potential","0/19","5/3464",0,0,-0.166156813285022,1,1,1,"",0
"GO:0086091","regulation of heart rate by cardiac conduction","0/19","5/3464",0,0,-0.166156813285022,1,1,1,"",0
"GO:0089718","amino acid import across plasma membrane","0/19","9/3464",0,0,-0.223051763894324,1,1,1,"",0
"GO:0090043","regulation of tubulin deacetylation","0/19","8/3464",0,0,-0.210264792883586,1,1,1,"",0
"GO:0090049","regulation of cell migration involved in sprouting angiogenesis","0/19","12/3464",0,0,-0.257669884406375,1,1,1,"",0
"GO:0090050","positive regulation of cell migration involved in sprouting angiogenesis","0/19","6/3464",0,0,-0.182041985591496,1,1,1,"",0
"GO:0090051","negative regulation of cell migration involved in sprouting angiogenesis","0/19","6/3464",0,0,-0.182041985591496,1,1,1,"",0
"GO:0090063","positive regulation of microtubule nucleation","0/19","6/3464",0,0,-0.182041985591496,1,1,1,"",0
"GO:0090068","positive regulation of cell cycle process","0/19","52/3464",0,0,-0.53951757143937,1,1,1,"",0
"GO:0090075","relaxation of muscle","0/19","10/3464",0,0,-0.235151236373825,1,1,1,"",0
"GO:0090084","negative regulation of inclusion body assembly","0/19","7/3464",0,0,-0.196656254499952,1,1,1,"",0
"GO:0090090","negative regulation of canonical Wnt signaling pathway","0/19","23/3464",0,0,-0.357297530736516,1,1,1,"",0
"GO:0090092","regulation of transmembrane receptor protein serine/threonine kinase signaling pathway","0/19","55/3464",0,0,-0.555106454681407,1,1,1,"",0
"GO:0090100","positive regulation of transmembrane receptor protein serine/threonine kinase signaling pathway","0/19","18/3464",0,0,-0.31585448576581,1,1,1,"",0
"GO:0090101","negative regulation of transmembrane receptor protein serine/threonine kinase signaling pathway","0/19","31/3464",0,0,-0.415290865128321,1,1,1,"",0
"GO:0090109","regulation of cell-substrate junction assembly","0/19","29/3464",0,0,-0.401554097064957,1,1,1,"",0
"GO:0090110","COPII-coated vesicle cargo loading","0/19","13/3464",0,0,-0.268230172957206,1,1,1,"",0
"GO:0090114","COPII-coated vesicle budding","0/19","27/3464",0,0,-0.387347314334364,1,1,1,"",0
"GO:0090130","tissue migration","0/19","23/3464",0,0,-0.357297530736516,1,1,1,"",0
"GO:0090132","epithelium migration","0/19","23/3464",0,0,-0.357297530736516,1,1,1,"",0
"GO:0090140","regulation of mitochondrial fission","0/19","11/3464",0,0,-0.246664407017154,1,1,1,"",0
"GO:0090141","positive regulation of mitochondrial fission","0/19","7/3464",0,0,-0.196656254499952,1,1,1,"",0
"GO:0090148","membrane fission","0/19","27/3464",0,0,-0.387347314334364,1,1,1,"",0
"GO:0090150","establishment of protein localization to membrane","0/19","86/3464",0,0,-0.69731311930594,1,1,1,"",0
"GO:0090158","endoplasmic reticulum membrane organization","0/19","8/3464",0,0,-0.210264792883586,1,1,1,"",0
"GO:0090160","Golgi to lysosome transport","0/19","6/3464",0,0,-0.182041985591496,1,1,1,"",0
"GO:0090161","Golgi ribbon formation","0/19","6/3464",0,0,-0.182041985591496,1,1,1,"",0
"GO:0090162","establishment of epithelial cell polarity","0/19","5/3464",0,0,-0.166156813285022,1,1,1,"",0
"GO:0090168","Golgi reassembly","0/19","5/3464",0,0,-0.166156813285022,1,1,1,"",0
"GO:0090169","regulation of spindle assembly","0/19","13/3464",0,0,-0.268230172957206,1,1,1,"",0
"GO:0090174","organelle membrane fusion","0/19","44/3464",0,0,-0.495703195266209,1,1,1,"",0
"GO:0090181","regulation of cholesterol metabolic process","0/19","11/3464",0,0,-0.246664407017154,1,1,1,"",0
"GO:0090199","regulation of release of cytochrome c from mitochondria","0/19","13/3464",0,0,-0.268230172957206,1,1,1,"",0
"GO:0090200","positive regulation of release of cytochrome c from mitochondria","0/19","6/3464",0,0,-0.182041985591496,1,1,1,"",0
"GO:0090201","negative regulation of release of cytochrome c from mitochondria","0/19","7/3464",0,0,-0.196656254499952,1,1,1,"",0
"GO:0090205","positive regulation of cholesterol metabolic process","0/19","7/3464",0,0,-0.196656254499952,1,1,1,"",0
"GO:0090207","regulation of triglyceride metabolic process","0/19","6/3464",0,0,-0.182041985591496,1,1,1,"",0
"GO:0090224","regulation of spindle organization","0/19","18/3464",0,0,-0.31585448576581,1,1,1,"",0
"GO:0090231","regulation of spindle checkpoint","0/19","11/3464",0,0,-0.246664407017154,1,1,1,"",0
"GO:0090232","positive regulation of spindle checkpoint","0/19","9/3464",0,0,-0.223051763894324,1,1,1,"",0
"GO:0090235","regulation of metaphase plate congression","0/19","5/3464",0,0,-0.166156813285022,1,1,1,"",0
"GO:0090257","regulation of muscle system process","0/19","48/3464",0,0,-0.518048142454573,1,1,1,"",0
"GO:0090263","positive regulation of canonical Wnt signaling pathway","0/19","36/3464",0,0,-0.44785690746358,1,1,1,"",0
"GO:0090266","regulation of mitotic cell cycle spindle assembly checkpoint","0/19","11/3464",0,0,-0.246664407017154,1,1,1,"",0
"GO:0090267","positive regulation of mitotic cell cycle spindle assembly checkpoint","0/19","9/3464",0,0,-0.223051763894324,1,1,1,"",0
"GO:0090279","regulation of calcium ion import","0/19","6/3464",0,0,-0.182041985591496,1,1,1,"",0
"GO:0090287","regulation of cellular response to growth factor stimulus","0/19","69/3464",0,0,-0.62303592480905,1,1,1,"",0
"GO:0090288","negative regulation of cellular response to growth factor stimulus","0/19","13/3464",0,0,-0.268230172957206,1,1,1,"",0
"GO:0090303","positive regulation of wound healing","0/19","8/3464",0,0,-0.210264792883586,1,1,1,"",0
"GO:0090311","regulation of protein deacetylation","0/19","8/3464",0,0,-0.210264792883586,1,1,1,"",0
"GO:0090313","regulation of protein targeting to membrane","0/19","9/3464",0,0,-0.223051763894324,1,1,1,"",0
"GO:0090314","positive regulation of protein targeting to membrane","0/19","8/3464",0,0,-0.210264792883586,1,1,1,"",0
"GO:0090317","negative regulation of intracellular protein transport","0/19","12/3464",0,0,-0.257669884406375,1,1,1,"",0
"GO:0090322","regulation of superoxide metabolic process","0/19","7/3464",0,0,-0.196656254499952,1,1,1,"",0
"GO:0090329","regulation of DNA-templated DNA replication","0/19","8/3464",0,0,-0.210264792883586,1,1,1,"",0
"GO:0090335","regulation of brown fat cell differentiation","0/19","5/3464",0,0,-0.166156813285022,1,1,1,"",0
"GO:0090382","phagosome maturation","0/19","8/3464",0,0,-0.210264792883586,1,1,1,"",0
"GO:0090394","negative regulation of excitatory postsynaptic potential","0/19","6/3464",0,0,-0.182041985591496,1,1,1,"",0
"GO:0090398","cellular senescence","0/19","22/3464",0,0,-0.34939311326674,1,1,1,"",0
"GO:0090497","mesenchymal cell migration","0/19","10/3464",0,0,-0.235151236373825,1,1,1,"",0
"GO:0090522","vesicle tethering involved in exocytosis","0/19","8/3464",0,0,-0.210264792883586,1,1,1,"",0
"GO:0090559","regulation of membrane permeability","0/19","16/3464",0,0,-0.297704086332389,1,1,1,"",0
"GO:0090592","DNA synthesis involved in DNA replication","0/19","7/3464",0,0,-0.196656254499952,1,1,1,"",0
"GO:0090596","sensory organ morphogenesis","0/19","22/3464",0,0,-0.34939311326674,1,1,1,"",0
"GO:0090630","activation of GTPase activity","0/19","5/3464",0,0,-0.166156813285022,1,1,1,"",0
"GO:0090656","t-circle formation","0/19","6/3464",0,0,-0.182041985591496,1,1,1,"",0
"GO:0090670","RNA localization to Cajal body","0/19","8/3464",0,0,-0.210264792883586,1,1,1,"",0
"GO:0090671","telomerase RNA localization to Cajal body","0/19","8/3464",0,0,-0.210264792883586,1,1,1,"",0
"GO:0090672","telomerase RNA localization","0/19","8/3464",0,0,-0.210264792883586,1,1,1,"",0
"GO:0090685","RNA localization to nucleus","0/19","8/3464",0,0,-0.210264792883586,1,1,1,"",0
"GO:0090737","telomere maintenance via telomere trimming","0/19","6/3464",0,0,-0.182041985591496,1,1,1,"",0
"GO:0095500","acetylcholine receptor signaling pathway","0/19","5/3464",0,0,-0.166156813285022,1,1,1,"",0
"GO:0097006","regulation of plasma lipoprotein particle levels","0/19","9/3464",0,0,-0.223051763894324,1,1,1,"",0
"GO:0097009","energy homeostasis","0/19","8/3464",0,0,-0.210264792883586,1,1,1,"",0
"GO:0097035","regulation of membrane lipid distribution","0/19","15/3464",0,0,-0.288208951504192,1,1,1,"",0
"GO:0097062","dendritic spine maintenance","0/19","8/3464",0,0,-0.210264792883586,1,1,1,"",0
"GO:0097090","presynaptic membrane organization","0/19","9/3464",0,0,-0.223051763894324,1,1,1,"",0
"GO:0097091","synaptic vesicle clustering","0/19","7/3464",0,0,-0.196656254499952,1,1,1,"",0
"GO:0097104","postsynaptic membrane assembly","0/19","5/3464",0,0,-0.166156813285022,1,1,1,"",0
"GO:0097105","presynaptic membrane assembly","0/19","7/3464",0,0,-0.196656254499952,1,1,1,"",0
"GO:0097106","postsynaptic density organization","0/19","18/3464",0,0,-0.31585448576581,1,1,1,"",0
"GO:0097107","postsynaptic density assembly","0/19","9/3464",0,0,-0.223051763894324,1,1,1,"",0
"GO:0097178","ruffle assembly","0/19","12/3464",0,0,-0.257669884406375,1,1,1,"",0
"GO:0097192","extrinsic apoptotic signaling pathway in absence of ligand","0/19","9/3464",0,0,-0.223051763894324,1,1,1,"",0
"GO:0097193","intrinsic apoptotic signaling pathway","0/19","84/3464",0,0,-0.68895320692221,1,1,1,"",0
"GO:0097194","execution phase of apoptosis","0/19","16/3464",0,0,-0.297704086332389,1,1,1,"",0
"GO:0097237","cellular response to toxic substance","0/19","26/3464",0,0,-0.380051254953769,1,1,1,"",0
"GO:0097242","amyloid-beta clearance","0/19","14/3464",0,0,-0.278395943846603,1,1,1,"",0
"GO:0097300","programmed necrotic cell death","0/19","10/3464",0,0,-0.235151236373825,1,1,1,"",0
"GO:0097305","response to alcohol","0/19","54/3464",0,0,-0.549956226669746,1,1,1,"",0
"GO:0097306","cellular response to alcohol","0/19","26/3464",0,0,-0.380051254953769,1,1,1,"",0
"GO:0097320","plasma membrane tubulation","0/19","6/3464",0,0,-0.182041985591496,1,1,1,"",0
"GO:0097345","mitochondrial outer membrane permeabilization","0/19","6/3464",0,0,-0.182041985591496,1,1,1,"",0
"GO:0097352","autophagosome maturation","0/19","27/3464",0,0,-0.387347314334364,1,1,1,"",0
"GO:0097401","synaptic vesicle lumen acidification","0/19","13/3464",0,0,-0.268230172957206,1,1,1,"",0
"GO:0097468","programmed cell death in response to reactive oxygen species","0/19","7/3464",0,0,-0.196656254499952,1,1,1,"",0
"GO:0097479","synaptic vesicle localization","0/19","25/3464",0,0,-0.372616729405071,1,1,1,"",0
"GO:0097484","dendrite extension","0/19","12/3464",0,0,-0.257669884406375,1,1,1,"",0
"GO:0097485","neuron projection guidance","0/19","61/3464",0,0,-0.585116541645483,1,1,1,"",0
"GO:0097499","protein localization to non-motile cilium","0/19","6/3464",0,0,-0.182041985591496,1,1,1,"",0
"GO:0097529","myeloid leukocyte migration","0/19","28/3464",0,0,-0.394512593545314,1,1,1,"",0
"GO:0097530","granulocyte migration","0/19","16/3464",0,0,-0.297704086332389,1,1,1,"",0
"GO:0097581","lamellipodium organization","0/19","33/3464",0,0,-0.428602839616084,1,1,1,"",0
"GO:0097680","double-strand break repair via classical nonhomologous end joining","0/19","5/3464",0,0,-0.166156813285022,1,1,1,"",0
"GO:0097696","cell surface receptor signaling pathway via STAT","0/19","29/3464",0,0,-0.401554097064957,1,1,1,"",0
"GO:0097699","vascular endothelial cell response to fluid shear stress","0/19","13/3464",0,0,-0.268230172957206,1,1,1,"",0
"GO:0097700","vascular endothelial cell response to laminar fluid shear stress","0/19","9/3464",0,0,-0.223051763894324,1,1,1,"",0
"GO:0097707","ferroptosis","0/19","8/3464",0,0,-0.210264792883586,1,1,1,"",0
"GO:0097720","calcineurin-mediated signaling","0/19","13/3464",0,0,-0.268230172957206,1,1,1,"",0
"GO:0097722","sperm motility","0/19","23/3464",0,0,-0.357297530736516,1,1,1,"",0
"GO:0097734","extracellular exosome biogenesis","0/19","10/3464",0,0,-0.235151236373825,1,1,1,"",0
"GO:0098534","centriole assembly","0/19","9/3464",0,0,-0.223051763894324,1,1,1,"",0
"GO:0098542","defense response to other organism","0/19","188/3464",0,0,-1.04692461567835,1,1,1,"",0
"GO:0098586","cellular response to virus","0/19","15/3464",0,0,-0.288208951504192,1,1,1,"",0
"GO:0098656","monoatomic anion transmembrane transport","0/19","19/3464",0,0,-0.324556731049388,1,1,1,"",0
"GO:0098693","regulation of synaptic vesicle cycle","0/19","8/3464",0,0,-0.210264792883586,1,1,1,"",0
"GO:0098698","postsynaptic specialization assembly","0/19","14/3464",0,0,-0.278395943846603,1,1,1,"",0
"GO:0098703","calcium ion import across plasma membrane","0/19","5/3464",0,0,-0.166156813285022,1,1,1,"",0
"GO:0098727","maintenance of cell number","0/19","37/3464",0,0,-0.454100774842204,1,1,1,"",0
"GO:0098734","macromolecule depalmitoylation","0/19","6/3464",0,0,-0.182041985591496,1,1,1,"",0
"GO:0098754","detoxification","0/19","25/3464",0,0,-0.372616729405071,1,1,1,"",0
"GO:0098773","skin epidermis development","0/19","8/3464",0,0,-0.210264792883586,1,1,1,"",0
"GO:0098780","response to mitochondrial depolarisation","0/19","5/3464",0,0,-0.166156813285022,1,1,1,"",0
"GO:0098792","xenophagy","0/19","8/3464",0,0,-0.210264792883586,1,1,1,"",0
"GO:0098840","protein transport along microtubule","0/19","10/3464",0,0,-0.235151236373825,1,1,1,"",0
"GO:0098869","cellular oxidant detoxification","0/19","15/3464",0,0,-0.288208951504192,1,1,1,"",0
"GO:0098876","vesicle-mediated transport to the plasma membrane","0/19","70/3464",0,0,-0.627626878368584,1,1,1,"",0
"GO:0098877","neurotransmitter receptor transport to plasma membrane","0/19","5/3464",0,0,-0.166156813285022,1,1,1,"",0
"GO:0098880","maintenance of postsynaptic specialization structure","0/19","5/3464",0,0,-0.166156813285022,1,1,1,"",0
"GO:0098884","postsynaptic neurotransmitter receptor internalization","0/19","16/3464",0,0,-0.297704086332389,1,1,1,"",0
"GO:0098901","regulation of cardiac muscle cell action potential","0/19","10/3464",0,0,-0.235151236373825,1,1,1,"",0
"GO:0098917","retrograde trans-synaptic signaling","0/19","6/3464",0,0,-0.182041985591496,1,1,1,"",0
"GO:0098926","postsynaptic signal transduction","0/19","8/3464",0,0,-0.210264792883586,1,1,1,"",0
"GO:0098927","vesicle-mediated transport between endosomal compartments","0/19","21/3464",0,0,-0.341310437223647,1,1,1,"",0
"GO:0098930","axonal transport","0/19","39/3464",0,0,-0.466348354527256,1,1,1,"",0
"GO:0098935","dendritic transport","0/19","11/3464",0,0,-0.246664407017154,1,1,1,"",0
"GO:0098937","anterograde dendritic transport","0/19","8/3464",0,0,-0.210264792883586,1,1,1,"",0
"GO:0098969","neurotransmitter receptor transport to postsynaptic membrane","0/19","5/3464",0,0,-0.166156813285022,1,1,1,"",0
"GO:0098971","anterograde dendritic transport of neurotransmitter receptor complex","0/19","5/3464",0,0,-0.166156813285022,1,1,1,"",0
"GO:0098974","postsynaptic actin cytoskeleton organization","0/19","6/3464",0,0,-0.182041985591496,1,1,1,"",0
"GO:0099022","vesicle tethering","0/19","19/3464",0,0,-0.324556731049388,1,1,1,"",0
"GO:0099024","plasma membrane invagination","0/19","11/3464",0,0,-0.246664407017154,1,1,1,"",0
"GO:0099054","presynapse assembly","0/19","15/3464",0,0,-0.288208951504192,1,1,1,"",0
"GO:0099068","postsynapse assembly","0/19","35/3464",0,0,-0.441528470388438,1,1,1,"",0
"GO:0099084","postsynaptic specialization organization","0/19","24/3464",0,0,-0.365035273643728,1,1,1,"",0
"GO:0099111","microtubule-based transport","0/19","89/3464",0,0,-0.709686506406661,1,1,1,"",0
"GO:0099118","microtubule-based protein transport","0/19","10/3464",0,0,-0.235151236373825,1,1,1,"",0
"GO:0099149","regulation of postsynaptic neurotransmitter receptor internalization","0/19","12/3464",0,0,-0.257669884406375,1,1,1,"",0
"GO:0099150","regulation of postsynaptic specialization assembly","0/19","9/3464",0,0,-0.223051763894324,1,1,1,"",0
"GO:0099151","regulation of postsynaptic density assembly","0/19","6/3464",0,0,-0.182041985591496,1,1,1,"",0
"GO:0099170","postsynaptic modulation of chemical synaptic transmission","0/19","14/3464",0,0,-0.278395943846603,1,1,1,"",0
"GO:0099172","presynapse organization","0/19","21/3464",0,0,-0.341310437223647,1,1,1,"",0
"GO:0099174","regulation of presynapse organization","0/19","7/3464",0,0,-0.196656254499952,1,1,1,"",0
"GO:0099188","postsynaptic cytoskeleton organization","0/19","9/3464",0,0,-0.223051763894324,1,1,1,"",0
"GO:0099500","vesicle fusion to plasma membrane","0/19","8/3464",0,0,-0.210264792883586,1,1,1,"",0
"GO:0099505","regulation of presynaptic membrane potential","0/19","5/3464",0,0,-0.166156813285022,1,1,1,"",0
"GO:0099514","synaptic vesicle cytoskeletal transport","0/19","8/3464",0,0,-0.210264792883586,1,1,1,"",0
"GO:0099515","actin filament-based transport","0/19","5/3464",0,0,-0.166156813285022,1,1,1,"",0
"GO:0099517","synaptic vesicle transport along microtubule","0/19","8/3464",0,0,-0.210264792883586,1,1,1,"",0
"GO:0099518","vesicle cytoskeletal trafficking","0/19","28/3464",0,0,-0.394512593545314,1,1,1,"",0
"GO:0099519","dense core granule cytoskeletal transport","0/19","8/3464",0,0,-0.210264792883586,1,1,1,"",0
"GO:0099532","synaptic vesicle endosomal processing","0/19","7/3464",0,0,-0.196656254499952,1,1,1,"",0
"GO:0099558","maintenance of synapse structure","0/19","8/3464",0,0,-0.210264792883586,1,1,1,"",0
"GO:0099560","synaptic membrane adhesion","0/19","9/3464",0,0,-0.223051763894324,1,1,1,"",0
"GO:0099590","neurotransmitter receptor internalization","0/19","16/3464",0,0,-0.297704086332389,1,1,1,"",0
"GO:0099637","neurotransmitter receptor transport","0/19","7/3464",0,0,-0.196656254499952,1,1,1,"",0
"GO:0099638","endosome to plasma membrane protein transport","0/19","6/3464",0,0,-0.182041985591496,1,1,1,"",0
"GO:0099640","axo-dendritic protein transport","0/19","7/3464",0,0,-0.196656254499952,1,1,1,"",0
"GO:0099641","anterograde axonal protein transport","0/19","6/3464",0,0,-0.182041985591496,1,1,1,"",0
"GO:0099643","signal release from synapse","0/19","37/3464",0,0,-0.454100774842204,1,1,1,"",0
"GO:0101023","vascular endothelial cell proliferation","0/19","9/3464",0,0,-0.223051763894324,1,1,1,"",0
"GO:0101024","mitotic nuclear membrane organization","0/19","5/3464",0,0,-0.166156813285022,1,1,1,"",0
"GO:0106030","neuron projection fasciculation","0/19","8/3464",0,0,-0.210264792883586,1,1,1,"",0
"GO:0106056","regulation of calcineurin-mediated signaling","0/19","9/3464",0,0,-0.223051763894324,1,1,1,"",0
"GO:0106058","positive regulation of calcineurin-mediated signaling","0/19","5/3464",0,0,-0.166156813285022,1,1,1,"",0
"GO:0106070","regulation of adenylate cyclase-activating G protein-coupled receptor signaling pathway","0/19","9/3464",0,0,-0.223051763894324,1,1,1,"",0
"GO:0106072","negative regulation of adenylate cyclase-activating G protein-coupled receptor signaling pathway","0/19","7/3464",0,0,-0.196656254499952,1,1,1,"",0
"GO:0106106","cold-induced thermogenesis","0/19","30/3464",0,0,-0.408478229509318,1,1,1,"",0
"GO:0106118","regulation of sterol biosynthetic process","0/19","10/3464",0,0,-0.235151236373825,1,1,1,"",0
"GO:0106120","positive regulation of sterol biosynthetic process","0/19","6/3464",0,0,-0.182041985591496,1,1,1,"",0
"GO:0110020","regulation of actomyosin structure organization","0/19","25/3464",0,0,-0.372616729405071,1,1,1,"",0
"GO:0110075","regulation of ferroptosis","0/19","8/3464",0,0,-0.210264792883586,1,1,1,"",0
"GO:0110076","negative regulation of ferroptosis","0/19","5/3464",0,0,-0.166156813285022,1,1,1,"",0
"GO:0110154","RNA decapping","0/19","8/3464",0,0,-0.210264792883586,1,1,1,"",0
"GO:0110156","mRNA methylguanosine-cap decapping","0/19","8/3464",0,0,-0.210264792883586,1,1,1,"",0
"GO:0120009","intermembrane lipid transfer","0/19","8/3464",0,0,-0.210264792883586,1,1,1,"",0
"GO:0120032","regulation of plasma membrane bounded cell projection assembly","0/19","66/3464",0,0,-0.609072110618019,1,1,1,"",0
"GO:0120033","negative regulation of plasma membrane bounded cell projection assembly","0/19","15/3464",0,0,-0.288208951504192,1,1,1,"",0
"GO:0120034","positive regulation of plasma membrane bounded cell projection assembly","0/19","40/3464",0,0,-0.472358299854603,1,1,1,"",0
"GO:0120161","regulation of cold-induced thermogenesis","0/19","30/3464",0,0,-0.408478229509318,1,1,1,"",0
"GO:0120162","positive regulation of cold-induced thermogenesis","0/19","19/3464",0,0,-0.324556731049388,1,1,1,"",0
"GO:0120163","negative regulation of cold-induced thermogenesis","0/19","11/3464",0,0,-0.246664407017154,1,1,1,"",0
"GO:0120180","cell-substrate junction disassembly","0/19","5/3464",0,0,-0.166156813285022,1,1,1,"",0
"GO:0120181","focal adhesion disassembly","0/19","5/3464",0,0,-0.166156813285022,1,1,1,"",0
"GO:0120182","regulation of focal adhesion disassembly","0/19","5/3464",0,0,-0.166156813285022,1,1,1,"",0
"GO:0120192","tight junction assembly","0/19","12/3464",0,0,-0.257669884406375,1,1,1,"",0
"GO:0120193","tight junction organization","0/19","12/3464",0,0,-0.257669884406375,1,1,1,"",0
"GO:0120254","olefinic compound metabolic process","0/19","17/3464",0,0,-0.306910857143731,1,1,1,"",0
"GO:0120316","sperm flagellum assembly","0/19","6/3464",0,0,-0.182041985591496,1,1,1,"",0
"GO:0140013","meiotic nuclear division","0/19","15/3464",0,0,-0.288208951504192,1,1,1,"",0
"GO:0140029","exocytic process","0/19","25/3464",0,0,-0.372616729405071,1,1,1,"",0
"GO:0140053","mitochondrial gene expression","0/19","36/3464",0,0,-0.44785690746358,1,1,1,"",0
"GO:0140056","organelle localization by membrane tethering","0/19","29/3464",0,0,-0.401554097064957,1,1,1,"",0
"GO:0140058","neuron projection arborization","0/19","9/3464",0,0,-0.223051763894324,1,1,1,"",0
"GO:0140112","extracellular vesicle biogenesis","0/19","11/3464",0,0,-0.246664407017154,1,1,1,"",0
"GO:0140239","postsynaptic endocytosis","0/19","16/3464",0,0,-0.297704086332389,1,1,1,"",0
"GO:0140243","regulation of translation at synapse","0/19","5/3464",0,0,-0.166156813285022,1,1,1,"",0
"GO:0140253","cell-cell fusion","0/19","43/3464",0,0,-0.489966202580668,1,1,1,"",0
"GO:0140354","lipid import into cell","0/19","6/3464",0,0,-0.182041985591496,1,1,1,"",0
"GO:0140374","antiviral innate immune response","0/19","14/3464",0,0,-0.278395943846603,1,1,1,"",0
"GO:0140448","signaling receptor ligand precursor processing","0/19","11/3464",0,0,-0.246664407017154,1,1,1,"",0
"GO:0140527","reciprocal homologous recombination","0/19","5/3464",0,0,-0.166156813285022,1,1,1,"",0
"GO:0140546","defense response to symbiont","0/19","183/3464",0,0,-1.03212159011777,1,1,1,"",0
"GO:0140588","chromatin looping","0/19","7/3464",0,0,-0.196656254499952,1,1,1,"",0
"GO:0140627","ubiquitin-dependent protein catabolic process via the C-end degron rule pathway","0/19","9/3464",0,0,-0.223051763894324,1,1,1,"",0
"GO:0140632","canonical inflammasome complex assembly","0/19","8/3464",0,0,-0.210264792883586,1,1,1,"",0
"GO:0140673","transcription elongation-coupled chromatin remodeling","0/19","9/3464",0,0,-0.223051763894324,1,1,1,"",0
"GO:0140718","facultative heterochromatin formation","0/19","6/3464",0,0,-0.182041985591496,1,1,1,"",0
"GO:0140719","constitutive heterochromatin formation","0/19","17/3464",0,0,-0.306910857143731,1,1,1,"",0
"GO:0140861","DNA repair-dependent chromatin remodeling","0/19","6/3464",0,0,-0.182041985591496,1,1,1,"",0
"GO:0140888","interferon-mediated signaling pathway","0/19","21/3464",0,0,-0.341310437223647,1,1,1,"",0
"GO:0140894","endolysosomal toll-like receptor signaling pathway","0/19","10/3464",0,0,-0.235151236373825,1,1,1,"",0
"GO:0140895","cell surface toll-like receptor signaling pathway","0/19","12/3464",0,0,-0.257669884406375,1,1,1,"",0
"GO:0140896","cGAS/STING signaling pathway","0/19","9/3464",0,0,-0.223051763894324,1,1,1,"",0
"GO:0140962","multicellular organismal-level chemical homeostasis","0/19","10/3464",0,0,-0.235151236373825,1,1,1,"",0
"GO:0141005","transposable element silencing by heterochromatin formation","0/19","5/3464",0,0,-0.166156813285022,1,1,1,"",0
"GO:0141060","disruption of anatomical structure in another organism","0/19","6/3464",0,0,-0.182041985591496,1,1,1,"",0
"GO:0141084","inflammasome-mediated signaling pathway","0/19","9/3464",0,0,-0.223051763894324,1,1,1,"",0
"GO:0141085","regulation of inflammasome-mediated signaling pathway","0/19","9/3464",0,0,-0.223051763894324,1,1,1,"",0
"GO:0141087","positive regulation of inflammasome-mediated signaling pathway","0/19","5/3464",0,0,-0.166156813285022,1,1,1,"",0
"GO:0141091","transforming growth factor beta receptor superfamily signaling pathway","0/19","75/3464",0,0,-0.650134601061036,1,1,1,"",0
"GO:0141137","positive regulation of gene expression, epigenetic","0/19","23/3464",0,0,-0.357297530736516,1,1,1,"",0
"GO:0141156","cAMP/PKA signal transduction","0/19","15/3464",0,0,-0.288208951504192,1,1,1,"",0
"GO:0141161","regulation of cAMP/PKA signal transduction","0/19","11/3464",0,0,-0.246664407017154,1,1,1,"",0
"GO:0141162","negative regulation of cAMP/PKA signal transduction","0/19","7/3464",0,0,-0.196656254499952,1,1,1,"",0
"GO:0141198","protein branched polyubiquitination","0/19","10/3464",0,0,-0.235151236373825,1,1,1,"",0
"GO:0150052","regulation of postsynapse assembly","0/19","18/3464",0,0,-0.31585448576581,1,1,1,"",0
"GO:0150063","visual system development","0/19","48/3464",0,0,-0.518048142454573,1,1,1,"",0
"GO:0150076","neuroinflammatory response","0/19","15/3464",0,0,-0.288208951504192,1,1,1,"",0
"GO:0150077","regulation of neuroinflammatory response","0/19","7/3464",0,0,-0.196656254499952,1,1,1,"",0
"GO:0150093","amyloid-beta clearance by transcytosis","0/19","7/3464",0,0,-0.196656254499952,1,1,1,"",0
"GO:0150115","cell-substrate junction organization","0/19","42/3464",0,0,-0.484164648131792,1,1,1,"",0
"GO:0150116","regulation of cell-substrate junction organization","0/19","31/3464",0,0,-0.415290865128321,1,1,1,"",0
"GO:0150117","positive regulation of cell-substrate junction organization","0/19","15/3464",0,0,-0.288208951504192,1,1,1,"",0
"GO:0150118","negative regulation of cell-substrate junction organization","0/19","6/3464",0,0,-0.182041985591496,1,1,1,"",0
"GO:0150146","cell junction disassembly","0/19","7/3464",0,0,-0.196656254499952,1,1,1,"",0
"GO:0160049","negative regulation of cGAS/STING signaling pathway","0/19","6/3464",0,0,-0.182041985591496,1,1,1,"",0
"GO:0160165","CD8-positive, alpha-beta T cell homeostasis","0/19","5/3464",0,0,-0.166156813285022,1,1,1,"",0
"GO:0160240","RNA polymerase II transcription initiation surveillance","0/19","9/3464",0,0,-0.223051763894324,1,1,1,"",0
"GO:0170033","L-amino acid metabolic process","0/19","28/3464",0,0,-0.394512593545314,1,1,1,"",0
"GO:0170034","L-amino acid biosynthetic process","0/19","10/3464",0,0,-0.235151236373825,1,1,1,"",0
"GO:0170035","L-amino acid catabolic process","0/19","16/3464",0,0,-0.297704086332389,1,1,1,"",0
"GO:0170038","proteinogenic amino acid biosynthetic process","0/19","10/3464",0,0,-0.235151236373825,1,1,1,"",0
"GO:0170039","proteinogenic amino acid metabolic process","0/19","26/3464",0,0,-0.380051254953769,1,1,1,"",0
"GO:0170040","proteinogenic amino acid catabolic process","0/19","16/3464",0,0,-0.297704086332389,1,1,1,"",0
"GO:0170041","non-proteinogenic amino acid metabolic process","0/19","11/3464",0,0,-0.246664407017154,1,1,1,"",0
"GO:0170043","non-proteinogenic amino acid biosynthetic process","0/19","5/3464",0,0,-0.166156813285022,1,1,1,"",0
"GO:0170062","nutrient storage","0/19","14/3464",0,0,-0.278395943846603,1,1,1,"",0
"GO:0180010","co-transcriptional mRNA 3'-end processing, cleavage and polyadenylation pathway","0/19","7/3464",0,0,-0.196656254499952,1,1,1,"",0
"GO:0180012","co-transcriptional RNA 3'-end processing, cleavage and polyadenylation pathway","0/19","8/3464",0,0,-0.210264792883586,1,1,1,"",0
"GO:0180046","GPI anchored protein biosynthesis","0/19","11/3464",0,0,-0.246664407017154,1,1,1,"",0
"GO:0180064","protein O-linked glycosylation via xylose","0/19","14/3464",0,0,-0.278395943846603,1,1,1,"",0
"GO:1900027","regulation of ruffle assembly","0/19","10/3464",0,0,-0.235151236373825,1,1,1,"",0
"GO:1900029","positive regulation of ruffle assembly","0/19","7/3464",0,0,-0.196656254499952,1,1,1,"",0
"GO:1900034","regulation of cellular response to heat","0/19","6/3464",0,0,-0.182041985591496,1,1,1,"",0
"GO:1900037","regulation of cellular response to hypoxia","0/19","11/3464",0,0,-0.246664407017154,1,1,1,"",0
"GO:1900038","negative regulation of cellular response to hypoxia","0/19","8/3464",0,0,-0.210264792883586,1,1,1,"",0
"GO:1900044","regulation of protein K63-linked ubiquitination","0/19","5/3464",0,0,-0.166156813285022,1,1,1,"",0
"GO:1900046","regulation of hemostasis","0/19","5/3464",0,0,-0.166156813285022,1,1,1,"",0
"GO:1900076","regulation of cellular response to insulin stimulus","0/19","25/3464",0,0,-0.372616729405071,1,1,1,"",0
"GO:1900077","negative regulation of cellular response to insulin stimulus","0/19","16/3464",0,0,-0.297704086332389,1,1,1,"",0
"GO:1900078","positive regulation of cellular response to insulin stimulus","0/19","9/3464",0,0,-0.223051763894324,1,1,1,"",0
"GO:1900087","positive regulation of G1/S transition of mitotic cell cycle","0/19","9/3464",0,0,-0.223051763894324,1,1,1,"",0
"GO:1900101","regulation of endoplasmic reticulum unfolded protein response","0/19","16/3464",0,0,-0.297704086332389,1,1,1,"",0
"GO:1900102","negative regulation of endoplasmic reticulum unfolded protein response","0/19","12/3464",0,0,-0.257669884406375,1,1,1,"",0
"GO:1900103","positive regulation of endoplasmic reticulum unfolded protein response","0/19","5/3464",0,0,-0.166156813285022,1,1,1,"",0
"GO:1900117","regulation of execution phase of apoptosis","0/19","7/3464",0,0,-0.196656254499952,1,1,1,"",0
"GO:1900118","negative regulation of execution phase of apoptosis","0/19","5/3464",0,0,-0.166156813285022,1,1,1,"",0
"GO:1900152","negative regulation of nuclear-transcribed mRNA catabolic process, deadenylation-dependent decay","0/19","5/3464",0,0,-0.166156813285022,1,1,1,"",0
"GO:1900181","negative regulation of protein localization to nucleus","0/19","11/3464",0,0,-0.246664407017154,1,1,1,"",0
"GO:1900221","regulation of amyloid-beta clearance","0/19","8/3464",0,0,-0.210264792883586,1,1,1,"",0
"GO:1900225","regulation of NLRP3 inflammasome complex assembly","0/19","8/3464",0,0,-0.210264792883586,1,1,1,"",0
"GO:1900227","positive regulation of NLRP3 inflammasome complex assembly","0/19","5/3464",0,0,-0.166156813285022,1,1,1,"",0
"GO:1900242","regulation of synaptic vesicle endocytosis","0/19","11/3464",0,0,-0.246664407017154,1,1,1,"",0
"GO:1900271","regulation of long-term synaptic potentiation","0/19","12/3464",0,0,-0.257669884406375,1,1,1,"",0
"GO:1900272","negative regulation of long-term synaptic potentiation","0/19","6/3464",0,0,-0.182041985591496,1,1,1,"",0
"GO:1900273","positive regulation of long-term synaptic potentiation","0/19","7/3464",0,0,-0.196656254499952,1,1,1,"",0
"GO:1900368","regulation of post-transcriptional gene silencing by regulatory ncRNA","0/19","13/3464",0,0,-0.268230172957206,1,1,1,"",0
"GO:1900370","positive regulation of post-transcriptional gene silencing by RNA","0/19","7/3464",0,0,-0.196656254499952,1,1,1,"",0
"GO:1900371","regulation of purine nucleotide biosynthetic process","0/19","7/3464",0,0,-0.196656254499952,1,1,1,"",0
"GO:1900373","positive regulation of purine nucleotide biosynthetic process","0/19","7/3464",0,0,-0.196656254499952,1,1,1,"",0
"GO:1900407","regulation of cellular response to oxidative stress","0/19","7/3464",0,0,-0.196656254499952,1,1,1,"",0
"GO:1900542","regulation of purine nucleotide metabolic process","0/19","26/3464",0,0,-0.380051254953769,1,1,1,"",0
"GO:1900544","positive regulation of purine nucleotide metabolic process","0/19","17/3464",0,0,-0.306910857143731,1,1,1,"",0
"GO:1901077","regulation of relaxation of muscle","0/19","5/3464",0,0,-0.166156813285022,1,1,1,"",0
"GO:1901096","regulation of autophagosome maturation","0/19","7/3464",0,0,-0.196656254499952,1,1,1,"",0
"GO:1901099","negative regulation of signal transduction in absence of ligand","0/19","7/3464",0,0,-0.196656254499952,1,1,1,"",0
"GO:1901184","regulation of ERBB signaling pathway","0/19","24/3464",0,0,-0.365035273643728,1,1,1,"",0
"GO:1901185","negative regulation of ERBB signaling pathway","0/19","12/3464",0,0,-0.257669884406375,1,1,1,"",0
"GO:1901186","positive regulation of ERBB signaling pathway","0/19","10/3464",0,0,-0.235151236373825,1,1,1,"",0
"GO:1901222","regulation of non-canonical NF-kappaB signal transduction","0/19","18/3464",0,0,-0.31585448576581,1,1,1,"",0
"GO:1901223","negative regulation of non-canonical NF-kappaB signal transduction","0/19","5/3464",0,0,-0.166156813285022,1,1,1,"",0
"GO:1901224","positive regulation of non-canonical NF-kappaB signal transduction","0/19","14/3464",0,0,-0.278395943846603,1,1,1,"",0
"GO:1901264","carbohydrate derivative transport","0/19","16/3464",0,0,-0.297704086332389,1,1,1,"",0
"GO:1901298","regulation of hydrogen peroxide-mediated programmed cell death","0/19","5/3464",0,0,-0.166156813285022,1,1,1,"",0
"GO:1901342","regulation of vasculature development","0/19","50/3464",0,0,-0.528885519978056,1,1,1,"",0
"GO:1901343","negative regulation of vasculature development","0/19","16/3464",0,0,-0.297704086332389,1,1,1,"",0
"GO:1901524","regulation of mitophagy","0/19","21/3464",0,0,-0.341310437223647,1,1,1,"",0
"GO:1901525","negative regulation of mitophagy","0/19","5/3464",0,0,-0.166156813285022,1,1,1,"",0
"GO:1901526","positive regulation of mitophagy","0/19","7/3464",0,0,-0.196656254499952,1,1,1,"",0
"GO:1901532","regulation of hematopoietic progenitor cell differentiation","0/19","16/3464",0,0,-0.297704086332389,1,1,1,"",0
"GO:1901533","negative regulation of hematopoietic progenitor cell differentiation","0/19","6/3464",0,0,-0.182041985591496,1,1,1,"",0
"GO:1901568","fatty acid derivative metabolic process","0/19","20/3464",0,0,-0.333036519803188,1,1,1,"",0
"GO:1901570","fatty acid derivative biosynthetic process","0/19","14/3464",0,0,-0.278395943846603,1,1,1,"",0
"GO:1901605","alpha-amino acid metabolic process","0/19","34/3464",0,0,-0.435111770286058,1,1,1,"",0
"GO:1901606","alpha-amino acid catabolic process","0/19","16/3464",0,0,-0.297704086332389,1,1,1,"",0
"GO:1901607","alpha-amino acid biosynthetic process","0/19","12/3464",0,0,-0.257669884406375,1,1,1,"",0
"GO:1901632","regulation of synaptic vesicle membrane organization","0/19","5/3464",0,0,-0.166156813285022,1,1,1,"",0
"GO:1901654","response to ketone","0/19","44/3464",0,0,-0.495703195266209,1,1,1,"",0
"GO:1901655","cellular response to ketone","0/19","24/3464",0,0,-0.365035273643728,1,1,1,"",0
"GO:1901673","regulation of mitotic spindle assembly","0/19","9/3464",0,0,-0.223051763894324,1,1,1,"",0
"GO:1901679","nucleotide transmembrane transport","0/19","5/3464",0,0,-0.166156813285022,1,1,1,"",0
"GO:1901739","regulation of myoblast fusion","0/19","41/3464",0,0,-0.478296179566983,1,1,1,"",0
"GO:1901740","negative regulation of myoblast fusion","0/19","39/3464",0,0,-0.466348354527256,1,1,1,"",0
"GO:1901796","regulation of signal transduction by p53 class mediator","0/19","34/3464",0,0,-0.435111770286058,1,1,1,"",0
"GO:1901797","negative regulation of signal transduction by p53 class mediator","0/19","7/3464",0,0,-0.196656254499952,1,1,1,"",0
"GO:1901798","positive regulation of signal transduction by p53 class mediator","0/19","17/3464",0,0,-0.306910857143731,1,1,1,"",0
"GO:1901799","negative regulation of proteasomal protein catabolic process","0/19","24/3464",0,0,-0.365035273643728,1,1,1,"",0
"GO:1901800","positive regulation of proteasomal protein catabolic process","0/19","42/3464",0,0,-0.484164648131792,1,1,1,"",0
"GO:1901844","regulation of cell communication by electrical coupling involved in cardiac conduction","0/19","5/3464",0,0,-0.166156813285022,1,1,1,"",0
"GO:1901861","regulation of muscle tissue development","0/19","5/3464",0,0,-0.166156813285022,1,1,1,"",0
"GO:1901873","regulation of post-translational protein modification","0/19","79/3464",0,0,-0.667640451653802,1,1,1,"",0
"GO:1901874","negative regulation of post-translational protein modification","0/19","27/3464",0,0,-0.387347314334364,1,1,1,"",0
"GO:1901875","positive regulation of post-translational protein modification","0/19","41/3464",0,0,-0.478296179566983,1,1,1,"",0
"GO:1901879","regulation of protein depolymerization","0/19","30/3464",0,0,-0.408478229509318,1,1,1,"",0
"GO:1901880","negative regulation of protein depolymerization","0/19","22/3464",0,0,-0.34939311326674,1,1,1,"",0
"GO:1901881","positive regulation of protein depolymerization","0/19","5/3464",0,0,-0.166156813285022,1,1,1,"",0
"GO:1901888","regulation of cell junction assembly","0/19","89/3464",0,0,-0.709686506406661,1,1,1,"",0
"GO:1901889","negative regulation of cell junction assembly","0/19","11/3464",0,0,-0.246664407017154,1,1,1,"",0
"GO:1901890","positive regulation of cell junction assembly","0/19","26/3464",0,0,-0.380051254953769,1,1,1,"",0
"GO:1901950","dense core granule transport","0/19","8/3464",0,0,-0.210264792883586,1,1,1,"",0
"GO:1901970","positive regulation of mitotic sister chromatid separation","0/19","6/3464",0,0,-0.182041985591496,1,1,1,"",0
"GO:1901976","regulation of cell cycle checkpoint","0/19","17/3464",0,0,-0.306910857143731,1,1,1,"",0
"GO:1901978","positive regulation of cell cycle checkpoint","0/19","10/3464",0,0,-0.235151236373825,1,1,1,"",0
"GO:1901989","positive regulation of cell cycle phase transition","0/19","23/3464",0,0,-0.357297530736516,1,1,1,"",0
"GO:1901992","positive regulation of mitotic cell cycle phase transition","0/19","21/3464",0,0,-0.341310437223647,1,1,1,"",0
"GO:1902001","fatty acid transmembrane transport","0/19","6/3464",0,0,-0.182041985591496,1,1,1,"",0
"GO:1902003","regulation of amyloid-beta formation","0/19","17/3464",0,0,-0.306910857143731,1,1,1,"",0
"GO:1902004","positive regulation of amyloid-beta formation","0/19","7/3464",0,0,-0.196656254499952,1,1,1,"",0
"GO:1902017","regulation of cilium assembly","0/19","21/3464",0,0,-0.341310437223647,1,1,1,"",0
"GO:1902018","negative regulation of cilium assembly","0/19","10/3464",0,0,-0.235151236373825,1,1,1,"",0
"GO:1902036","regulation of hematopoietic stem cell differentiation","0/19","10/3464",0,0,-0.235151236373825,1,1,1,"",0
"GO:1902074","response to salt","0/19","5/3464",0,0,-0.166156813285022,1,1,1,"",0
"GO:1902099","regulation of metaphase/anaphase transition of cell cycle","0/19","33/3464",0,0,-0.428602839616084,1,1,1,"",0
"GO:1902100","negative regulation of metaphase/anaphase transition of cell cycle","0/19","16/3464",0,0,-0.297704086332389,1,1,1,"",0
"GO:1902101","positive regulation of metaphase/anaphase transition of cell cycle","0/19","6/3464",0,0,-0.182041985591496,1,1,1,"",0
"GO:1902106","negative regulation of leukocyte differentiation","0/19","18/3464",0,0,-0.31585448576581,1,1,1,"",0
"GO:1902108","regulation of mitochondrial membrane permeability involved in apoptotic process","0/19","8/3464",0,0,-0.210264792883586,1,1,1,"",0
"GO:1902110","positive regulation of mitochondrial membrane permeability involved in apoptotic process","0/19","7/3464",0,0,-0.196656254499952,1,1,1,"",0
"GO:1902115","regulation of organelle assembly","0/19","84/3464",0,0,-0.68895320692221,1,1,1,"",0
"GO:1902116","negative regulation of organelle assembly","0/19","21/3464",0,0,-0.341310437223647,1,1,1,"",0
"GO:1902117","positive regulation of organelle assembly","0/19","29/3464",0,0,-0.401554097064957,1,1,1,"",0
"GO:1902170","cellular response to reactive nitrogen species","0/19","5/3464",0,0,-0.166156813285022,1,1,1,"",0
"GO:1902175","regulation of oxidative stress-induced intrinsic apoptotic signaling pathway","0/19","19/3464",0,0,-0.324556731049388,1,1,1,"",0
"GO:1902176","negative regulation of oxidative stress-induced intrinsic apoptotic signaling pathway","0/19","14/3464",0,0,-0.278395943846603,1,1,1,"",0
"GO:1902229","regulation of intrinsic apoptotic signaling pathway in response to DNA damage","0/19","5/3464",0,0,-0.166156813285022,1,1,1,"",0
"GO:1902235","regulation of endoplasmic reticulum stress-induced intrinsic apoptotic signaling pathway","0/19","12/3464",0,0,-0.257669884406375,1,1,1,"",0
"GO:1902236","negative regulation of endoplasmic reticulum stress-induced intrinsic apoptotic signaling pathway","0/19","9/3464",0,0,-0.223051763894324,1,1,1,"",0
"GO:1902253","regulation of intrinsic apoptotic signaling pathway by p53 class mediator","0/19","6/3464",0,0,-0.182041985591496,1,1,1,"",0
"GO:1902275","regulation of chromatin organization","0/19","8/3464",0,0,-0.210264792883586,1,1,1,"",0
"GO:1902369","negative regulation of RNA catabolic process","0/19","31/3464",0,0,-0.415290865128321,1,1,1,"",0
"GO:1902373","negative regulation of mRNA catabolic process","0/19","28/3464",0,0,-0.394512593545314,1,1,1,"",0
"GO:1902410","mitotic cytokinetic process","0/19","12/3464",0,0,-0.257669884406375,1,1,1,"",0
"GO:1902412","regulation of mitotic cytokinesis","0/19","9/3464",0,0,-0.223051763894324,1,1,1,"",0
"GO:1902430","negative regulation of amyloid-beta formation","0/19","10/3464",0,0,-0.235151236373825,1,1,1,"",0
"GO:1902455","negative regulation of stem cell population maintenance","0/19","9/3464",0,0,-0.223051763894324,1,1,1,"",0
"GO:1902459","positive regulation of stem cell population maintenance","0/19","18/3464",0,0,-0.31585448576581,1,1,1,"",0
"GO:1902475","L-alpha-amino acid transmembrane transport","0/19","19/3464",0,0,-0.324556731049388,1,1,1,"",0
"GO:1902476","chloride transmembrane transport","0/19","11/3464",0,0,-0.246664407017154,1,1,1,"",0
"GO:1902570","protein localization to nucleolus","0/19","6/3464",0,0,-0.182041985591496,1,1,1,"",0
"GO:1902600","proton transmembrane transport","0/19","49/3464",0,0,-0.523493289707436,1,1,1,"",0
"GO:1902652","secondary alcohol metabolic process","0/19","30/3464",0,0,-0.408478229509318,1,1,1,"",0
"GO:1902653","secondary alcohol biosynthetic process","0/19","19/3464",0,0,-0.324556731049388,1,1,1,"",0
"GO:1902656","calcium ion import into cytosol","0/19","5/3464",0,0,-0.166156813285022,1,1,1,"",0
"GO:1902686","mitochondrial outer membrane permeabilization involved in programmed cell death","0/19","8/3464",0,0,-0.210264792883586,1,1,1,"",0
"GO:1902692","regulation of neuroblast proliferation","0/19","6/3464",0,0,-0.182041985591496,1,1,1,"",0
"GO:1902743","regulation of lamellipodium organization","0/19","20/3464",0,0,-0.333036519803188,1,1,1,"",0
"GO:1902745","positive regulation of lamellipodium organization","0/19","17/3464",0,0,-0.306910857143731,1,1,1,"",0
"GO:1902749","regulation of cell cycle G2/M phase transition","0/19","24/3464",0,0,-0.365035273643728,1,1,1,"",0
"GO:1902750","negative regulation of cell cycle G2/M phase transition","0/19","16/3464",0,0,-0.297704086332389,1,1,1,"",0
"GO:1902751","positive regulation of cell cycle G2/M phase transition","0/19","5/3464",0,0,-0.166156813285022,1,1,1,"",0
"GO:1902774","late endosome to lysosome transport","0/19","11/3464",0,0,-0.246664407017154,1,1,1,"",0
"GO:1902806","regulation of cell cycle G1/S phase transition","0/19","48/3464",0,0,-0.518048142454573,1,1,1,"",0
"GO:1902807","negative regulation of cell cycle G1/S phase transition","0/19","14/3464",0,0,-0.278395943846603,1,1,1,"",0
"GO:1902808","positive regulation of cell cycle G1/S phase transition","0/19","10/3464",0,0,-0.235151236373825,1,1,1,"",0
"GO:1902882","regulation of response to oxidative stress","0/19","11/3464",0,0,-0.246664407017154,1,1,1,"",0
"GO:1902893","regulation of miRNA transcription","0/19","19/3464",0,0,-0.324556731049388,1,1,1,"",0
"GO:1902894","negative regulation of miRNA transcription","0/19","8/3464",0,0,-0.210264792883586,1,1,1,"",0
"GO:1902895","positive regulation of miRNA transcription","0/19","12/3464",0,0,-0.257669884406375,1,1,1,"",0
"GO:1902902","negative regulation of autophagosome assembly","0/19","7/3464",0,0,-0.196656254499952,1,1,1,"",0
"GO:1902904","negative regulation of supramolecular fiber organization","0/19","46/3464",0,0,-0.5069922489714,1,1,1,"",0
"GO:1902914","regulation of protein polyubiquitination","0/19","10/3464",0,0,-0.235151236373825,1,1,1,"",0
"GO:1902916","positive regulation of protein polyubiquitination","0/19","5/3464",0,0,-0.166156813285022,1,1,1,"",0
"GO:1902930","regulation of alcohol biosynthetic process","0/19","12/3464",0,0,-0.257669884406375,1,1,1,"",0
"GO:1902932","positive regulation of alcohol biosynthetic process","0/19","7/3464",0,0,-0.196656254499952,1,1,1,"",0
"GO:1902946","protein localization to early endosome","0/19","5/3464",0,0,-0.166156813285022,1,1,1,"",0
"GO:1902950","regulation of dendritic spine maintenance","0/19","7/3464",0,0,-0.196656254499952,1,1,1,"",0
"GO:1902951","negative regulation of dendritic spine maintenance","0/19","5/3464",0,0,-0.166156813285022,1,1,1,"",0
"GO:1902953","positive regulation of ER to Golgi vesicle-mediated transport","0/19","8/3464",0,0,-0.210264792883586,1,1,1,"",0
"GO:1902991","regulation of amyloid precursor protein catabolic process","0/19","20/3464",0,0,-0.333036519803188,1,1,1,"",0
"GO:1902992","negative regulation of amyloid precursor protein catabolic process","0/19","11/3464",0,0,-0.246664407017154,1,1,1,"",0
"GO:1902993","positive regulation of amyloid precursor protein catabolic process","0/19","9/3464",0,0,-0.223051763894324,1,1,1,"",0
"GO:1903008","organelle disassembly","0/19","30/3464",0,0,-0.408478229509318,1,1,1,"",0
"GO:1903018","regulation of glycoprotein metabolic process","0/19","13/3464",0,0,-0.268230172957206,1,1,1,"",0
"GO:1903019","negative regulation of glycoprotein metabolic process","0/19","6/3464",0,0,-0.182041985591496,1,1,1,"",0
"GO:1903020","positive regulation of glycoprotein metabolic process","0/19","5/3464",0,0,-0.166156813285022,1,1,1,"",0
"GO:1903034","regulation of response to wounding","0/19","26/3464",0,0,-0.380051254953769,1,1,1,"",0
"GO:1903035","negative regulation of response to wounding","0/19","16/3464",0,0,-0.297704086332389,1,1,1,"",0
"GO:1903036","positive regulation of response to wounding","0/19","9/3464",0,0,-0.223051763894324,1,1,1,"",0
"GO:1903037","regulation of leukocyte cell-cell adhesion","0/19","71/3464",0,0,-0.632187169877569,1,1,1,"",0
"GO:1903038","negative regulation of leukocyte cell-cell adhesion","0/19","28/3464",0,0,-0.394512593545314,1,1,1,"",0
"GO:1903039","positive regulation of leukocyte cell-cell adhesion","0/19","48/3464",0,0,-0.518048142454573,1,1,1,"",0
"GO:1903046","meiotic cell cycle process","0/19","18/3464",0,0,-0.31585448576581,1,1,1,"",0
"GO:1903053","regulation of extracellular matrix organization","0/19","9/3464",0,0,-0.223051763894324,1,1,1,"",0
"GO:1903055","positive regulation of extracellular matrix organization","0/19","7/3464",0,0,-0.196656254499952,1,1,1,"",0
"GO:1903059","regulation of protein lipidation","0/19","6/3464",0,0,-0.182041985591496,1,1,1,"",0
"GO:1903076","regulation of protein localization to plasma membrane","0/19","40/3464",0,0,-0.472358299854603,1,1,1,"",0
"GO:1903077","negative regulation of protein localization to plasma membrane","0/19","10/3464",0,0,-0.235151236373825,1,1,1,"",0
"GO:1903078","positive regulation of protein localization to plasma membrane","0/19","19/3464",0,0,-0.324556731049388,1,1,1,"",0
"GO:1903115","regulation of actin filament-based movement","0/19","11/3464",0,0,-0.246664407017154,1,1,1,"",0
"GO:1903146","regulation of autophagy of mitochondrion","0/19","23/3464",0,0,-0.357297530736516,1,1,1,"",0
"GO:1903147","negative regulation of autophagy of mitochondrion","0/19","5/3464",0,0,-0.166156813285022,1,1,1,"",0
"GO:1903169","regulation of calcium ion transmembrane transport","0/19","29/3464",0,0,-0.401554097064957,1,1,1,"",0
"GO:1903170","negative regulation of calcium ion transmembrane transport","0/19","10/3464",0,0,-0.235151236373825,1,1,1,"",0
"GO:1903232","melanosome assembly","0/19","8/3464",0,0,-0.210264792883586,1,1,1,"",0
"GO:1903241","U2-type prespliceosome assembly","0/19","7/3464",0,0,-0.196656254499952,1,1,1,"",0
"GO:1903265","positive regulation of tumor necrosis factor-mediated signaling pathway","0/19","7/3464",0,0,-0.196656254499952,1,1,1,"",0
"GO:1903297","regulation of hypoxia-induced intrinsic apoptotic signaling pathway","0/19","5/3464",0,0,-0.166156813285022,1,1,1,"",0
"GO:1903298","negative regulation of hypoxia-induced intrinsic apoptotic signaling pathway","0/19","5/3464",0,0,-0.166156813285022,1,1,1,"",0
"GO:1903305","regulation of regulated secretory pathway","0/19","30/3464",0,0,-0.408478229509318,1,1,1,"",0
"GO:1903306","negative regulation of regulated secretory pathway","0/19","6/3464",0,0,-0.182041985591496,1,1,1,"",0
"GO:1903307","positive regulation of regulated secretory pathway","0/19","10/3464",0,0,-0.235151236373825,1,1,1,"",0
"GO:1903312","negative regulation of mRNA metabolic process","0/19","43/3464",0,0,-0.489966202580668,1,1,1,"",0
"GO:1903317","regulation of protein maturation","0/19","7/3464",0,0,-0.196656254499952,1,1,1,"",0
"GO:1903318","negative regulation of protein maturation","0/19","5/3464",0,0,-0.166156813285022,1,1,1,"",0
"GO:1903320","regulation of protein modification by small protein conjugation or removal","0/19","77/3464",0,0,-0.65894049436606,1,1,1,"",0
"GO:1903321","negative regulation of protein modification by small protein conjugation or removal","0/19","27/3464",0,0,-0.387347314334364,1,1,1,"",0
"GO:1903322","positive regulation of protein modification by small protein conjugation or removal","0/19","40/3464",0,0,-0.472358299854603,1,1,1,"",0
"GO:1903358","regulation of Golgi organization","0/19","8/3464",0,0,-0.210264792883586,1,1,1,"",0
"GO:1903376","regulation of oxidative stress-induced neuron intrinsic apoptotic signaling pathway","0/19","8/3464",0,0,-0.210264792883586,1,1,1,"",0
"GO:1903377","negative regulation of oxidative stress-induced neuron intrinsic apoptotic signaling pathway","0/19","7/3464",0,0,-0.196656254499952,1,1,1,"",0
"GO:1903405","protein localization to nuclear body","0/19","5/3464",0,0,-0.166156813285022,1,1,1,"",0
"GO:1903409","reactive oxygen species biosynthetic process","0/19","12/3464",0,0,-0.257669884406375,1,1,1,"",0
"GO:1903421","regulation of synaptic vesicle recycling","0/19","13/3464",0,0,-0.268230172957206,1,1,1,"",0
"GO:1903426","regulation of reactive oxygen species biosynthetic process","0/19","9/3464",0,0,-0.223051763894324,1,1,1,"",0
"GO:1903427","negative regulation of reactive oxygen species biosynthetic process","0/19","6/3464",0,0,-0.182041985591496,1,1,1,"",0
"GO:1903432","regulation of TORC1 signaling","0/19","40/3464",0,0,-0.472358299854603,1,1,1,"",0
"GO:1903441","protein localization to ciliary membrane","0/19","13/3464",0,0,-0.268230172957206,1,1,1,"",0
"GO:1903504","regulation of mitotic spindle checkpoint","0/19","11/3464",0,0,-0.246664407017154,1,1,1,"",0
"GO:1903509","liposaccharide metabolic process","0/19","28/3464",0,0,-0.394512593545314,1,1,1,"",0
"GO:1903513","endoplasmic reticulum to cytosol transport","0/19","14/3464",0,0,-0.278395943846603,1,1,1,"",0
"GO:1903514","release of sequestered calcium ion into cytosol by endoplasmic reticulum","0/19","9/3464",0,0,-0.223051763894324,1,1,1,"",0
"GO:1903524","positive regulation of blood circulation","0/19","6/3464",0,0,-0.182041985591496,1,1,1,"",0
"GO:1903531","negative regulation of secretion by cell","0/19","25/3464",0,0,-0.372616729405071,1,1,1,"",0
"GO:1903533","regulation of protein targeting","0/19","9/3464",0,0,-0.223051763894324,1,1,1,"",0
"GO:1903540","establishment of protein localization to postsynaptic membrane","0/19","5/3464",0,0,-0.166156813285022,1,1,1,"",0
"GO:1903541","regulation of exosomal secretion","0/19","9/3464",0,0,-0.223051763894324,1,1,1,"",0
"GO:1903543","positive regulation of exosomal secretion","0/19","8/3464",0,0,-0.210264792883586,1,1,1,"",0
"GO:1903555","regulation of tumor necrosis factor superfamily cytokine production","0/19","29/3464",0,0,-0.401554097064957,1,1,1,"",0
"GO:1903556","negative regulation of tumor necrosis factor superfamily cytokine production","0/19","6/3464",0,0,-0.182041985591496,1,1,1,"",0
"GO:1903557","positive regulation of tumor necrosis factor superfamily cytokine production","0/19","21/3464",0,0,-0.341310437223647,1,1,1,"",0
"GO:1903573","negative regulation of response to endoplasmic reticulum stress","0/19","24/3464",0,0,-0.365035273643728,1,1,1,"",0
"GO:1903578","regulation of ATP metabolic process","0/19","25/3464",0,0,-0.372616729405071,1,1,1,"",0
"GO:1903580","positive regulation of ATP metabolic process","0/19","17/3464",0,0,-0.306910857143731,1,1,1,"",0
"GO:1903599","positive regulation of autophagy of mitochondrion","0/19","9/3464",0,0,-0.223051763894324,1,1,1,"",0
"GO:1903608","protein localization to cytoplasmic stress granule","0/19","6/3464",0,0,-0.182041985591496,1,1,1,"",0
"GO:1903670","regulation of sprouting angiogenesis","0/19","8/3464",0,0,-0.210264792883586,1,1,1,"",0
"GO:1903672","positive regulation of sprouting angiogenesis","0/19","6/3464",0,0,-0.182041985591496,1,1,1,"",0
"GO:1903707","negative regulation of hemopoiesis","0/19","20/3464",0,0,-0.333036519803188,1,1,1,"",0
"GO:1903725","regulation of phospholipid metabolic process","0/19","11/3464",0,0,-0.246664407017154,1,1,1,"",0
"GO:1903729","regulation of plasma membrane organization","0/19","5/3464",0,0,-0.166156813285022,1,1,1,"",0
"GO:1903747","regulation of protein localization to mitochondrion","0/19","23/3464",0,0,-0.357297530736516,1,1,1,"",0
"GO:1903749","positive regulation of protein localization to mitochondrion","0/19","17/3464",0,0,-0.306910857143731,1,1,1,"",0
"GO:1903779","regulation of cardiac conduction","0/19","6/3464",0,0,-0.182041985591496,1,1,1,"",0
"GO:1903828","negative regulation of protein localization","0/19","56/3464",0,0,-0.560212317594344,1,1,1,"",0
"GO:1903830","magnesium ion transmembrane transport","0/19","5/3464",0,0,-0.166156813285022,1,1,1,"",0
"GO:1903844","regulation of cellular response to transforming growth factor beta stimulus","0/19","37/3464",0,0,-0.454100774842204,1,1,1,"",0
"GO:1903846","positive regulation of cellular response to transforming growth factor beta stimulus","0/19","9/3464",0,0,-0.223051763894324,1,1,1,"",0
"GO:1903859","regulation of dendrite extension","0/19","7/3464",0,0,-0.196656254499952,1,1,1,"",0
"GO:1903861","positive regulation of dendrite extension","0/19","6/3464",0,0,-0.182041985591496,1,1,1,"",0
"GO:1903897","regulation of PERK-mediated unfolded protein response","0/19","8/3464",0,0,-0.210264792883586,1,1,1,"",0
"GO:1903898","negative regulation of PERK-mediated unfolded protein response","0/19","7/3464",0,0,-0.196656254499952,1,1,1,"",0
"GO:1903900","regulation of viral life cycle","0/19","27/3464",0,0,-0.387347314334364,1,1,1,"",0
"GO:1903902","positive regulation of viral life cycle","0/19","9/3464",0,0,-0.223051763894324,1,1,1,"",0
"GO:1903909","regulation of receptor clustering","0/19","5/3464",0,0,-0.166156813285022,1,1,1,"",0
"GO:1903939","regulation of TORC2 signaling","0/19","6/3464",0,0,-0.182041985591496,1,1,1,"",0
"GO:1904018","positive regulation of vasculature development","0/19","30/3464",0,0,-0.408478229509318,1,1,1,"",0
"GO:1904036","negative regulation of epithelial cell apoptotic process","0/19","6/3464",0,0,-0.182041985591496,1,1,1,"",0
"GO:1904063","negative regulation of cation transmembrane transport","0/19","14/3464",0,0,-0.278395943846603,1,1,1,"",0
"GO:1904152","regulation of retrograde protein transport, ER to cytosol","0/19","6/3464",0,0,-0.182041985591496,1,1,1,"",0
"GO:1904153","negative regulation of retrograde protein transport, ER to cytosol","0/19","5/3464",0,0,-0.166156813285022,1,1,1,"",0
"GO:1904177","regulation of adipose tissue development","0/19","8/3464",0,0,-0.210264792883586,1,1,1,"",0
"GO:1904178","negative regulation of adipose tissue development","0/19","5/3464",0,0,-0.166156813285022,1,1,1,"",0
"GO:1904262","negative regulation of TORC1 signaling","0/19","19/3464",0,0,-0.324556731049388,1,1,1,"",0
"GO:1904263","positive regulation of TORC1 signaling","0/19","22/3464",0,0,-0.34939311326674,1,1,1,"",0
"GO:1904292","regulation of ERAD pathway","0/19","12/3464",0,0,-0.257669884406375,1,1,1,"",0
"GO:1904294","positive regulation of ERAD pathway","0/19","9/3464",0,0,-0.223051763894324,1,1,1,"",0
"GO:1904353","regulation of telomere capping","0/19","7/3464",0,0,-0.196656254499952,1,1,1,"",0
"GO:1904356","regulation of telomere maintenance via telomere lengthening","0/19","22/3464",0,0,-0.34939311326674,1,1,1,"",0
"GO:1904357","negative regulation of telomere maintenance via telomere lengthening","0/19","8/3464",0,0,-0.210264792883586,1,1,1,"",0
"GO:1904358","positive regulation of telomere maintenance via telomere lengthening","0/19","15/3464",0,0,-0.288208951504192,1,1,1,"",0
"GO:1904376","negative regulation of protein localization to cell periphery","0/19","11/3464",0,0,-0.246664407017154,1,1,1,"",0
"GO:1904377","positive regulation of protein localization to cell periphery","0/19","26/3464",0,0,-0.380051254953769,1,1,1,"",0
"GO:1904380","endoplasmic reticulum mannose trimming","0/19","5/3464",0,0,-0.166156813285022,1,1,1,"",0
"GO:1904385","cellular response to angiotensin","0/19","9/3464",0,0,-0.223051763894324,1,1,1,"",0
"GO:1904415","regulation of xenophagy","0/19","6/3464",0,0,-0.182041985591496,1,1,1,"",0
"GO:1904427","positive regulation of calcium ion transmembrane transport","0/19","9/3464",0,0,-0.223051763894324,1,1,1,"",0
"GO:1904491","protein localization to ciliary transition zone","0/19","5/3464",0,0,-0.166156813285022,1,1,1,"",0
"GO:1904515","positive regulation of TORC2 signaling","0/19","5/3464",0,0,-0.166156813285022,1,1,1,"",0
"GO:1904594","regulation of termination of RNA polymerase II transcription","0/19","7/3464",0,0,-0.196656254499952,1,1,1,"",0
"GO:1904595","positive regulation of termination of RNA polymerase II transcription","0/19","5/3464",0,0,-0.166156813285022,1,1,1,"",0
"GO:1904645","response to amyloid-beta","0/19","12/3464",0,0,-0.257669884406375,1,1,1,"",0
"GO:1904646","cellular response to amyloid-beta","0/19","12/3464",0,0,-0.257669884406375,1,1,1,"",0
"GO:1904688","regulation of cytoplasmic translational initiation","0/19","6/3464",0,0,-0.182041985591496,1,1,1,"",0
"GO:1904705","regulation of vascular associated smooth muscle cell proliferation","0/19","14/3464",0,0,-0.278395943846603,1,1,1,"",0
"GO:1904706","negative regulation of vascular associated smooth muscle cell proliferation","0/19","5/3464",0,0,-0.166156813285022,1,1,1,"",0
"GO:1904707","positive regulation of vascular associated smooth muscle cell proliferation","0/19","9/3464",0,0,-0.223051763894324,1,1,1,"",0
"GO:1904738","vascular associated smooth muscle cell migration","0/19","9/3464",0,0,-0.223051763894324,1,1,1,"",0
"GO:1904752","regulation of vascular associated smooth muscle cell migration","0/19","9/3464",0,0,-0.223051763894324,1,1,1,"",0
"GO:1904754","positive regulation of vascular associated smooth muscle cell migration","0/19","5/3464",0,0,-0.166156813285022,1,1,1,"",0
"GO:1904779","regulation of protein localization to centrosome","0/19","5/3464",0,0,-0.166156813285022,1,1,1,"",0
"GO:1904861","excitatory synapse assembly","0/19","14/3464",0,0,-0.278395943846603,1,1,1,"",0
"GO:1904867","protein localization to Cajal body","0/19","5/3464",0,0,-0.166156813285022,1,1,1,"",0
"GO:1904869","regulation of protein localization to Cajal body","0/19","5/3464",0,0,-0.166156813285022,1,1,1,"",0
"GO:1904871","positive regulation of protein localization to Cajal body","0/19","5/3464",0,0,-0.166156813285022,1,1,1,"",0
"GO:1904872","regulation of telomerase RNA localization to Cajal body","0/19","8/3464",0,0,-0.210264792883586,1,1,1,"",0
"GO:1904874","positive regulation of telomerase RNA localization to Cajal body","0/19","5/3464",0,0,-0.166156813285022,1,1,1,"",0
"GO:1904889","regulation of excitatory synapse assembly","0/19","7/3464",0,0,-0.196656254499952,1,1,1,"",0
"GO:1904892","regulation of receptor signaling pathway via STAT","0/19","18/3464",0,0,-0.31585448576581,1,1,1,"",0
"GO:1904893","negative regulation of receptor signaling pathway via STAT","0/19","7/3464",0,0,-0.196656254499952,1,1,1,"",0
"GO:1904894","positive regulation of receptor signaling pathway via STAT","0/19","8/3464",0,0,-0.210264792883586,1,1,1,"",0
"GO:1904896","ESCRT complex disassembly","0/19","6/3464",0,0,-0.182041985591496,1,1,1,"",0
"GO:1904903","ESCRT III complex disassembly","0/19","6/3464",0,0,-0.182041985591496,1,1,1,"",0
"GO:1904950","negative regulation of establishment of protein localization","0/19","26/3464",0,0,-0.380051254953769,1,1,1,"",0
"GO:1905037","autophagosome organization","0/19","63/3464",0,0,-0.594806070053513,1,1,1,"",0
"GO:1905039","carboxylic acid transmembrane transport","0/19","32/3464",0,0,-0.421997407283268,1,1,1,"",0
"GO:1905089","regulation of type 2 mitophagy","0/19","6/3464",0,0,-0.182041985591496,1,1,1,"",0
"GO:1905091","positive regulation of type 2 mitophagy","0/19","5/3464",0,0,-0.166156813285022,1,1,1,"",0
"GO:1905144","response to acetylcholine","0/19","6/3464",0,0,-0.182041985591496,1,1,1,"",0
"GO:1905145","cellular response to acetylcholine","0/19","6/3464",0,0,-0.182041985591496,1,1,1,"",0
"GO:1905146","lysosomal protein catabolic process","0/19","5/3464",0,0,-0.166156813285022,1,1,1,"",0
"GO:1905168","positive regulation of double-strand break repair via homologous recombination","0/19","16/3464",0,0,-0.297704086332389,1,1,1,"",0
"GO:1905279","regulation of retrograde transport, endosome to Golgi","0/19","5/3464",0,0,-0.166156813285022,1,1,1,"",0
"GO:1905288","vascular associated smooth muscle cell apoptotic process","0/19","5/3464",0,0,-0.166156813285022,1,1,1,"",0
"GO:1905314","semi-lunar valve development","0/19","9/3464",0,0,-0.223051763894324,1,1,1,"",0
"GO:1905330","regulation of morphogenesis of an epithelium","0/19","6/3464",0,0,-0.182041985591496,1,1,1,"",0
"GO:1905383","protein localization to presynapse","0/19","6/3464",0,0,-0.182041985591496,1,1,1,"",0
"GO:1905459","regulation of vascular associated smooth muscle cell apoptotic process","0/19","5/3464",0,0,-0.166156813285022,1,1,1,"",0
"GO:1905476","negative regulation of protein localization to membrane","0/19","12/3464",0,0,-0.257669884406375,1,1,1,"",0
"GO:1905477","positive regulation of protein localization to membrane","0/19","26/3464",0,0,-0.380051254953769,1,1,1,"",0
"GO:1905508","protein localization to microtubule organizing center","0/19","17/3464",0,0,-0.306910857143731,1,1,1,"",0
"GO:1905515","non-motile cilium assembly","0/19","12/3464",0,0,-0.257669884406375,1,1,1,"",0
"GO:1905517","macrophage migration","0/19","10/3464",0,0,-0.235151236373825,1,1,1,"",0
"GO:1905521","regulation of macrophage migration","0/19","9/3464",0,0,-0.223051763894324,1,1,1,"",0
"GO:1905523","positive regulation of macrophage migration","0/19","6/3464",0,0,-0.182041985591496,1,1,1,"",0
"GO:1905562","regulation of vascular endothelial cell proliferation","0/19","9/3464",0,0,-0.223051763894324,1,1,1,"",0
"GO:1905564","positive regulation of vascular endothelial cell proliferation","0/19","7/3464",0,0,-0.196656254499952,1,1,1,"",0
"GO:1905606","regulation of presynapse assembly","0/19","7/3464",0,0,-0.196656254499952,1,1,1,"",0
"GO:1905634","regulation of protein localization to chromatin","0/19","6/3464",0,0,-0.182041985591496,1,1,1,"",0
"GO:1905710","positive regulation of membrane permeability","0/19","10/3464",0,0,-0.235151236373825,1,1,1,"",0
"GO:1905809","negative regulation of synapse organization","0/19","5/3464",0,0,-0.166156813285022,1,1,1,"",0
"GO:1905818","regulation of chromosome separation","0/19","23/3464",0,0,-0.357297530736516,1,1,1,"",0
"GO:1905819","negative regulation of chromosome separation","0/19","16/3464",0,0,-0.297704086332389,1,1,1,"",0
"GO:1905820","positive regulation of chromosome separation","0/19","7/3464",0,0,-0.196656254499952,1,1,1,"",0
"GO:1905874","regulation of postsynaptic density organization","0/19","9/3464",0,0,-0.223051763894324,1,1,1,"",0
"GO:1905897","regulation of response to endoplasmic reticulum stress","0/19","36/3464",0,0,-0.44785690746358,1,1,1,"",0
"GO:1905898","positive regulation of response to endoplasmic reticulum stress","0/19","16/3464",0,0,-0.297704086332389,1,1,1,"",0
"GO:1905906","regulation of amyloid fibril formation","0/19","7/3464",0,0,-0.196656254499952,1,1,1,"",0
"GO:1905908","positive regulation of amyloid fibril formation","0/19","5/3464",0,0,-0.166156813285022,1,1,1,"",0
"GO:1905952","regulation of lipid localization","0/19","22/3464",0,0,-0.34939311326674,1,1,1,"",0
"GO:1905953","negative regulation of lipid localization","0/19","12/3464",0,0,-0.257669884406375,1,1,1,"",0
"GO:1905954","positive regulation of lipid localization","0/19","9/3464",0,0,-0.223051763894324,1,1,1,"",0
"GO:1990000","amyloid fibril formation","0/19","13/3464",0,0,-0.268230172957206,1,1,1,"",0
"GO:1990034","calcium ion export across plasma membrane","0/19","5/3464",0,0,-0.166156813285022,1,1,1,"",0
"GO:1990089","response to nerve growth factor","0/19","26/3464",0,0,-0.380051254953769,1,1,1,"",0
"GO:1990090","cellular response to nerve growth factor stimulus","0/19","26/3464",0,0,-0.380051254953769,1,1,1,"",0
"GO:1990116","ribosome-associated ubiquitin-dependent protein catabolic process","0/19","12/3464",0,0,-0.257669884406375,1,1,1,"",0
"GO:1990144","intrinsic apoptotic signaling pathway in response to hypoxia","0/19","7/3464",0,0,-0.196656254499952,1,1,1,"",0
"GO:1990173","protein localization to nucleoplasm","0/19","6/3464",0,0,-0.182041985591496,1,1,1,"",0
"GO:1990182","exosomal secretion","0/19","10/3464",0,0,-0.235151236373825,1,1,1,"",0
"GO:1990253","cellular response to leucine starvation","0/19","9/3464",0,0,-0.223051763894324,1,1,1,"",0
"GO:1990266","neutrophil migration","0/19","10/3464",0,0,-0.235151236373825,1,1,1,"",0
"GO:1990416","cellular response to brain-derived neurotrophic factor stimulus","0/19","5/3464",0,0,-0.166156813285022,1,1,1,"",0
"GO:1990456","mitochondrion-endoplasmic reticulum membrane tethering","0/19","5/3464",0,0,-0.166156813285022,1,1,1,"",0
"GO:1990535","neuron projection maintenance","0/19","5/3464",0,0,-0.166156813285022,1,1,1,"",0
"GO:1990542","mitochondrial transmembrane transport","0/19","8/3464",0,0,-0.210264792883586,1,1,1,"",0
"GO:1990748","cellular detoxification","0/19","23/3464",0,0,-0.357297530736516,1,1,1,"",0
"GO:1990776","response to angiotensin","0/19","9/3464",0,0,-0.223051763894324,1,1,1,"",0
"GO:1990806","ligand-gated ion channel signaling pathway","0/19","12/3464",0,0,-0.257669884406375,1,1,1,"",0
"GO:1990840","response to lectin","0/19","6/3464",0,0,-0.182041985591496,1,1,1,"",0
"GO:1990845","adaptive thermogenesis","0/19","34/3464",0,0,-0.435111770286058,1,1,1,"",0
"GO:1990849","vacuolar localization","0/19","18/3464",0,0,-0.31585448576581,1,1,1,"",0
"GO:1990858","cellular response to lectin","0/19","6/3464",0,0,-0.182041985591496,1,1,1,"",0
"GO:1990868","response to chemokine","0/19","9/3464",0,0,-0.223051763894324,1,1,1,"",0
"GO:1990869","cellular response to chemokine","0/19","9/3464",0,0,-0.223051763894324,1,1,1,"",0
"GO:1990874","vascular associated smooth muscle cell proliferation","0/19","14/3464",0,0,-0.278395943846603,1,1,1,"",0
"GO:1990928","response to amino acid starvation","0/19","19/3464",0,0,-0.324556731049388,1,1,1,"",0
"GO:2000001","regulation of DNA damage checkpoint","0/19","6/3464",0,0,-0.182041985591496,1,1,1,"",0
"GO:2000008","regulation of protein localization to cell surface","0/19","15/3464",0,0,-0.288208951504192,1,1,1,"",0
"GO:2000009","negative regulation of protein localization to cell surface","0/19","5/3464",0,0,-0.166156813285022,1,1,1,"",0
"GO:2000010","positive regulation of protein localization to cell surface","0/19","6/3464",0,0,-0.182041985591496,1,1,1,"",0
"GO:2000027","regulation of animal organ morphogenesis","0/19","5/3464",0,0,-0.166156813285022,1,1,1,"",0
"GO:2000036","regulation of stem cell population maintenance","0/19","28/3464",0,0,-0.394512593545314,1,1,1,"",0
"GO:2000045","regulation of G1/S transition of mitotic cell cycle","0/19","44/3464",0,0,-0.495703195266209,1,1,1,"",0
"GO:2000058","regulation of ubiquitin-dependent protein catabolic process","0/19","63/3464",0,0,-0.594806070053513,1,1,1,"",0
"GO:2000059","negative regulation of ubiquitin-dependent protein catabolic process","0/19","24/3464",0,0,-0.365035273643728,1,1,1,"",0
"GO:2000060","positive regulation of ubiquitin-dependent protein catabolic process","0/19","34/3464",0,0,-0.435111770286058,1,1,1,"",0
"GO:2000074","regulation of type B pancreatic cell development","0/19","5/3464",0,0,-0.166156813285022,1,1,1,"",0
"GO:2000106","regulation of leukocyte apoptotic process","0/19","8/3464",0,0,-0.210264792883586,1,1,1,"",0
"GO:2000114","regulation of establishment of cell polarity","0/19","8/3464",0,0,-0.210264792883586,1,1,1,"",0
"GO:2000134","negative regulation of G1/S transition of mitotic cell cycle","0/19","12/3464",0,0,-0.257669884406375,1,1,1,"",0
"GO:2000142","regulation of DNA-templated transcription initiation","0/19","28/3464",0,0,-0.394512593545314,1,1,1,"",0
"GO:2000143","negative regulation of DNA-templated transcription initiation","0/19","7/3464",0,0,-0.196656254499952,1,1,1,"",0
"GO:2000144","positive regulation of DNA-templated transcription initiation","0/19","21/3464",0,0,-0.341310437223647,1,1,1,"",0
"GO:2000181","negative regulation of blood vessel morphogenesis","0/19","16/3464",0,0,-0.297704086332389,1,1,1,"",0
"GO:2000197","regulation of ribonucleoprotein complex localization","0/19","7/3464",0,0,-0.196656254499952,1,1,1,"",0
"GO:2000241","regulation of reproductive process","0/19","16/3464",0,0,-0.297704086332389,1,1,1,"",0
"GO:2000243","positive regulation of reproductive process","0/19","5/3464",0,0,-0.166156813285022,1,1,1,"",0
"GO:2000278","regulation of DNA biosynthetic process","0/19","23/3464",0,0,-0.357297530736516,1,1,1,"",0
"GO:2000279","negative regulation of DNA biosynthetic process","0/19","7/3464",0,0,-0.196656254499952,1,1,1,"",0
"GO:2000300","regulation of synaptic vesicle exocytosis","0/19","19/3464",0,0,-0.324556731049388,1,1,1,"",0
"GO:2000351","regulation of endothelial cell apoptotic process","0/19","9/3464",0,0,-0.223051763894324,1,1,1,"",0
"GO:2000352","negative regulation of endothelial cell apoptotic process","0/19","5/3464",0,0,-0.166156813285022,1,1,1,"",0
"GO:2000377","regulation of reactive oxygen species metabolic process","0/19","31/3464",0,0,-0.415290865128321,1,1,1,"",0
"GO:2000378","negative regulation of reactive oxygen species metabolic process","0/19","11/3464",0,0,-0.246664407017154,1,1,1,"",0
"GO:2000379","positive regulation of reactive oxygen species metabolic process","0/19","14/3464",0,0,-0.278395943846603,1,1,1,"",0
"GO:2000401","regulation of lymphocyte migration","0/19","13/3464",0,0,-0.268230172957206,1,1,1,"",0
"GO:2000403","positive regulation of lymphocyte migration","0/19","9/3464",0,0,-0.223051763894324,1,1,1,"",0
"GO:2000404","regulation of T cell migration","0/19","9/3464",0,0,-0.223051763894324,1,1,1,"",0
"GO:2000406","positive regulation of T cell migration","0/19","8/3464",0,0,-0.210264792883586,1,1,1,"",0
"GO:2000434","regulation of protein neddylation","0/19","9/3464",0,0,-0.223051763894324,1,1,1,"",0
"GO:2000515","negative regulation of CD4-positive, alpha-beta T cell activation","0/19","6/3464",0,0,-0.182041985591496,1,1,1,"",0
"GO:2000516","positive regulation of CD4-positive, alpha-beta T cell activation","0/19","7/3464",0,0,-0.196656254499952,1,1,1,"",0
"GO:2000573","positive regulation of DNA biosynthetic process","0/19","14/3464",0,0,-0.278395943846603,1,1,1,"",0
"GO:2000601","positive regulation of Arp2/3 complex-mediated actin nucleation","0/19","6/3464",0,0,-0.182041985591496,1,1,1,"",0
"GO:2000622","regulation of nuclear-transcribed mRNA catabolic process, nonsense-mediated decay","0/19","5/3464",0,0,-0.166156813285022,1,1,1,"",0
"GO:2000628","regulation of miRNA metabolic process","0/19","24/3464",0,0,-0.365035273643728,1,1,1,"",0
"GO:2000629","negative regulation of miRNA metabolic process","0/19","9/3464",0,0,-0.223051763894324,1,1,1,"",0
"GO:2000630","positive regulation of miRNA metabolic process","0/19","14/3464",0,0,-0.278395943846603,1,1,1,"",0
"GO:2000637","positive regulation of miRNA-mediated gene silencing","0/19","7/3464",0,0,-0.196656254499952,1,1,1,"",0
"GO:2000641","regulation of early endosome to late endosome transport","0/19","8/3464",0,0,-0.210264792883586,1,1,1,"",0
"GO:2000644","regulation of receptor catabolic process","0/19","6/3464",0,0,-0.182041985591496,1,1,1,"",0
"GO:2000646","positive regulation of receptor catabolic process","0/19","5/3464",0,0,-0.166156813285022,1,1,1,"",0
"GO:2000736","regulation of stem cell differentiation","0/19","22/3464",0,0,-0.34939311326674,1,1,1,"",0
"GO:2000737","negative regulation of stem cell differentiation","0/19","5/3464",0,0,-0.166156813285022,1,1,1,"",0
"GO:2000738","positive regulation of stem cell differentiation","0/19","5/3464",0,0,-0.166156813285022,1,1,1,"",0
"GO:2000765","regulation of cytoplasmic translation","0/19","17/3464",0,0,-0.306910857143731,1,1,1,"",0
"GO:2000767","positive regulation of cytoplasmic translation","0/19","8/3464",0,0,-0.210264792883586,1,1,1,"",0
"GO:2000772","regulation of cellular senescence","0/19","9/3464",0,0,-0.223051763894324,1,1,1,"",0
"GO:2000779","regulation of double-strand break repair","0/19","41/3464",0,0,-0.478296179566983,1,1,1,"",0
"GO:2000780","negative regulation of double-strand break repair","0/19","5/3464",0,0,-0.166156813285022,1,1,1,"",0
"GO:2000781","positive regulation of double-strand break repair","0/19","33/3464",0,0,-0.428602839616084,1,1,1,"",0
"GO:2000785","regulation of autophagosome assembly","0/19","28/3464",0,0,-0.394512593545314,1,1,1,"",0
"GO:2000786","positive regulation of autophagosome assembly","0/19","12/3464",0,0,-0.257669884406375,1,1,1,"",0
"GO:2000804","regulation of termination of RNA polymerase II transcription, poly(A)-coupled","0/19","6/3464",0,0,-0.182041985591496,1,1,1,"",0
"GO:2000816","negative regulation of mitotic sister chromatid separation","0/19","15/3464",0,0,-0.288208951504192,1,1,1,"",0
"GO:2000819","regulation of nucleotide-excision repair","0/19","14/3464",0,0,-0.278395943846603,1,1,1,"",0
"GO:2001014","regulation of skeletal muscle cell differentiation","0/19","8/3464",0,0,-0.210264792883586,1,1,1,"",0
"GO:2001057","reactive nitrogen species metabolic process","0/19","18/3464",0,0,-0.31585448576581,1,1,1,"",0
"GO:2001135","regulation of endocytic recycling","0/19","10/3464",0,0,-0.235151236373825,1,1,1,"",0
"GO:2001169","regulation of ATP biosynthetic process","0/19","7/3464",0,0,-0.196656254499952,1,1,1,"",0
"GO:2001171","positive regulation of ATP biosynthetic process","0/19","7/3464",0,0,-0.196656254499952,1,1,1,"",0
"GO:2001235","positive regulation of apoptotic signaling pathway","0/19","20/3464",0,0,-0.333036519803188,1,1,1,"",0
"GO:2001239","regulation of extrinsic apoptotic signaling pathway in absence of ligand","0/19","7/3464",0,0,-0.196656254499952,1,1,1,"",0
"GO:2001240","negative regulation of extrinsic apoptotic signaling pathway in absence of ligand","0/19","7/3464",0,0,-0.196656254499952,1,1,1,"",0
"GO:2001242","regulation of intrinsic apoptotic signaling pathway","0/19","54/3464",0,0,-0.549956226669746,1,1,1,"",0
"GO:2001243","negative regulation of intrinsic apoptotic signaling pathway","0/19","36/3464",0,0,-0.44785690746358,1,1,1,"",0
"GO:2001244","positive regulation of intrinsic apoptotic signaling pathway","0/19","15/3464",0,0,-0.288208951504192,1,1,1,"",0
"GO:2001251","negative regulation of chromosome organization","0/19","32/3464",0,0,-0.421997407283268,1,1,1,"",0
"GO:2001252","positive regulation of chromosome organization","0/19","35/3464",0,0,-0.441528470388438,1,1,1,"",0
