sample_name,ref_class,external_donor_name_label
AAGACTCAGGGAACAA-LKTX_190129_01_A01,ast,H18.30.001
ACCCAAACAAGAGGCT-LKTX_190129_01_A01,ast,H18.30.001
AGTACTGCAGATGCGA-LKTX_190129_01_A01,ast,H18.30.001
ATCGATGTCTGCGATA-LKTX_190129_01_A01,ast,H18.30.001
ATTTCACTCCGTGTGG-LKTX_190129_01_A01,ast,H18.30.001
CCATCACGTTCTCGCT-LKTX_190129_01_A01,ast,H18.30.001
CCCTTAGAGGAGACCT-LKTX_190129_01_A01,ast,H18.30.001
CGAGTTAGTGAGCAGT-LKTX_190129_01_A01,ast,H18.30.001
CTGCCTACAAATAAGC-LKTX_190129_01_A01,ast,H18.30.001
GACACGCGTTTCGTTT-LKTX_190129_01_A01,ast,H18.30.001
GTTGCTCCAGAGTGTG-LKTX_190129_01_A01,ast,H18.30.001
TCACAAGGTGAAGCTG-LKTX_190129_01_A01,ast,H18.30.001
TCCATCGCACGTACAT-LKTX_190129_01_A01,ast,H18.30.001
TCGCAGGAGCACTCAT-LKTX_190129_01_A01,ast,H18.30.001
TGCAGATCAGCCTATA-LKTX_190129_01_A01,ast,H18.30.001
TGCAGTAAGACTCGAG-LKTX_190129_01_A01,ast,H18.30.001
TTGGTTTCAGACTCTA-LKTX_190129_01_A01,ast,H18.30.001
AATGACCCATAACAGA-LKTX_190129_01_B01,ast,H18.30.001
CAGATTGAGGTCATAA-LKTX_190129_01_B01,ast,H18.30.001
CCTTGTGGTTCATCGA-LKTX_190129_01_B01,ast,H18.30.001
CGAGGAAAGGGTAGCT-LKTX_190129_01_B01,ast,H18.30.001
CGCCATTAGACGTCCC-LKTX_190129_01_B01,ast,H18.30.001
CTCAACCGTCAGGAGT-LKTX_190129_01_B01,ast,H18.30.001
GAAGAATGTGACAGGT-LKTX_190129_01_B01,ast,H18.30.001
GACTCTCGTAATGATG-LKTX_190129_01_B01,ast,H18.30.001
GTTCTATCACACCAGC-LKTX_190129_01_B01,ast,H18.30.001
TAGGGTTCATAGAATG-LKTX_190129_01_B01,ast,H18.30.001
TCAGCAATCAAGAATG-LKTX_190129_01_B01,ast,H18.30.001
TCCACCATCCCTCGTA-LKTX_190129_01_B01,ast,H18.30.001
TGTACAGCATCTCATT-LKTX_190129_01_B01,ast,H18.30.001
TGTAGACGTGCCAAGA-LKTX_190129_01_B01,ast,H18.30.001
TTATTGCGTGAGTTGG-LKTX_190129_01_B01,ast,H18.30.001
TTGAACGTCGGCATTA-LKTX_190129_01_B01,ast,H18.30.001
ACGGTTATCGAACCAT-LKTX_190129_01_C01,ast,H18.30.001
AGGCATTTCTCCCTAG-LKTX_190129_01_C01,ast,H18.30.001
ATCGTCCCAACCACAT-LKTX_190129_01_C01,ast,H18.30.001
CCCTCAAGTCCAACGC-LKTX_190129_01_C01,ast,H18.30.001
CCGTTCAGTCGAACGA-LKTX_190129_01_C01,ast,H18.30.001
GCCAACGAGATGCTGG-LKTX_190129_01_C01,ast,H18.30.001
GGGCGTTTCTTTGCAT-LKTX_190129_01_C01,ast,H18.30.001
GTCTAGACACTACACA-LKTX_190129_01_C01,ast,H18.30.001
TCGCTTGTCTTAGTTC-LKTX_190129_01_C01,ast,H18.30.001
TTTCGATTCACCTTAT-LKTX_190129_01_C01,ast,H18.30.001
ACAAAGAGTATGTCTG-LKTX_190129_01_D01,ast,H18.30.001
AGAGCCCAGTCTCTGA-LKTX_190129_01_D01,ast,H18.30.001
AGCTTCCTCGTTGTTT-LKTX_190129_01_D01,ast,H18.30.001
AGGAATATCGCCTTTG-LKTX_190129_01_D01,ast,H18.30.001
ATGTCTTGTCATGCAT-LKTX_190129_01_D01,ast,H18.30.001
GAGATGGCATCATCCC-LKTX_190129_01_D01,ast,H18.30.001
GTACAACTCTCCCATG-LKTX_190129_01_D01,ast,H18.30.001
GTCAAACCAGAGGAAA-LKTX_190129_01_D01,ast,H18.30.001
AAACGAAAGCCAAGGT-LKTX_190130_01_E01,ast,H18.30.001
AAAGGTAAGTCTCGTA-LKTX_190130_01_E01,ast,H18.30.001
AACCAACGTCCAAGAG-LKTX_190130_01_E01,ast,H18.30.001
AACGTCATCTGTAAGC-LKTX_190130_01_E01,ast,H18.30.001
AATGGAAAGCATCCTA-LKTX_190130_01_E01,ast,H18.30.001
ACACCAACAGCATCTA-LKTX_190130_01_E01,ast,H18.30.001
ACTTCGCGTGTTTCTT-LKTX_190130_01_E01,ast,H18.30.001
AGAACAATCTCGGCTT-LKTX_190130_01_E01,ast,H18.30.001
AGACAAAGTCAGTCCG-LKTX_190130_01_E01,ast,H18.30.001
AGACCCGCAACTCGTA-LKTX_190130_01_E01,ast,H18.30.001
AGAGAGCCAATACGAA-LKTX_190130_01_E01,ast,H18.30.001
AGATCCATCAAGCGTT-LKTX_190130_01_E01,ast,H18.30.001
AGATGCTTCTATGCCC-LKTX_190130_01_E01,ast,H18.30.001
AGGACGAAGCGTTCAT-LKTX_190130_01_E01,ast,H18.30.001
AGGACTTTCACTTGTT-LKTX_190130_01_E01,ast,H18.30.001
AGTCAACCATCCGTTC-LKTX_190130_01_E01,ast,H18.30.001
ATCTTCAAGTTAACAG-LKTX_190130_01_E01,ast,H18.30.001
ATTGTTCAGTGAGCCA-LKTX_190130_01_E01,ast,H18.30.001
CAACGATAGGACAACC-LKTX_190130_01_E01,ast,H18.30.001
CAATGACCAGTTACCA-LKTX_190130_01_E01,ast,H18.30.001
CACGGGTCAGTAGATA-LKTX_190130_01_E01,ast,H18.30.001
CACGGGTTCTTACACT-LKTX_190130_01_E01,ast,H18.30.001
CACTAAGCAGAATGTA-LKTX_190130_01_E01,ast,H18.30.001
CATCGGGTCTCTGGTC-LKTX_190130_01_E01,ast,H18.30.001
CATGCAATCAGATTGC-LKTX_190130_01_E01,ast,H18.30.001
CCAAGCGGTTTGTGGT-LKTX_190130_01_E01,ast,H18.30.001
CCCAACTTCCAGTGCG-LKTX_190130_01_E01,ast,H18.30.001
CCCGAAGGTGCCCTTT-LKTX_190130_01_E01,ast,H18.30.001
CCCTTAGGTGCTTATG-LKTX_190130_01_E01,ast,H18.30.001
CCTCTAGAGCACCGAA-LKTX_190130_01_E01,ast,H18.30.001
CCTCTCCAGTTAGTAG-LKTX_190130_01_E01,ast,H18.30.001
CCTTGTGGTTAAGAAC-LKTX_190130_01_E01,ast,H18.30.001
CGAGTGCTCGAGTGAG-LKTX_190130_01_E01,ast,H18.30.001
CGGACACCAGGGTTGA-LKTX_190130_01_E01,ast,H18.30.001
CGTAAGTAGCGACCCT-LKTX_190130_01_E01,ast,H18.30.001
CGTCAAAAGAGAGTTT-LKTX_190130_01_E01,ast,H18.30.001
CTACTATGTTAGTCGT-LKTX_190130_01_E01,ast,H18.30.001
CTCCATGCACAGACGA-LKTX_190130_01_E01,ast,H18.30.001
CTTCCGAAGCATTGTC-LKTX_190130_01_E01,ast,H18.30.001
GAACACTTCGTCGCTT-LKTX_190130_01_E01,ast,H18.30.001
GAGGGATAGTCGGCCT-LKTX_190130_01_E01,ast,H18.30.001
GCAACCGGTCGTCGGT-LKTX_190130_01_E01,ast,H18.30.001
GGAGCAAGTATCGATC-LKTX_190130_01_E01,ast,H18.30.001
GGGACAAGTAGACAGC-LKTX_190130_01_E01,ast,H18.30.001
GGGACTCAGTTCTACG-LKTX_190130_01_E01,ast,H18.30.001
GGGATCCGTCCCGTGA-LKTX_190130_01_E01,ast,H18.30.001
GGGCGTTAGGACCCAA-LKTX_190130_01_E01,ast,H18.30.001
GGGTCTGCACGGGTAA-LKTX_190130_01_E01,ast,H18.30.001
GGTGGCTCAGACCGCT-LKTX_190130_01_E01,ast,H18.30.001
GTCAGCGCACAAAGCG-LKTX_190130_01_E01,ast,H18.30.001
GTGTTCCAGAGGGTAA-LKTX_190130_01_E01,ast,H18.30.001
GTTACCCAGACATAGT-LKTX_190130_01_E01,ast,H18.30.001
TACCGGGTCACAGAGG-LKTX_190130_01_E01,ast,H18.30.001
TACGCTCGTATACGGG-LKTX_190130_01_E01,ast,H18.30.001
TAGACTGGTCACTACA-LKTX_190130_01_E01,ast,H18.30.001
TATACCTGTAGTAAGT-LKTX_190130_01_E01,ast,H18.30.001
TATTCCAAGTCACAGG-LKTX_190130_01_E01,ast,H18.30.001
TCACGCTAGTCTTCGA-LKTX_190130_01_E01,ast,H18.30.001
TCAGTTTAGGTGCGAT-LKTX_190130_01_E01,ast,H18.30.001
TCGAACACATAGTCAC-LKTX_190130_01_E01,ast,H18.30.001
TCGCAGGTCACGGGCT-LKTX_190130_01_E01,ast,H18.30.001
TCGCTCAAGGGTGAGG-LKTX_190130_01_E01,ast,H18.30.001
TCTACCGGTACGGATG-LKTX_190130_01_E01,ast,H18.30.001
TGATGCAGTGTCATGT-LKTX_190130_01_E01,ast,H18.30.001
TGGGATTGTAATTGGA-LKTX_190130_01_E01,ast,H18.30.001
TGGGATTGTTTACGAC-LKTX_190130_01_E01,ast,H18.30.001
TGTAGACCAACCGTGC-LKTX_190130_01_E01,ast,H18.30.001
TGTTCATGTCAAGCCC-LKTX_190130_01_E01,ast,H18.30.001
TTACCATCACAGCCAC-LKTX_190130_01_E01,ast,H18.30.001
TTCAATCCAGTCGCTG-LKTX_190130_01_E01,ast,H18.30.001
TTCAGGAGTAGTGTGG-LKTX_190130_01_E01,ast,H18.30.001
TTGAACGGTCTCAGGC-LKTX_190130_01_E01,ast,H18.30.001
TTGAGTGCAAGGTCAG-LKTX_190130_01_E01,ast,H18.30.001
TTGTGTTAGAAGTCTA-LKTX_190130_01_E01,ast,H18.30.001
AAACCCATCCACTTCG-LKTX_190130_01_F01,ast,H18.30.001
AACCTTTAGTAGCATA-LKTX_190130_01_F01,ast,H18.30.001
AAGACAACAATTGCCA-LKTX_190130_01_F01,ast,H18.30.001
AAGCATCAGACATCCT-LKTX_190130_01_F01,ast,H18.30.001
ACAAGCTAGGCCACCT-LKTX_190130_01_F01,ast,H18.30.001
ACAGCCGGTGTGCTTA-LKTX_190130_01_F01,ast,H18.30.001
ACATCCCCATGAATCC-LKTX_190130_01_F01,ast,H18.30.001
ACGATGTGTGTTATCG-LKTX_190130_01_F01,ast,H18.30.001
ACTTCCGTCCTCACTG-LKTX_190130_01_F01,ast,H18.30.001
AGAGAATTCTTCTGGC-LKTX_190130_01_F01,ast,H18.30.001
AGAGAGCCACCTCAGG-LKTX_190130_01_F01,ast,H18.30.001
AGATCCACAATGTTGC-LKTX_190130_01_F01,ast,H18.30.001
AGCGTCGGTCAAATCC-LKTX_190130_01_F01,ast,H18.30.001
AGGTAGGCAGCATTGT-LKTX_190130_01_F01,ast,H18.30.001
AGTAGCTCATCGGATT-LKTX_190130_01_F01,ast,H18.30.001
AGTAGTCCAGAGAAAG-LKTX_190130_01_F01,ast,H18.30.001
AGTTAGCCAATGGCCC-LKTX_190130_01_F01,ast,H18.30.001
ATAGGCTTCTTGAGCA-LKTX_190130_01_F01,ast,H18.30.001
ATTACTCTCTCATGGA-LKTX_190130_01_F01,ast,H18.30.001
ATTCAGGGTACTGACT-LKTX_190130_01_F01,ast,H18.30.001
ATTCATCCAGAAGCGT-LKTX_190130_01_F01,ast,H18.30.001
ATTCGTTCACAGACGA-LKTX_190130_01_F01,ast,H18.30.001
ATTCTACGTGAACTAA-LKTX_190130_01_F01,ast,H18.30.001
CAATGACGTTCCACGG-LKTX_190130_01_F01,ast,H18.30.001
CACAGGCAGGCTCCCA-LKTX_190130_01_F01,ast,H18.30.001
CACTGAACAAACCGGA-LKTX_190130_01_F01,ast,H18.30.001
CATCCACAGTCCCGAC-LKTX_190130_01_F01,ast,H18.30.001
CATGCAAAGCTAGAAT-LKTX_190130_01_F01,ast,H18.30.001
CATTTCAGTGCTCCGA-LKTX_190130_01_F01,ast,H18.30.001
CCACTTGAGCCAGTAG-LKTX_190130_01_F01,ast,H18.30.001
CCCTCTCCACGTGAGA-LKTX_190130_01_F01,ast,H18.30.001
CCTCAACAGATCCGAG-LKTX_190130_01_F01,ast,H18.30.001
CGCGTGACACTTCTCG-LKTX_190130_01_F01,ast,H18.30.001
CGGAACCGTTCCCAAA-LKTX_190130_01_F01,ast,H18.30.001
CTACTATGTCCTGGTG-LKTX_190130_01_F01,ast,H18.30.001
CTATCTAAGCAACTCT-LKTX_190130_01_F01,ast,H18.30.001
CTCAGTCAGAGAATCT-LKTX_190130_01_F01,ast,H18.30.001
CTGGTCTGTTTCGCTC-LKTX_190130_01_F01,ast,H18.30.001
CTGTATTAGATAACAC-LKTX_190130_01_F01,ast,H18.30.001
GACGTTAAGCGACTGA-LKTX_190130_01_F01,ast,H18.30.001
GAGACCCTCTACGCGG-LKTX_190130_01_F01,ast,H18.30.001
GATCATGAGGGCCAAT-LKTX_190130_01_F01,ast,H18.30.001
GCACGGTAGACTTCAC-LKTX_190130_01_F01,ast,H18.30.001
GCACGGTAGCGTTGTT-LKTX_190130_01_F01,ast,H18.30.001
GCAGTTAAGCTTTCCC-LKTX_190130_01_F01,ast,H18.30.001
GCCAGCATCTACGCAA-LKTX_190130_01_F01,ast,H18.30.001
GGAGAACGTGCTCCGA-LKTX_190130_01_F01,ast,H18.30.001
GGGAAGTTCCATAGAC-LKTX_190130_01_F01,ast,H18.30.001
GGTAATCCAGACACAG-LKTX_190130_01_F01,ast,H18.30.001
GGTCTGGCACTGTTCC-LKTX_190130_01_F01,ast,H18.30.001
GTAACCATCCAACTAG-LKTX_190130_01_F01,ast,H18.30.001
GTAGCTAGTCGTGGAA-LKTX_190130_01_F01,ast,H18.30.001
GTAGTACAGCACTCGC-LKTX_190130_01_F01,ast,H18.30.001
GTGGAAGTCGCTGTTC-LKTX_190130_01_F01,ast,H18.30.001
GTTACGACATTGCCGG-LKTX_190130_01_F01,ast,H18.30.001
GTTCGCTGTGCATACT-LKTX_190130_01_F01,ast,H18.30.001
TACAACGAGAGAGTTT-LKTX_190130_01_F01,ast,H18.30.001
TACAGGTGTCGATGCC-LKTX_190130_01_F01,ast,H18.30.001
TACCCGTTCAGTGTTG-LKTX_190130_01_F01,ast,H18.30.001
TACCGGGGTCACGACC-LKTX_190130_01_F01,ast,H18.30.001
TAGAGTCTCGCCTAGG-LKTX_190130_01_F01,ast,H18.30.001
TAGATCGCATCAGTCA-LKTX_190130_01_F01,ast,H18.30.001
TCAATCTCATGGAATA-LKTX_190130_01_F01,ast,H18.30.001
TCAGCAAGTCTGCGCA-LKTX_190130_01_F01,ast,H18.30.001
TCATACTAGATTAGAC-LKTX_190130_01_F01,ast,H18.30.001
TCATACTAGCAAGCCA-LKTX_190130_01_F01,ast,H18.30.001
TCATGGACACCTTCCA-LKTX_190130_01_F01,ast,H18.30.001
TCTACATGTGGAGAAA-LKTX_190130_01_F01,ast,H18.30.001
TCTTCCTGTATATGGA-LKTX_190130_01_F01,ast,H18.30.001
TGACCCTCAATAAGGT-LKTX_190130_01_F01,ast,H18.30.001
TGAGTCATCGGAATTC-LKTX_190130_01_F01,ast,H18.30.001
TGATGCATCGGAGTAG-LKTX_190130_01_F01,ast,H18.30.001
TGCAGTACAACAAAGT-LKTX_190130_01_F01,ast,H18.30.001
TGGTTAGGTACGGATG-LKTX_190130_01_F01,ast,H18.30.001
TGTAACGCAATCTCGA-LKTX_190130_01_F01,ast,H18.30.001
TGTGTGACATAGGCGA-LKTX_190130_01_F01,ast,H18.30.001
TGTGTGAGTGGTCTCG-LKTX_190130_01_F01,ast,H18.30.001
TTACCGCAGCTAGAGC-LKTX_190130_01_F01,ast,H18.30.001
TTACGCCGTTAGAAAC-LKTX_190130_01_F01,ast,H18.30.001
TTCGATTAGCTTGTGT-LKTX_190130_01_F01,ast,H18.30.001
TTGCATTTCATGGTAC-LKTX_190130_01_F01,ast,H18.30.001
TTGGTTTAGGAAGTGA-LKTX_190130_01_F01,ast,H18.30.001
TTGTGGATCTAAGAAG-LKTX_190130_01_F01,ast,H18.30.001
TTGTTGTGTACGTACT-LKTX_190130_01_F01,ast,H18.30.001
AAAGGGCCATATCGGT-LKTX_190130_01_G01,ast,H18.30.001
AAAGGTAGTGTGAGCA-LKTX_190130_01_G01,ast,H18.30.001
AACAAGAGTGCAAGAC-LKTX_190130_01_G01,ast,H18.30.001
AAGATAGGTCGTTTCC-LKTX_190130_01_G01,ast,H18.30.001
AAGGAATCAACGACTT-LKTX_190130_01_G01,ast,H18.30.001
ACATGCACATTCACCC-LKTX_190130_01_G01,ast,H18.30.001
ACTATCTGTATCGTAC-LKTX_190130_01_G01,ast,H18.30.001
ACTATCTTCGTTCTCG-LKTX_190130_01_G01,ast,H18.30.001
AGACACTAGCAATTCC-LKTX_190130_01_G01,ast,H18.30.001
AGACACTGTGCCTTCT-LKTX_190130_01_G01,ast,H18.30.001
AGACCATCACGCGTCA-LKTX_190130_01_G01,ast,H18.30.001
AGCCACGGTCGGCTAC-LKTX_190130_01_G01,ast,H18.30.001
AGCCAGCTCGTGTGAT-LKTX_190130_01_G01,ast,H18.30.001
AGCGATTAGGATATAC-LKTX_190130_01_G01,ast,H18.30.001
AGCGCCAAGCAGTAAT-LKTX_190130_01_G01,ast,H18.30.001
AGCGCCATCCGTCACT-LKTX_190130_01_G01,ast,H18.30.001
AGCGTCGCACCTCGTT-LKTX_190130_01_G01,ast,H18.30.001
AGCTACAAGTCACAGG-LKTX_190130_01_G01,ast,H18.30.001
AGGGCTCTCGTTCTGC-LKTX_190130_01_G01,ast,H18.30.001
AGTTCCCCACCAGCCA-LKTX_190130_01_G01,ast,H18.30.001
AGTTCCCCAGGTTACT-LKTX_190130_01_G01,ast,H18.30.001
ATAGACCGTTTCCATT-LKTX_190130_01_G01,ast,H18.30.001
ATCCTATGTCATTGCA-LKTX_190130_01_G01,ast,H18.30.001
ATCTTCATCACCTGTC-LKTX_190130_01_G01,ast,H18.30.001
ATTATCCGTGGCCACT-LKTX_190130_01_G01,ast,H18.30.001
ATTCAGGGTGACAGCA-LKTX_190130_01_G01,ast,H18.30.001
ATTCCTACAGCGTACC-LKTX_190130_01_G01,ast,H18.30.001
ATTTCACAGCCTATCA-LKTX_190130_01_G01,ast,H18.30.001
ATTTCACCAGGGATAC-LKTX_190130_01_G01,ast,H18.30.001
CAAGAGGTCATTTCCA-LKTX_190130_01_G01,ast,H18.30.001
CACTGGGCACTCCTTG-LKTX_190130_01_G01,ast,H18.30.001
CACTGTCAGACCTCAT-LKTX_190130_01_G01,ast,H18.30.001
CATAGACCATGGTACT-LKTX_190130_01_G01,ast,H18.30.001
CCATAAGTCAGTGATC-LKTX_190130_01_G01,ast,H18.30.001
CCATCACCAGAATGTA-LKTX_190130_01_G01,ast,H18.30.001
CCATCACGTATTCCGA-LKTX_190130_01_G01,ast,H18.30.001
CCATCACGTGGACCAA-LKTX_190130_01_G01,ast,H18.30.001
CGAATTGTCTGTGCAA-LKTX_190130_01_G01,ast,H18.30.001
CGGGTGTGTCGCGTCA-LKTX_190130_01_G01,ast,H18.30.001
CTAAGTGAGTGCACAG-LKTX_190130_01_G01,ast,H18.30.001
CTACCTGCACAAGCTT-LKTX_190130_01_G01,ast,H18.30.001
CTCCAACTCTCATAGG-LKTX_190130_01_G01,ast,H18.30.001
CTCGAGGTCTGCGTCT-LKTX_190130_01_G01,ast,H18.30.001
CTGTGGGTCCGCACGA-LKTX_190130_01_G01,ast,H18.30.001
GAACACTAGAGCGACT-LKTX_190130_01_G01,ast,H18.30.001
GAGACTTCACTTGAGT-LKTX_190130_01_G01,ast,H18.30.001
GATGATCTCGATGCTA-LKTX_190130_01_G01,ast,H18.30.001
GATTCGATCAGTCACA-LKTX_190130_01_G01,ast,H18.30.001
GCACGGTTCACGGGCT-LKTX_190130_01_G01,ast,H18.30.001
GCATCTCTCCCGTTGT-LKTX_190130_01_G01,ast,H18.30.001
GCATGATTCCCAGCGA-LKTX_190130_01_G01,ast,H18.30.001
GGATGTTTCAATCGGT-LKTX_190130_01_G01,ast,H18.30.001
GGCTTGGGTACTAAGA-LKTX_190130_01_G01,ast,H18.30.001
GGGTAGAGTCCAAGAG-LKTX_190130_01_G01,ast,H18.30.001
GGTGAAGAGTAGGTTA-LKTX_190130_01_G01,ast,H18.30.001
GGTTGTAGTTTGCAGT-LKTX_190130_01_G01,ast,H18.30.001
GTCAGCGAGTTGAAGT-LKTX_190130_01_G01,ast,H18.30.001
GTTAGACCACTACAGT-LKTX_190130_01_G01,ast,H18.30.001
GTTCCGTAGTCAACAA-LKTX_190130_01_G01,ast,H18.30.001
GTTTGGAAGCAACAGC-LKTX_190130_01_G01,ast,H18.30.001
TACCCACCAGTATTCG-LKTX_190130_01_G01,ast,H18.30.001
TAGAGTCGTATGAAAC-LKTX_190130_01_G01,ast,H18.30.001
TAGCACAAGTAAGCAT-LKTX_190130_01_G01,ast,H18.30.001
TAGGAGGAGTGAGGTC-LKTX_190130_01_G01,ast,H18.30.001
TATCCTATCTCTGACC-LKTX_190130_01_G01,ast,H18.30.001
TATTCCAGTTGGGAAC-LKTX_190130_01_G01,ast,H18.30.001
TCAATTCAGCCTTCTC-LKTX_190130_01_G01,ast,H18.30.001
TCACATTTCTGCCCTA-LKTX_190130_01_G01,ast,H18.30.001
TCACTCGTCAGACATC-LKTX_190130_01_G01,ast,H18.30.001
TCAGTGATCTGGGTCG-LKTX_190130_01_G01,ast,H18.30.001
TCATGTTTCATTCACT-LKTX_190130_01_G01,ast,H18.30.001
TCCGGGAAGGAGAGGC-LKTX_190130_01_G01,ast,H18.30.001
TCCTGCATCCTTCTGG-LKTX_190130_01_G01,ast,H18.30.001
TCTATACTCGGAATTC-LKTX_190130_01_G01,ast,H18.30.001
TCTGCCATCCGTATAG-LKTX_190130_01_G01,ast,H18.30.001
TCTGTCGGTGGATCAG-LKTX_190130_01_G01,ast,H18.30.001
TCTTAGTAGTCTCGTA-LKTX_190130_01_G01,ast,H18.30.001
TCTTCCTGTGAGGCAT-LKTX_190130_01_G01,ast,H18.30.001
TGAATGCCATACACCA-LKTX_190130_01_G01,ast,H18.30.001
TGATGCAGTGGCCCAT-LKTX_190130_01_G01,ast,H18.30.001
TGCAGTATCGGTCTAA-LKTX_190130_01_G01,ast,H18.30.001
TGGAACTCATACACCA-LKTX_190130_01_G01,ast,H18.30.001
TGGAGAGAGCAGTAAT-LKTX_190130_01_G01,ast,H18.30.001
TGGATCAAGTACTGGG-LKTX_190130_01_G01,ast,H18.30.001
TGGTAGTTCTGTTCAT-LKTX_190130_01_G01,ast,H18.30.001
TGTAACGAGCCTCGTG-LKTX_190130_01_G01,ast,H18.30.001
TGTCCACCATATTCGG-LKTX_190130_01_G01,ast,H18.30.001
TGTTCATTCTGTTGGA-LKTX_190130_01_G01,ast,H18.30.001
TGTTGAGGTCGAGATG-LKTX_190130_01_G01,ast,H18.30.001
TTACCGCGTAGGTTTC-LKTX_190130_01_G01,ast,H18.30.001
TTAGGCATCGCTGACG-LKTX_190130_01_G01,ast,H18.30.001
TTAGGGTAGGACTTCT-LKTX_190130_01_G01,ast,H18.30.001
TTGATGGCATTGACAC-LKTX_190130_01_G01,ast,H18.30.001
TTGCTGCAGTTGGAAT-LKTX_190130_01_G01,ast,H18.30.001
TTTCAGTAGATTGTGA-LKTX_190130_01_G01,ast,H18.30.001
TTTCGATCAGGTACGA-LKTX_190130_01_G01,ast,H18.30.001
AAAGTCCAGCTACTGT-LKTX_190130_01_H01,ast,H18.30.001
AACAGGGGTGGCTGAA-LKTX_190130_01_H01,ast,H18.30.001
AACCAACAGAGGTCGT-LKTX_190130_01_H01,ast,H18.30.001
AACCATGCACACGCCA-LKTX_190130_01_H01,ast,H18.30.001
AAGAACAAGTATGACA-LKTX_190130_01_H01,ast,H18.30.001
AATGAAGCAGGATCTT-LKTX_190130_01_H01,ast,H18.30.001
AATTCCTCAATCGCGC-LKTX_190130_01_H01,ast,H18.30.001
ACTGATGGTCTAGATC-LKTX_190130_01_H01,ast,H18.30.001
ACTTATCAGTCGCCAC-LKTX_190130_01_H01,ast,H18.30.001
AGATCCACAGGCATTT-LKTX_190130_01_H01,ast,H18.30.001
AGGTAGGCACCTCTAC-LKTX_190130_01_H01,ast,H18.30.001
ATATCCTCATGACTGT-LKTX_190130_01_H01,ast,H18.30.001
ATCGATGGTTCTCGCT-LKTX_190130_01_H01,ast,H18.30.001
ATCGGATTCAGCCTCT-LKTX_190130_01_H01,ast,H18.30.001
ATCTCTAGTTACGGAG-LKTX_190130_01_H01,ast,H18.30.001
ATTACTCAGACATCCT-LKTX_190130_01_H01,ast,H18.30.001
ATTATCCAGTAGCAAT-LKTX_190130_01_H01,ast,H18.30.001
ATTCTTGGTAGGAGGG-LKTX_190130_01_H01,ast,H18.30.001
ATTCTTGGTTGACTGT-LKTX_190130_01_H01,ast,H18.30.001
CACACAATCGTGGCGT-LKTX_190130_01_H01,ast,H18.30.001
CAGTTAGAGAGCCTGA-LKTX_190130_01_H01,ast,H18.30.001
CATAGACGTGGAACAC-LKTX_190130_01_H01,ast,H18.30.001
CATGGTAGTGGGTCAA-LKTX_190130_01_H01,ast,H18.30.001
CATTGAGAGAGTCTTC-LKTX_190130_01_H01,ast,H18.30.001
CCCGAAGTCAAGCTTG-LKTX_190130_01_H01,ast,H18.30.001
CCCGGAACATGTCGTA-LKTX_190130_01_H01,ast,H18.30.001
CCGGTGAAGTGTTCCA-LKTX_190130_01_H01,ast,H18.30.001
CCTCACACAGCTTTGA-LKTX_190130_01_H01,ast,H18.30.001
CGAGTGCTCGGCACTG-LKTX_190130_01_H01,ast,H18.30.001
CGCCATTAGGCTGTAG-LKTX_190130_01_H01,ast,H18.30.001
CGTTAGACATCTATCT-LKTX_190130_01_H01,ast,H18.30.001
CTCTCAGAGTGGACTG-LKTX_190130_01_H01,ast,H18.30.001
CTGAGGCTCAGCTTGA-LKTX_190130_01_H01,ast,H18.30.001
CTGATCCTCTAGCATG-LKTX_190130_01_H01,ast,H18.30.001
CTTCAATTCTATCACT-LKTX_190130_01_H01,ast,H18.30.001
CTTGAGAAGTTCCGGC-LKTX_190130_01_H01,ast,H18.30.001
CTTTCAAAGGGCATGT-LKTX_190130_01_H01,ast,H18.30.001
GACCTTCGTACCCAGC-LKTX_190130_01_H01,ast,H18.30.001
GACGCTGAGCGATGCA-LKTX_190130_01_H01,ast,H18.30.001
GAGGGTAGTTCGAAGG-LKTX_190130_01_H01,ast,H18.30.001
GAGTCATTCCTACGGG-LKTX_190130_01_H01,ast,H18.30.001
GCCAGGTGTACGGTTT-LKTX_190130_01_H01,ast,H18.30.001
GCCCGAATCGATTCCC-LKTX_190130_01_H01,ast,H18.30.001
GCCGTGATCATCGCAA-LKTX_190130_01_H01,ast,H18.30.001
GCTGGGTCACATCATG-LKTX_190130_01_H01,ast,H18.30.001
GCTTGGGGTAGTCTTG-LKTX_190130_01_H01,ast,H18.30.001
GTAACACAGATTCGAA-LKTX_190130_01_H01,ast,H18.30.001
GTAAGTCGTATGGAGC-LKTX_190130_01_H01,ast,H18.30.001
GTACAACTCACGAGGA-LKTX_190130_01_H01,ast,H18.30.001
GTCACGGTCACAGTGT-LKTX_190130_01_H01,ast,H18.30.001
GTCGTAAAGATTGACA-LKTX_190130_01_H01,ast,H18.30.001
GTGATGTTCCCAGGCA-LKTX_190130_01_H01,ast,H18.30.001
TACACCCCAATCACGT-LKTX_190130_01_H01,ast,H18.30.001
TAGATCGCATCAGCGC-LKTX_190130_01_H01,ast,H18.30.001
TATCTTGAGGTTGGTG-LKTX_190130_01_H01,ast,H18.30.001
TATTTCGGTACTGACT-LKTX_190130_01_H01,ast,H18.30.001
TCATATCGTGATTGGG-LKTX_190130_01_H01,ast,H18.30.001
TCATGGAGTCTGTGTA-LKTX_190130_01_H01,ast,H18.30.001
TCATTTGTCTTAGTTC-LKTX_190130_01_H01,ast,H18.30.001
TCCACCACAGACCATT-LKTX_190130_01_H01,ast,H18.30.001
TCCATGCGTACCAATC-LKTX_190130_01_H01,ast,H18.30.001
TCCCAGTTCGTTGTAG-LKTX_190130_01_H01,ast,H18.30.001
TCCCATGTCAGGACAG-LKTX_190130_01_H01,ast,H18.30.001
TCCGATCTCATTTCCA-LKTX_190130_01_H01,ast,H18.30.001
TCCTTCTTCTTCTAAC-LKTX_190130_01_H01,ast,H18.30.001
TCGGGACCAACCGTGC-LKTX_190130_01_H01,ast,H18.30.001
TCGTAGACAACGGTAG-LKTX_190130_01_H01,ast,H18.30.001
TCGTAGACAGTTTCGA-LKTX_190130_01_H01,ast,H18.30.001
TCTCTGGGTACCCACG-LKTX_190130_01_H01,ast,H18.30.001
TGATTTCTCATTTGCT-LKTX_190130_01_H01,ast,H18.30.001
TGCGGGTCACTTTAGG-LKTX_190130_01_H01,ast,H18.30.001
TGCTTCGCACCACTGG-LKTX_190130_01_H01,ast,H18.30.001
TGCTTGCGTTGGACTT-LKTX_190130_01_H01,ast,H18.30.001
TGGAACTTCATTTCGT-LKTX_190130_01_H01,ast,H18.30.001
TGTAAGCGTGTTACAC-LKTX_190130_01_H01,ast,H18.30.001
TGTTACTCACAGTGAG-LKTX_190130_01_H01,ast,H18.30.001
TGTTCATAGCAACTTC-LKTX_190130_01_H01,ast,H18.30.001
TGTTCTAGTAGTGATA-LKTX_190130_01_H01,ast,H18.30.001
TTACAGGAGGAACATT-LKTX_190130_01_H01,ast,H18.30.001
TTCAGGATCGTGGGTC-LKTX_190130_01_H01,ast,H18.30.001
TTGAGTGCAACGGCTC-LKTX_190130_01_H01,ast,H18.30.001
TTGTTTGAGGTCTGGA-LKTX_190130_01_H01,ast,H18.30.001
CTCAATTAGGGAGGAC-LKTX_190129_01_A01,end,H18.30.001
GAGGCCTCATGGGATG-LKTX_190129_01_A01,end,H18.30.001
TAACTTCCACAAGCTT-LKTX_190129_01_A01,end,H18.30.001
TACAGGTGTTGGGTAG-LKTX_190129_01_A01,end,H18.30.001
TCTATCATCTCTTCAA-LKTX_190129_01_A01,end,H18.30.001
TGACGCGAGCATGAAT-LKTX_190129_01_B01,end,H18.30.001
AATCACGCAACACACT-LKTX_190129_01_C01,end,H18.30.001
GTTACCCGTAACAAGT-LKTX_190129_01_C01,end,H18.30.001
ACGGTCGGTTTCGTGA-LKTX_190129_01_D01,end,H18.30.001
CCGGACATCTAGCCTC-LKTX_190129_01_D01,end,H18.30.001
TGAGTCACAAGATTGA-LKTX_190129_01_D01,end,H18.30.001
AAGTACCCAACCGGAA-LKTX_190130_01_E01,end,H18.30.001
ACTTTCAAGGCACTAG-LKTX_190130_01_E01,end,H18.30.001
GCTACCTAGCTTGTTG-LKTX_190130_01_E01,end,H18.30.001
GTTCCGTAGCGCTTCG-LKTX_190130_01_E01,end,H18.30.001
TAACTTCAGCAACAAT-LKTX_190130_01_E01,end,H18.30.001
TATTGGGAGGCGTTAG-LKTX_190130_01_E01,end,H18.30.001
TCCGAAAAGACAGCTG-LKTX_190130_01_E01,end,H18.30.001
TTGTTGTCACTGTGAT-LKTX_190130_01_E01,end,H18.30.001
ACTTTCATCAGACCCG-LKTX_190130_01_F01,end,H18.30.001
AGGGTCCAGGACCCAA-LKTX_190130_01_F01,end,H18.30.001
CGCATAAAGACATCAA-LKTX_190130_01_F01,end,H18.30.001
CGCGTGACACACAGCC-LKTX_190130_01_F01,end,H18.30.001
CTACCTGGTGAGATAT-LKTX_190130_01_F01,end,H18.30.001
GAGACCCAGTGATCGG-LKTX_190130_01_F01,end,H18.30.001
TACCGGGAGTATGAAC-LKTX_190130_01_F01,end,H18.30.001
TCGACCTAGCACGTCC-LKTX_190130_01_F01,end,H18.30.001
AACAAAGGTGCGTTTA-LKTX_190130_01_G01,end,H18.30.001
AGTGCCGGTCAACATC-LKTX_190130_01_G01,end,H18.30.001
ATTCTTGTCATCGCCT-LKTX_190130_01_G01,end,H18.30.001
TGAATGCTCCCAGCGA-LKTX_190130_01_G01,end,H18.30.001
ACGTTCCAGTGAACAT-LKTX_190130_01_H01,end,H18.30.001
GAGAAATGTCTCAGGC-LKTX_190130_01_H01,end,H18.30.001
GATTCTTTCTTCCTAA-LKTX_190130_01_H01,end,H18.30.001
GTCGCGAGTGAGAGGG-LKTX_190130_01_H01,end,H18.30.001
TCGACGGCATGTTACG-LKTX_190130_01_H01,end,H18.30.001
AAGCGTTCAAGGAGTC-LKTX_190129_01_A01,mic,H18.30.001
ACCATTTGTCTGGTTA-LKTX_190129_01_A01,mic,H18.30.001
ACGTACAAGGTCGTAG-LKTX_190129_01_A01,mic,H18.30.001
AGTCACAGTCGAATTC-LKTX_190129_01_A01,mic,H18.30.001
ATCGGATTCGGCTGGT-LKTX_190129_01_A01,mic,H18.30.001
ATCTTCAAGCCGTTAT-LKTX_190129_01_A01,mic,H18.30.001
ATTCATCGTCAACATC-LKTX_190129_01_A01,mic,H18.30.001
CCTCATGGTAACCAGG-LKTX_190129_01_A01,mic,H18.30.001
GTCAAGTTCATGACAC-LKTX_190129_01_A01,mic,H18.30.001
TACGGGCAGTGACACG-LKTX_190129_01_A01,mic,H18.30.001
TCGTAGAGTATGTGTC-LKTX_190129_01_A01,mic,H18.30.001
AGTAGTCGTGTTAGCT-LKTX_190129_01_B01,mic,H18.30.001
ATAGGCTCAGCAGGAT-LKTX_190129_01_B01,mic,H18.30.001
CAGGTATAGTGCAGCA-LKTX_190129_01_B01,mic,H18.30.001
CATTGCCAGTTGGCGA-LKTX_190129_01_B01,mic,H18.30.001
CCTGTTGAGTAGCCAG-LKTX_190129_01_B01,mic,H18.30.001
CTGTATTTCGAGAGAC-LKTX_190129_01_B01,mic,H18.30.001
TAGGAGGCACCTAAAC-LKTX_190129_01_B01,mic,H18.30.001
TGGGCTGGTGTTTCTT-LKTX_190129_01_B01,mic,H18.30.001
TGTTGAGTCCTGCCAT-LKTX_190129_01_B01,mic,H18.30.001
ATAGGCTCAAACGAGC-LKTX_190129_01_C01,mic,H18.30.001
CACCGTTAGATGAACT-LKTX_190129_01_C01,mic,H18.30.001
CCTCATGGTCCGGTGT-LKTX_190129_01_C01,mic,H18.30.001
GTTGCTCTCCTCACGT-LKTX_190129_01_C01,mic,H18.30.001
AAGACAATCCCATAAG-LKTX_190129_01_D01,mic,H18.30.001
ATCGGCGCATCATGAC-LKTX_190129_01_D01,mic,H18.30.001
CGGGTCAGTGTGCCTG-LKTX_190129_01_D01,mic,H18.30.001
CGTTGGGAGAGACAAG-LKTX_190129_01_D01,mic,H18.30.001
CTTCCTTCAGTTACCA-LKTX_190129_01_D01,mic,H18.30.001
GATGAGGGTGTGTTTG-LKTX_190129_01_D01,mic,H18.30.001
GGGTCACTCTATCCAT-LKTX_190129_01_D01,mic,H18.30.001
TCAGGGCCAACCCTCT-LKTX_190129_01_D01,mic,H18.30.001
TCTCAGCTCGTAGGAG-LKTX_190129_01_D01,mic,H18.30.001
TCTGGCTTCATGCATG-LKTX_190129_01_D01,mic,H18.30.001
AAAGGTAAGCGTGAGT-LKTX_190130_01_E01,mic,H18.30.001
ACCAAACAGGCACTCC-LKTX_190130_01_E01,mic,H18.30.001
ATAGAGAGTGTAAACA-LKTX_190130_01_E01,mic,H18.30.001
CGCCAGACAAAGAACT-LKTX_190130_01_E01,mic,H18.30.001
GACTATGAGTGAGCCA-LKTX_190130_01_E01,mic,H18.30.001
GATGTTGAGCTGTGCC-LKTX_190130_01_E01,mic,H18.30.001
GTACAACTCCTACGGG-LKTX_190130_01_E01,mic,H18.30.001
TCACTATCATCGTGCG-LKTX_190130_01_E01,mic,H18.30.001
TGCATGACAGTGTGGA-LKTX_190130_01_E01,mic,H18.30.001
TGGAACTTCGGTGTAT-LKTX_190130_01_E01,mic,H18.30.001
AACAACCAGCGATCGA-LKTX_190130_01_F01,mic,H18.30.001
AAGCATCCACCGCTGA-LKTX_190130_01_F01,mic,H18.30.001
AGATAGACATAGAATG-LKTX_190130_01_F01,mic,H18.30.001
AGGGCTCAGGTTCATC-LKTX_190130_01_F01,mic,H18.30.001
CAGATTGCAACAGAGC-LKTX_190130_01_F01,mic,H18.30.001
CAGGGCTTCGCTTGCT-LKTX_190130_01_F01,mic,H18.30.001
CTCAGTCAGCGTGCCT-LKTX_190130_01_F01,mic,H18.30.001
GACCTTCAGCGATGCA-LKTX_190130_01_F01,mic,H18.30.001
TCAATCTGTCAGATTC-LKTX_190130_01_F01,mic,H18.30.001
TGGATCAAGACGTCGA-LKTX_190130_01_F01,mic,H18.30.001
AATTCCTAGACTCATC-LKTX_190130_01_G01,mic,H18.30.001
ACGGAAGCAACAAGAT-LKTX_190130_01_G01,mic,H18.30.001
ATAGAGAGTAGTATAG-LKTX_190130_01_G01,mic,H18.30.001
CATGGATTCATTCGTT-LKTX_190130_01_G01,mic,H18.30.001
CGCATGGTCAGCTCTC-LKTX_190130_01_G01,mic,H18.30.001
CTGATCCAGGTTATAG-LKTX_190130_01_G01,mic,H18.30.001
GCAGCTGCAACGTTAC-LKTX_190130_01_G01,mic,H18.30.001
GCCCGAAAGCCTAACT-LKTX_190130_01_G01,mic,H18.30.001
GGAATGGAGGTTGAGC-LKTX_190130_01_G01,mic,H18.30.001
GGGTCACTCGCAGTTA-LKTX_190130_01_G01,mic,H18.30.001
TACTTGTCAGAGGTAC-LKTX_190130_01_G01,mic,H18.30.001
ACCTGAAAGTAAACTG-LKTX_190130_01_H01,mic,H18.30.001
ACTGCAATCGTAACAC-LKTX_190130_01_H01,mic,H18.30.001
ATCTTCACACTACCGG-LKTX_190130_01_H01,mic,H18.30.001
CACAACAAGCATCAGG-LKTX_190130_01_H01,mic,H18.30.001
CGAAGTTGTTTACCAG-LKTX_190130_01_H01,mic,H18.30.001
CGAGGAAAGGATTCCT-LKTX_190130_01_H01,mic,H18.30.001
CTTTCAAAGGTTCTTG-LKTX_190130_01_H01,mic,H18.30.001
GTTCGCTTCCTGCCAT-LKTX_190130_01_H01,mic,H18.30.001
TACTGCCGTCTGTTAG-LKTX_190130_01_H01,mic,H18.30.001
TCAATCTAGTAGCAAT-LKTX_190130_01_H01,mic,H18.30.001
TGCATCCCATGGCTGC-LKTX_190130_01_H01,mic,H18.30.001
ACCAAACCACGAGGTA-LKTX_190130_01_H01,neu,H18.30.001
CTCCCTCCATGCACTA-LKTX_190129_01_B01,neu,H18.30.001
TCGATTTAGGTAACTA-LKTX_190129_01_A01,neu,H18.30.001
AGGACTTCATCTGTTT-LKTX_190129_01_D01,neu,H18.30.001
ACCCTCAGTCTGCCTT-LKTX_190129_01_C01,neu,H18.30.001
GACTGATAGACCATAA-LKTX_190130_01_G01,neu,H18.30.001
AGGGCCTCATGAGAAT-LKTX_190129_01_B01,neu,H18.30.001
ACTTCCGTCCGCACGA-LKTX_190130_01_G01,neu,H18.30.001
CGTTAGACAAGATTGA-LKTX_190129_01_B01,neu,H18.30.001
TCGACCTGTTAAGACA-LKTX_190130_01_H01,neu,H18.30.001
CATCGGGTCTTCGATT-LKTX_190129_01_D01,neu,H18.30.001
GAGGGTACAAATTAGG-LKTX_190130_01_F01,neu,H18.30.001
ACAAAGAGTATTCCTT-LKTX_190130_01_E01,neu,H18.30.001
GGGTCTGAGCACCCAC-LKTX_190129_01_A01,neu,H18.30.001
TCATTTGTCAAATAGG-LKTX_190130_01_E01,neu,H18.30.001
TCACGGGCACAGCCTG-LKTX_190130_01_E01,neu,H18.30.001
GCCAACGAGCAGATAT-LKTX_190130_01_E01,neu,H18.30.001
ACCTGTCGTTCTGACA-LKTX_190129_01_A01,neu,H18.30.001
AAGACAAAGTTTCTTC-LKTX_190130_01_G01,neu,H18.30.001
GGAGCAAAGTGTAGAT-LKTX_190130_01_H01,neu,H18.30.001
TGATCTTAGGAGAGGC-LKTX_190129_01_B01,neu,H18.30.001
GTAAGTCAGGCTAACG-LKTX_190129_01_A01,neu,H18.30.001
GTGCTTCTCAAGATAG-LKTX_190129_01_D01,neu,H18.30.001
TGTTTGTCAGACGGAT-LKTX_190130_01_F01,neu,H18.30.001
GAAGCGAAGTGCTAGG-LKTX_190129_01_A01,neu,H18.30.001
CTGTGAACAGACAAAT-LKTX_190130_01_E01,neu,H18.30.001
AGAAGCGGTGGCGCTT-LKTX_190130_01_G01,neu,H18.30.001
GAGTTTGTCCGATAAC-LKTX_190129_01_C01,neu,H18.30.001
AGTACTGCACTCCACT-LKTX_190130_01_E01,neu,H18.30.001
ACCCTTGTCTACTGAG-LKTX_190130_01_G01,neu,H18.30.001
TGACCCTGTTCGTTCC-LKTX_190129_01_A01,neu,H18.30.001
GACGTTACATCCGGCA-LKTX_190129_01_C01,neu,H18.30.001
TGCAGTATCACTCGAA-LKTX_190130_01_E01,neu,H18.30.001
CAACCTCCACAAGCCC-LKTX_190130_01_H01,neu,H18.30.001
TTTCAGTGTGCATTAC-LKTX_190129_01_A01,neu,H18.30.001
TGTTCATCACCTTCCA-LKTX_190130_01_G01,neu,H18.30.001
GTCTCACAGATGAATC-LKTX_190130_01_H01,neu,H18.30.001
GGGACAACATACCGTA-LKTX_190130_01_E01,neu,H18.30.001
ATGAGGGCACAGAGAC-LKTX_190130_01_G01,neu,H18.30.001
AGAGCCCAGCTCTATG-LKTX_190130_01_H01,neu,H18.30.001
TCCTCCCCAGCTATAC-LKTX_190130_01_F01,neu,H18.30.001
GCGGAAAAGACTAAGT-LKTX_190129_01_C01,neu,H18.30.001
CACTGAACACCCTTAC-LKTX_190130_01_E01,neu,H18.30.001
TGAGCGCCATTCGGGC-LKTX_190129_01_C01,neu,H18.30.001
CAGTTAGGTTCACCGG-LKTX_190129_01_D01,neu,H18.30.001
TGATTTCTCTATCCAT-LKTX_190129_01_D01,neu,H18.30.001
TACCGAACAATCTGCA-LKTX_190130_01_G01,neu,H18.30.001
CTCACTGGTATTTCTC-LKTX_190130_01_G01,neu,H18.30.001
CGGAATTTCGCCTAGG-LKTX_190129_01_C01,neu,H18.30.001
CCCTCAAGTTGCTCAA-LKTX_190129_01_B01,neu,H18.30.001
TCTAACTTCTTTCGAT-LKTX_190130_01_F01,neu,H18.30.001
CACTGTCGTTGAGAGC-LKTX_190130_01_H01,neu,H18.30.001
ACGGGTCTCACCTCTG-LKTX_190129_01_C01,neu,H18.30.001
TTGCCTGTCCTACAAG-LKTX_190129_01_D01,neu,H18.30.001
CTGAGGCGTACAAACA-LKTX_190130_01_G01,neu,H18.30.001
AGTGATCAGATGGCGT-LKTX_190129_01_B01,neu,H18.30.001
GAGAGGTCACCGTACG-LKTX_190130_01_F01,neu,H18.30.001
ACGCACGAGGCTTTCA-LKTX_190130_01_H01,neu,H18.30.001
CTCTGGTAGAGGTCGT-LKTX_190130_01_F01,neu,H18.30.001
CTTCTCTCAATACGAA-LKTX_190129_01_D01,neu,H18.30.001
GGTAACTCAGACCTGC-LKTX_190129_01_D01,neu,H18.30.001
CTAGACACAGACCGCT-LKTX_190129_01_D01,neu,H18.30.001
CTCAGAAGTACGATTC-LKTX_190130_01_F01,neu,H18.30.001
TGACCCTTCCTGTTAT-LKTX_190129_01_A01,neu,H18.30.001
TGGGATTCATACATCG-LKTX_190130_01_H01,neu,H18.30.001
GATCACATCTCCGTGT-LKTX_190130_01_G01,neu,H18.30.001
GTATTGGGTAGTCCTA-LKTX_190130_01_G01,neu,H18.30.001
CAATACGCAAATGGTA-LKTX_190129_01_D01,neu,H18.30.001
GCCTGTTCACCAAATC-LKTX_190130_01_F01,neu,H18.30.001
GGTAATCAGTGGCCTC-LKTX_190130_01_F01,neu,H18.30.001
GTAAGTCGTAGGCTCC-LKTX_190129_01_D01,neu,H18.30.001
CTTGAGATCGCCTATC-LKTX_190129_01_B01,neu,H18.30.001
ATGTCTTAGCGGATCA-LKTX_190130_01_G01,neu,H18.30.001
TTGAGTGTCATTCGGA-LKTX_190130_01_F01,neu,H18.30.001
TACAACGCAAGATCCT-LKTX_190130_01_H01,neu,H18.30.001
AGCGCCACATGAAGGC-LKTX_190130_01_G01,neu,H18.30.001
TCGCACTTCGGTAACT-LKTX_190130_01_G01,neu,H18.30.001
CACCAAACACTAGAGG-LKTX_190129_01_D01,neu,H18.30.001
GGGTTATAGTAACGTA-LKTX_190130_01_H01,neu,H18.30.001
TTTGACTGTTGTGTAC-LKTX_190129_01_B01,neu,H18.30.001
AGTGATCCATGAGGGT-LKTX_190130_01_E01,neu,H18.30.001
GGAGATGTCAACCCGG-LKTX_190130_01_E01,neu,H18.30.001
ATTCAGGTCTCGTCAC-LKTX_190130_01_E01,neu,H18.30.001
TCCGTGTTCCCTTGTG-LKTX_190129_01_D01,neu,H18.30.001
GTGAGGATCCAGCAAT-LKTX_190129_01_A01,neu,H18.30.001
GGGTCTGTCCGTGACG-LKTX_190130_01_E01,neu,H18.30.001
TGATTCTAGCGTGAAC-LKTX_190130_01_G01,neu,H18.30.001
ACATGCATCCGAAGGA-LKTX_190130_01_H01,neu,H18.30.001
CAGTTCCGTTCTCCTG-LKTX_190130_01_G01,neu,H18.30.001
TGCAGATCAATCCTAG-LKTX_190130_01_F01,neu,H18.30.001
TTGTTTGTCACCCTGT-LKTX_190129_01_B01,neu,H18.30.001
GTGTAACGTTGCCGCA-LKTX_190129_01_C01,neu,H18.30.001
TTGTGTTGTTAATGAG-LKTX_190129_01_A01,neu,H18.30.001
TACACCCGTCTTAGTG-LKTX_190129_01_A01,neu,H18.30.001
AGCGCTGCATGACTAC-LKTX_190129_01_A01,neu,H18.30.001
TTGTTTGTCCCGTTCA-LKTX_190130_01_H01,neu,H18.30.001
CGTTCTGTCCACGAAT-LKTX_190130_01_H01,neu,H18.30.001
TAACTTCAGGCTTAAA-LKTX_190129_01_C01,neu,H18.30.001
AGGTTGTAGGCCTAAG-LKTX_190130_01_G01,neu,H18.30.001
ACCCTTGAGTATAACG-LKTX_190130_01_E01,neu,H18.30.001
AGATCGTGTTGCTAGT-LKTX_190129_01_D01,neu,H18.30.001
GCATCTCCATAGTCGT-LKTX_190130_01_G01,neu,H18.30.001
ACTACGACAGACCATT-LKTX_190129_01_C01,neu,H18.30.001
TATTGCTCATGTGCCG-LKTX_190130_01_E01,neu,H18.30.001
TTTGGAGAGTTCATCG-LKTX_190130_01_H01,neu,H18.30.001
CGAGTTACATCGCCTT-LKTX_190129_01_B01,neu,H18.30.001
TGAGCATAGTCAAGCG-LKTX_190130_01_H01,neu,H18.30.001
TGTAACGAGATTAGCA-LKTX_190129_01_D01,neu,H18.30.001
TCATTACTCAGCAGAG-LKTX_190130_01_G01,neu,H18.30.001
TGCTCGTTCCTTTGAT-LKTX_190129_01_C01,neu,H18.30.001
CAATCGAGTAAGGAGA-LKTX_190130_01_G01,neu,H18.30.001
CGAGTTACACGACGAA-LKTX_190129_01_D01,neu,H18.30.001
GTGCTGGGTCCTTAAG-LKTX_190130_01_F01,neu,H18.30.001
AACTTCTTCCAGTGTA-LKTX_190129_01_B01,neu,H18.30.001
AGGGCTCGTTCGGCGT-LKTX_190129_01_B01,neu,H18.30.001
GCGAGAACAAGCCATT-LKTX_190129_01_A01,neu,H18.30.001
ATAGAGAAGACGCATG-LKTX_190130_01_G01,neu,H18.30.001
TCATTGTAGCCGGATA-LKTX_190129_01_C01,neu,H18.30.001
AGATCGTTCGGCTGGT-LKTX_190130_01_G01,neu,H18.30.001
GCACGTGCAGGCAATG-LKTX_190129_01_B01,neu,H18.30.001
TCGGTCTCATCATTTC-LKTX_190130_01_F01,neu,H18.30.001
ACCCAAACATCGATCA-LKTX_190130_01_G01,neu,H18.30.001
TGCAGTATCTCAACCC-LKTX_190129_01_C01,neu,H18.30.001
TCGTCCATCTGGAAGG-LKTX_190129_01_B01,neu,H18.30.001
AGTGCCGAGCCACTCG-LKTX_190129_01_B01,neu,H18.30.001
TGTTGGACAACCTATG-LKTX_190129_01_C01,neu,H18.30.001
AACCCAACAAGGTCAG-LKTX_190129_01_D01,neu,H18.30.001
AGGAGGTCAACTGAAA-LKTX_190130_01_G01,neu,H18.30.001
GCTGCAGAGACAGCTG-LKTX_190129_01_B01,neu,H18.30.001
TCGTGGGCATCAGCAT-LKTX_190130_01_G01,neu,H18.30.001
AGAAGTAAGGGTAATT-LKTX_190129_01_B01,neu,H18.30.001
CGGACACGTGGACAGT-LKTX_190129_01_B01,neu,H18.30.001
CGCCATTAGCGTACAG-LKTX_190130_01_F01,neu,H18.30.001
CGTAAGTTCACCGGGT-LKTX_190130_01_E01,neu,H18.30.001
GTGCACGAGACGGTCA-LKTX_190130_01_F01,neu,H18.30.001
AATAGAGAGCGAACTG-LKTX_190130_01_F01,neu,H18.30.001
TGTCAGATCTGTAACG-LKTX_190130_01_E01,neu,H18.30.001
CGCAGGTAGGTTACAA-LKTX_190130_01_H01,neu,H18.30.001
AGATGAAGTTAGAGAT-LKTX_190130_01_F01,neu,H18.30.001
CTTCTCTAGTCCCAGC-LKTX_190129_01_B01,neu,H18.30.001
AACCATGGTATGGAAT-LKTX_190129_01_C01,neu,H18.30.001
CCGAACGAGACGCCAA-LKTX_190130_01_E01,neu,H18.30.001
GTTGCGGGTCCCTAAA-LKTX_190129_01_C01,neu,H18.30.001
AGTCAACCAGACGATG-LKTX_190130_01_F01,neu,H18.30.001
GATGAGGTCAAAGGAT-LKTX_190129_01_A01,neu,H18.30.001
GTCGAATGTGTAAACA-LKTX_190129_01_A01,neu,H18.30.001
GTGAGGATCAACCGAT-LKTX_190129_01_D01,neu,H18.30.001
GGGACCTAGCTCCCTT-LKTX_190130_01_G01,neu,H18.30.001
TACCCGTTCTTCCTAA-LKTX_190129_01_C01,neu,H18.30.001
CTACCTGGTGTGGTCC-LKTX_190129_01_B01,neu,H18.30.001
CATTCTACACGGTAGA-LKTX_190130_01_H01,neu,H18.30.001
TGAGTCACAGTATACC-LKTX_190130_01_G01,neu,H18.30.001
CATTGAGCAAGTTCGT-LKTX_190130_01_E01,neu,H18.30.001
ACATCCCAGACTCATC-LKTX_190130_01_H01,neu,H18.30.001
AAGAACATCTTAGGAC-LKTX_190130_01_H01,neu,H18.30.001
AGACCCGTCCGTAGGC-LKTX_190129_01_C01,neu,H18.30.001
AACAACCCAGTCGAGA-LKTX_190130_01_E01,neu,H18.30.001
CATGGTATCTCAACGA-LKTX_190130_01_G01,neu,H18.30.001
AGTGTTGTCTAAGCCA-LKTX_190129_01_B01,neu,H18.30.001
GCTGAATAGATACAGT-LKTX_190130_01_F01,neu,H18.30.001
CCTTTGGAGTGCTCAT-LKTX_190130_01_H01,neu,H18.30.001
TTTATGCCATCGGCCA-LKTX_190130_01_G01,neu,H18.30.001
GTCTTTACAGACACCC-LKTX_190129_01_A01,neu,H18.30.001
GTCAGCGGTTCTTGCC-LKTX_190130_01_F01,neu,H18.30.001
AGTCATGAGCTCATAC-LKTX_190130_01_E01,neu,H18.30.001
CCTTGTGAGCCACAAG-LKTX_190129_01_A01,neu,H18.30.001
TCATTCACATCCTCAC-LKTX_190130_01_E01,neu,H18.30.001
TTCCTTCAGATCCTAC-LKTX_190129_01_D01,neu,H18.30.001
ATTCCCGGTAAGAACT-LKTX_190129_01_D01,neu,H18.30.001
CTCTCAGCAGAGAGGG-LKTX_190129_01_D01,neu,H18.30.001
CATGCCTTCAGGAGAC-LKTX_190129_01_B01,neu,H18.30.001
TCATTACCAGTGTATC-LKTX_190130_01_H01,neu,H18.30.001
TCTATCACAGGCCTGT-LKTX_190130_01_H01,neu,H18.30.001
CTGTGAAGTGTGCTTA-LKTX_190130_01_E01,neu,H18.30.001
TCTCCGAGTGACTGAG-LKTX_190130_01_E01,neu,H18.30.001
GAAGCGATCTCATAGG-LKTX_190130_01_E01,neu,H18.30.001
TGCGATATCCATCAGA-LKTX_190129_01_D01,neu,H18.30.001
ACGATGTGTCGAGTGA-LKTX_190130_01_G01,neu,H18.30.001
AAGAACATCGTCAAAC-LKTX_190130_01_H01,neu,H18.30.001
TTACGCCAGAAAGTCT-LKTX_190129_01_B01,neu,H18.30.001
TAACCAGAGCTGTACT-LKTX_190129_01_C01,neu,H18.30.001
CTTACCGCACAGACGA-LKTX_190130_01_E01,neu,H18.30.001
ACTATTCAGATGTAGT-LKTX_190130_01_H01,neu,H18.30.001
ACATTTCCAGACCGCT-LKTX_190130_01_H01,neu,H18.30.001
GATAGCTTCACTGCTC-LKTX_190129_01_C01,neu,H18.30.001
CCGGTGAGTTTACCAG-LKTX_190129_01_B01,neu,H18.30.001
TACCCACTCTGCTCTG-LKTX_190129_01_D01,neu,H18.30.001
TCGTGGGTCGACCTAA-LKTX_190129_01_B01,neu,H18.30.001
CAGTTCCTCGCGCCAA-LKTX_190130_01_E01,neu,H18.30.001
CGTGAATGTGGTTCTA-LKTX_190129_01_A01,neu,H18.30.001
ACACTGATCTCATTAC-LKTX_190130_01_F01,neu,H18.30.001
TGGAGAGGTCCGGCAT-LKTX_190129_01_C01,neu,H18.30.001
TGCAGTACAGTGTGCC-LKTX_190129_01_A01,neu,H18.30.001
GTGCGTGGTTCTTAGG-LKTX_190129_01_D01,neu,H18.30.001
GTAGCTAAGAGTTCGG-LKTX_190130_01_E01,neu,H18.30.001
AGTTCCCGTTGGTGTT-LKTX_190130_01_H01,neu,H18.30.001
CGTAAGTGTATCTCTT-LKTX_190130_01_H01,neu,H18.30.001
AACCTTTGTGGCTAGA-LKTX_190130_01_F01,neu,H18.30.001
AAGAACAGTGGATGAC-LKTX_190130_01_F01,neu,H18.30.001
CATTCCGAGGTAGATT-LKTX_190130_01_E01,neu,H18.30.001
TACACCCGTAGATTAG-LKTX_190129_01_A01,neu,H18.30.001
TGCTTGCCAATTCTTC-LKTX_190129_01_D01,neu,H18.30.001
TGCAGTATCGCTCTAC-LKTX_190130_01_H01,neu,H18.30.001
AGGACGAAGCATCTTG-LKTX_190130_01_F01,neu,H18.30.001
AGGTGTTGTGTAACGG-LKTX_190130_01_H01,neu,H18.30.001
TCATCCGGTGAGTGAC-LKTX_190130_01_H01,neu,H18.30.001
TTCAGGAAGACAGCTG-LKTX_190129_01_A01,neu,H18.30.001
TGAGCGCGTCCCGGTA-LKTX_190129_01_A01,neu,H18.30.001
TTACAGGCACAAAGCG-LKTX_190130_01_F01,neu,H18.30.001
TTGCGTCGTACAGGTG-LKTX_190130_01_H01,neu,H18.30.001
TCCTTCTGTTGCGTAT-LKTX_190129_01_C01,neu,H18.30.001
GCTTCACAGTTACGGG-LKTX_190129_01_A01,neu,H18.30.001
GTCCACTCAAATGATG-LKTX_190130_01_H01,neu,H18.30.001
CGGGTGTAGGCCTAAG-LKTX_190130_01_E01,neu,H18.30.001
TCCTCCCCAGCTCGGT-LKTX_190129_01_C01,neu,H18.30.001
GTGTGGCTCGGCATAT-LKTX_190130_01_H01,neu,H18.30.001
GTAATGCTCCTAGAGT-LKTX_190130_01_H01,neu,H18.30.001
TTCTAACTCGCTGCGA-LKTX_190130_01_G01,neu,H18.30.001
TTGGGCGCAGCACACC-LKTX_190130_01_F01,neu,H18.30.001
CCCTCAATCACATTGG-LKTX_190129_01_C01,neu,H18.30.001
GTGAGTTAGATACAGT-LKTX_190129_01_B01,neu,H18.30.001
GATAGAACAGTCAGCC-LKTX_190129_01_B01,neu,H18.30.001
ACGATGTCAGAGTCTT-LKTX_190130_01_G01,neu,H18.30.001
CTTCTCTAGGAACGTC-LKTX_190130_01_G01,neu,H18.30.001
ACGGTTAAGTCCCTAA-LKTX_190130_01_G01,neu,H18.30.001
TTGTTGTTCGACATAC-LKTX_190129_01_B01,neu,H18.30.001
TACACCCTCTGAACGT-LKTX_190129_01_A01,neu,H18.30.001
CGAGGCTAGGCGACAT-LKTX_190129_01_C01,neu,H18.30.001
ATTCTACTCATTACTC-LKTX_190130_01_H01,neu,H18.30.001
TCAGGTAAGTGACACG-LKTX_190130_01_E01,neu,H18.30.001
CGTTCTGAGCTTGTGT-LKTX_190130_01_G01,neu,H18.30.001
GAACACTCACACGGTC-LKTX_190129_01_D01,neu,H18.30.001
ACCACAAAGCGCGTTC-LKTX_190129_01_A01,neu,H18.30.001
GATCACACAGTCACGC-LKTX_190129_01_C01,neu,H18.30.001
TTGTTGTCACTCCTTG-LKTX_190130_01_F01,neu,H18.30.001
GTGAGTTTCTCTGCTG-LKTX_190130_01_G01,neu,H18.30.001
TTCACCGTCACTTATC-LKTX_190129_01_B01,neu,H18.30.001
TCCGAAATCTGGCCAG-LKTX_190130_01_F01,neu,H18.30.001
TGCAGTAAGCGAAACC-LKTX_190130_01_G01,neu,H18.30.001
GAATCACAGGAATGTT-LKTX_190129_01_B01,neu,H18.30.001
TGCGACGCAACATACC-LKTX_190130_01_E01,neu,H18.30.001
CGGGCATAGCTGTACT-LKTX_190129_01_D01,neu,H18.30.001
CAAGAGGTCGACGACC-LKTX_190129_01_D01,neu,H18.30.001
GGGCTCAAGGTTATAG-LKTX_190130_01_G01,neu,H18.30.001
ATTCTACCAGTTCCAA-LKTX_190129_01_A01,neu,H18.30.001
TGCTCGTAGACTCCGC-LKTX_190129_01_C01,neu,H18.30.001
AGAAATGGTAATGTGA-LKTX_190130_01_G01,neu,H18.30.001
ACTGTCCCATACTTTC-LKTX_190130_01_F01,neu,H18.30.001
GTTAGACGTCTAACTG-LKTX_190129_01_D01,neu,H18.30.001
ACACAGTGTCACAATC-LKTX_190130_01_H01,neu,H18.30.001
TCATGCCCATTGTACG-LKTX_190130_01_F01,neu,H18.30.001
TTCTCTCGTCCGTACG-LKTX_190130_01_G01,neu,H18.30.001
TCGGGCAGTTTCGCTC-LKTX_190130_01_H01,neu,H18.30.001
AGTACCAGTAACGCGA-LKTX_190130_01_H01,neu,H18.30.001
GCAGCCATCCAATGCA-LKTX_190130_01_G01,neu,H18.30.001
AACAACCGTAGCGCCT-LKTX_190130_01_F01,neu,H18.30.001
TGATGCAAGACCTCCG-LKTX_190130_01_F01,neu,H18.30.001
CTCGAGGGTACGTGAG-LKTX_190130_01_E01,neu,H18.30.001
TATCAGGAGTACGTCT-LKTX_190129_01_A01,neu,H18.30.001
CCCGGAATCTGGGAGA-LKTX_190129_01_B01,neu,H18.30.001
CCTCACACAGTTTCAG-LKTX_190130_01_H01,neu,H18.30.001
ATGTCCCCAGAGCGTA-LKTX_190130_01_H01,neu,H18.30.001
ACTATTCTCTCGACCT-LKTX_190129_01_A01,neu,H18.30.001
GCACATAGTTAGTTCG-LKTX_190129_01_D01,neu,H18.30.001
ACATTTCGTCCAATCA-LKTX_190129_01_A01,neu,H18.30.001
CTCATCGTCGTAATGC-LKTX_190129_01_D01,neu,H18.30.001
AGGCTGCGTATCCTCC-LKTX_190130_01_H01,neu,H18.30.001
TTGAACGTCCTCGATC-LKTX_190130_01_H01,neu,H18.30.001
GGGAGATTCCGGCTTT-LKTX_190130_01_H01,neu,H18.30.001
ACTCCCACAGACTGCC-LKTX_190130_01_H01,neu,H18.30.001
TGTCCACAGTTGCTGT-LKTX_190129_01_C01,neu,H18.30.001
TGTAGACCAGTGGGTA-LKTX_190130_01_F01,neu,H18.30.001
TTCCGTGTCCGTGCGA-LKTX_190129_01_B01,neu,H18.30.001
CACGTTCAGTAAGAGG-LKTX_190130_01_G01,neu,H18.30.001
TTGTGGAGTGTTTCTT-LKTX_190129_01_A01,neu,H18.30.001
TCATGAGTCACTCTTA-LKTX_190129_01_D01,neu,H18.30.001
GGGTAGAGTGTGTACT-LKTX_190129_01_D01,neu,H18.30.001
TGATCTTAGATAGTCA-LKTX_190130_01_G01,neu,H18.30.001
TTGAACGAGCGCTGAA-LKTX_190130_01_F01,neu,H18.30.001
CATCGCTAGTACGTCT-LKTX_190130_01_E01,neu,H18.30.001
GTTGTAGGTCAACGCC-LKTX_190129_01_C01,neu,H18.30.001
ATACTTCCAGTCAACT-LKTX_190130_01_F01,neu,H18.30.001
TTCCAATTCCGTGGGT-LKTX_190130_01_H01,neu,H18.30.001
TGTAACGAGGTATAGT-LKTX_190130_01_G01,neu,H18.30.001
GGTGTTAAGAGGTTTA-LKTX_190129_01_D01,neu,H18.30.001
GCGATCGAGCTCGAAG-LKTX_190129_01_C01,neu,H18.30.001
TCCATGCGTGGACTGA-LKTX_190129_01_C01,neu,H18.30.001
AGAACAAAGAGGCGGA-LKTX_190130_01_G01,neu,H18.30.001
ACGTACATCTTGTGCC-LKTX_190130_01_F01,neu,H18.30.001
ATCGGCGCAGTCAGTT-LKTX_190130_01_F01,neu,H18.30.001
GTGCTGGTCGGTTAGT-LKTX_190130_01_G01,neu,H18.30.001
GTGAGGATCTCATTAC-LKTX_190130_01_F01,neu,H18.30.001
GATGTTGCACACCTGG-LKTX_190130_01_G01,neu,H18.30.001
CCGCAAGAGGAACTCG-LKTX_190129_01_B01,neu,H18.30.001
GTCAAACGTCGTTATG-LKTX_190129_01_B01,neu,H18.30.001
GCTGGGTGTTCGGCTG-LKTX_190130_01_F01,neu,H18.30.001
TTGATGGTCCATGATG-LKTX_190130_01_F01,neu,H18.30.001
CAATCGATCAGAATAG-LKTX_190129_01_B01,neu,H18.30.001
GTTCTATTCAGCCTCT-LKTX_190130_01_H01,neu,H18.30.001
CCTCCAAGTCTCGGAC-LKTX_190130_01_E01,neu,H18.30.001
ATCGATGAGTTCGCAT-LKTX_190130_01_H01,neu,H18.30.001
CGCGTGATCTAGTACG-LKTX_190130_01_E01,neu,H18.30.001
ATGCGATAGCTGGCCT-LKTX_190130_01_G01,neu,H18.30.001
GTCGTTCCAATACGAA-LKTX_190129_01_B01,neu,H18.30.001
TTTCGATTCATTGAGC-LKTX_190130_01_G01,neu,H18.30.001
GGCACGTTCGTCCTTG-LKTX_190129_01_A01,neu,H18.30.001
CTAAGTGTCTCAACCC-LKTX_190130_01_H01,neu,H18.30.001
CCCAACTTCGCGTGCA-LKTX_190129_01_A01,neu,H18.30.001
TGATGCATCCCATAAG-LKTX_190130_01_G01,neu,H18.30.001
AAAGTGATCCACTTTA-LKTX_190130_01_E01,neu,H18.30.001
CAATGACCAGTATACC-LKTX_190129_01_B01,neu,H18.30.001
ATCACGAAGAACCCGA-LKTX_190129_01_B01,neu,H18.30.001
TGCTTGCCAACCTAAC-LKTX_190129_01_A01,neu,H18.30.001
CGAGTGCGTGCCTTTC-LKTX_190129_01_A01,neu,H18.30.001
GTCTACCTCTTGGGCG-LKTX_190129_01_C01,neu,H18.30.001
TCCGTGTCAATCAGCT-LKTX_190130_01_E01,neu,H18.30.001
ATCGATGTCCGATCTC-LKTX_190130_01_G01,neu,H18.30.001
CATCAAGCAGCTGAAG-LKTX_190130_01_E01,neu,H18.30.001
CATAGACGTCAACCAT-LKTX_190130_01_G01,neu,H18.30.001
CGAGAAGCAAATTGGA-LKTX_190130_01_G01,neu,H18.30.001
GCCTGTTTCAAGGACG-LKTX_190129_01_D01,neu,H18.30.001
CATAAGCAGGCCTGCT-LKTX_190130_01_H01,neu,H18.30.001
GATGTTGCACGTAGTT-LKTX_190130_01_G01,neu,H18.30.001
GAGAAATTCTGAGTCA-LKTX_190130_01_H01,neu,H18.30.001
ATTACTCAGCAAACAT-LKTX_190130_01_H01,neu,H18.30.001
TTTACTGAGCGATGCA-LKTX_190130_01_F01,neu,H18.30.001
TGCCGAGAGCTAATGA-LKTX_190130_01_H01,neu,H18.30.001
CACGTGGAGATGTTCC-LKTX_190130_01_H01,neu,H18.30.001
TACAACGCAATTGGTC-LKTX_190130_01_E01,neu,H18.30.001
GCGGATCAGTTCCGTA-LKTX_190129_01_C01,neu,H18.30.001
AGACCATAGGGAGGCA-LKTX_190130_01_E01,neu,H18.30.001
AGGACTTCAATCTGCA-LKTX_190130_01_G01,neu,H18.30.001
TGGAACTAGCGAGTCA-LKTX_190130_01_F01,neu,H18.30.001
TTCTAACTCGCTAAAC-LKTX_190130_01_G01,neu,H18.30.001
CTCAGGGCAATGCAGG-LKTX_190130_01_G01,neu,H18.30.001
AACGGGAGTCGCAACC-LKTX_190129_01_B01,neu,H18.30.001
AGAGCAGAGGGACAGG-LKTX_190130_01_E01,neu,H18.30.001
TTGCTGCTCCTCACGT-LKTX_190130_01_F01,neu,H18.30.001
GGTGTCGGTGGATGAC-LKTX_190130_01_G01,neu,H18.30.001
ATACCTTGTAACTAAG-LKTX_190130_01_F01,neu,H18.30.001
GGAGATGCAGGCACAA-LKTX_190129_01_B01,neu,H18.30.001
GTGTTCCCACAATGAA-LKTX_190129_01_A01,neu,H18.30.001
CTCCCAAAGGTTACAA-LKTX_190130_01_G01,neu,H18.30.001
CCCTCTCAGGTTCTTG-LKTX_190129_01_A01,neu,H18.30.001
ACCTACCTCTGGCCGA-LKTX_190130_01_E01,neu,H18.30.001
ACGATGTCAATAGAGT-LKTX_190129_01_C01,neu,H18.30.001
GTCGTTCTCATTGAGC-LKTX_190129_01_A01,neu,H18.30.001
ATTTCTGTCGTGTGAT-LKTX_190129_01_B01,neu,H18.30.001
TACATTCTCTGCGAGC-LKTX_190129_01_A01,neu,H18.30.001
GTGTGGCGTCCCAAAT-LKTX_190130_01_F01,neu,H18.30.001
AACCATGGTCTTCCGT-LKTX_190130_01_F01,neu,H18.30.001
GCATCGGCAACAAGTA-LKTX_190130_01_G01,neu,H18.30.001
GACATCACATACTGAC-LKTX_190129_01_D01,neu,H18.30.001
GGGACTCAGCCAGAGT-LKTX_190130_01_G01,neu,H18.30.001
TGATGGTAGCACCCAC-LKTX_190129_01_D01,neu,H18.30.001
TAGACCATCACAAGGG-LKTX_190130_01_E01,neu,H18.30.001
AGATAGAGTCTCGGAC-LKTX_190129_01_B01,neu,H18.30.001
TTCCTTCGTCTTGAAC-LKTX_190130_01_H01,neu,H18.30.001
TTCGCTGGTTCATCTT-LKTX_190129_01_A01,neu,H18.30.001
CGGGTGTTCGCTTGCT-LKTX_190130_01_H01,neu,H18.30.001
CGGGTGTCACTCTGCT-LKTX_190130_01_H01,neu,H18.30.001
ATGAAAGCAGTCGGAA-LKTX_190129_01_B01,neu,H18.30.001
GGTTCTCTCTCGTCGT-LKTX_190130_01_G01,neu,H18.30.001
AGGTGTTTCCATAGGT-LKTX_190130_01_E01,neu,H18.30.001
TAACCAGCACCGTGGT-LKTX_190129_01_B01,neu,H18.30.001
TGTCAGAGTCGTACTA-LKTX_190129_01_A01,neu,H18.30.001
TCAAGTGTCAGTCTTT-LKTX_190129_01_C01,neu,H18.30.001
GCCTGTTTCGGAATGG-LKTX_190130_01_G01,neu,H18.30.001
TCGGTCTAGATCACCT-LKTX_190129_01_C01,neu,H18.30.001
TTGTTGTCAATAACGA-LKTX_190130_01_H01,neu,H18.30.001
GTAGTACAGACCATTC-LKTX_190129_01_A01,neu,H18.30.001
CTCATTAGTGGACCAA-LKTX_190130_01_G01,neu,H18.30.001
GTAATGCAGCGCTGAA-LKTX_190130_01_F01,neu,H18.30.001
GGAGAACTCGATCCAA-LKTX_190130_01_G01,neu,H18.30.001
ACGTCCTGTGCATGTT-LKTX_190130_01_F01,neu,H18.30.001
ACAACCAGTGAATAAC-LKTX_190129_01_C01,neu,H18.30.001
GGGTTTATCGGCTTCT-LKTX_190130_01_H01,neu,H18.30.001
TATCAGGGTCGCTTAA-LKTX_190130_01_G01,neu,H18.30.001
TTTCGATGTAAGTTGA-LKTX_190130_01_E01,neu,H18.30.001
CTTTCAAAGCAGGCAT-LKTX_190130_01_H01,neu,H18.30.001
CAAGAGGAGACTTCGT-LKTX_190129_01_C01,neu,H18.30.001
ATTCCATGTCAACACT-LKTX_190130_01_H01,neu,H18.30.001
CTCAGTCAGGTGATAT-LKTX_190130_01_H01,neu,H18.30.001
AGGATAAGTCATAAAG-LKTX_190129_01_A01,neu,H18.30.001
ATACCTTTCTCACCCA-LKTX_190129_01_C01,neu,H18.30.001
GCCCAGAGTCGGTAAG-LKTX_190129_01_C01,neu,H18.30.001
TGCGATAGTTTCGACA-LKTX_190129_01_B01,neu,H18.30.001
TGCGGGTTCGACCACG-LKTX_190129_01_C01,neu,H18.30.001
TACGCTCAGAGCCATG-LKTX_190130_01_F01,neu,H18.30.001
CACTGTCGTCTACGAT-LKTX_190129_01_C01,neu,H18.30.001
TCATTTGAGGTTGACG-LKTX_190129_01_A01,neu,H18.30.001
ATTCGTTTCAGTAGGG-LKTX_190130_01_H01,neu,H18.30.001
GTAATCGTCTGCACCT-LKTX_190130_01_H01,neu,H18.30.001
ACTATGGGTCATGACT-LKTX_190129_01_D01,neu,H18.30.001
CGTGCTTAGACCGCCT-LKTX_190130_01_E01,neu,H18.30.001
GTTGTGACAACCCGCA-LKTX_190130_01_F01,neu,H18.30.001
CTACCTGGTTAAGAAC-LKTX_190130_01_F01,neu,H18.30.001
CAACAACGTTCTTGCC-LKTX_190129_01_B01,neu,H18.30.001
TGCAGGCAGTCAGGGT-LKTX_190130_01_E01,neu,H18.30.001
TAACGACCAGTTGTCA-LKTX_190129_01_D01,neu,H18.30.001
CAATACGTCGTTCATT-LKTX_190130_01_G01,neu,H18.30.001
CGAGTGCCATAGCTGT-LKTX_190129_01_A01,neu,H18.30.001
AGCGTCGAGAGTCAGC-LKTX_190130_01_G01,neu,H18.30.001
TCAGCAAAGCAGATAT-LKTX_190129_01_A01,neu,H18.30.001
TAGGAGGTCCACAGCG-LKTX_190130_01_F01,neu,H18.30.001
TCAAGCAAGATCCAAA-LKTX_190129_01_A01,neu,H18.30.001
CGCCATTTCGAGATAA-LKTX_190129_01_B01,neu,H18.30.001
CATACCCGTCTTTCAT-LKTX_190130_01_G01,neu,H18.30.001
TCAAGCAAGGTTCTTG-LKTX_190130_01_F01,neu,H18.30.001
GAGCTGCCACCTCAGG-LKTX_190130_01_F01,neu,H18.30.001
GTGGAGAGTTTGTTCT-LKTX_190129_01_B01,neu,H18.30.001
GGTAATCGTCGCTGCA-LKTX_190129_01_B01,neu,H18.30.001
TCACGGGAGACGCATG-LKTX_190130_01_F01,neu,H18.30.001
AACGAAAAGGATTCAA-LKTX_190130_01_F01,neu,H18.30.001
CATTCTATCAAGCTGT-LKTX_190129_01_A01,neu,H18.30.001
TCTTAGTCATGATGCT-LKTX_190130_01_E01,neu,H18.30.001
TCGGGACTCACCATGA-LKTX_190130_01_E01,neu,H18.30.001
AACCTGATCACACCGG-LKTX_190130_01_H01,neu,H18.30.001
AGATCGTAGACAAGCC-LKTX_190129_01_A01,neu,H18.30.001
GCGTGCAAGCGCAATG-LKTX_190129_01_A01,neu,H18.30.001
CATCAAGAGCGTTGTT-LKTX_190130_01_E01,neu,H18.30.001
GCGAGAATCGTAACTG-LKTX_190129_01_B01,neu,H18.30.001
TCGAAGTCACGAGGTA-LKTX_190130_01_H01,neu,H18.30.001
CCATAAGCAAGAATGT-LKTX_190130_01_H01,neu,H18.30.001
CATTGCCAGTTCCGGC-LKTX_190130_01_E01,neu,H18.30.001
GGCTTTCCAGTCTGGC-LKTX_190130_01_H01,neu,H18.30.001
GACTCTCAGGGCCTCT-LKTX_190129_01_D01,neu,H18.30.001
TGAGACTCATGATAGA-LKTX_190129_01_A01,neu,H18.30.001
TGGATGTAGATCGCCC-LKTX_190130_01_H01,neu,H18.30.001
TTTGGTTAGCGCGTTC-LKTX_190129_01_D01,neu,H18.30.001
TGCGGCAAGAAGGATG-LKTX_190129_01_D01,neu,H18.30.001
TCAGTGACATTGACCA-LKTX_190130_01_G01,neu,H18.30.001
AGTCTCCGTTCGGTCG-LKTX_190130_01_F01,neu,H18.30.001
GGAGGTAAGGCTCCCA-LKTX_190129_01_C01,neu,H18.30.001
CATGCAACAGAATTCC-LKTX_190130_01_F01,neu,H18.30.001
CATTCTAGTGTCCTAA-LKTX_190130_01_H01,neu,H18.30.001
TACGTCCAGTGCAGCA-LKTX_190130_01_E01,neu,H18.30.001
GGAGATGCAGCTCCTT-LKTX_190130_01_H01,neu,H18.30.001
AACGAAACATATGCGT-LKTX_190129_01_D01,neu,H18.30.001
CCTCATGAGCACACCC-LKTX_190129_01_C01,neu,H18.30.001
TCATCCGCATATACCG-LKTX_190130_01_G01,neu,H18.30.001
GCATCGGTCAGTGATC-LKTX_190130_01_H01,neu,H18.30.001
TTTACCAAGTATTCCG-LKTX_190130_01_H01,neu,H18.30.001
TTGCGTCCACCAGTTA-LKTX_190129_01_B01,neu,H18.30.001
CACTTCGAGGAGAATG-LKTX_190130_01_E01,neu,H18.30.001
GGAGAACCAGCTACCG-LKTX_190129_01_B01,neu,H18.30.001
AGAAGCGTCTTTCTAG-LKTX_190129_01_C01,neu,H18.30.001
AGGGAGTGTGTCATTG-LKTX_190130_01_G01,neu,H18.30.001
AGGCCACCACTACTTT-LKTX_190129_01_C01,neu,H18.30.001
CATGCAAGTCTACTGA-LKTX_190130_01_H01,neu,H18.30.001
GCTACAAGTAGACGGT-LKTX_190129_01_C01,neu,H18.30.001
TTCAATCCAGCGTTTA-LKTX_190129_01_B01,neu,H18.30.001
ACGTAACCACCAGGTC-LKTX_190130_01_F01,neu,H18.30.001
GTCTGTCCACCGCTAG-LKTX_190130_01_E01,neu,H18.30.001
GGAATGGTCTGTGTGA-LKTX_190129_01_C01,neu,H18.30.001
TAGAGTCCACCATATG-LKTX_190129_01_A01,neu,H18.30.001
AGACACTTCGCTCTCA-LKTX_190129_01_C01,neu,H18.30.001
ATTACCTCATCCTGTC-LKTX_190130_01_H01,neu,H18.30.001
AAGAACATCATCAGTG-LKTX_190130_01_F01,neu,H18.30.001
GTCCTCACAGGATGAC-LKTX_190130_01_G01,neu,H18.30.001
AGTACCAGTCAAGCGA-LKTX_190129_01_D01,neu,H18.30.001
ACGTAGTGTTCTCCAC-LKTX_190130_01_G01,neu,H18.30.001
AGACTCAGTAGATCCT-LKTX_190129_01_D01,neu,H18.30.001
TCGTGGGCACCTCTAC-LKTX_190130_01_G01,neu,H18.30.001
AGGTCATAGCCGATTT-LKTX_190130_01_F01,neu,H18.30.001
TTCGCTGTCTACGCGG-LKTX_190129_01_D01,neu,H18.30.001
ATCACGATCCGCTTAC-LKTX_190129_01_B01,neu,H18.30.001
GGAAGTGGTAGACAAT-LKTX_190129_01_A01,neu,H18.30.001
AACACACTCAGCGGAA-LKTX_190129_01_B01,neu,H18.30.001
CTCAGAATCTAGCCTC-LKTX_190130_01_E01,neu,H18.30.001
CTCGAGGCATCTCCCA-LKTX_190130_01_F01,neu,H18.30.001
CCATCACCAATGAAAC-LKTX_190130_01_H01,neu,H18.30.001
GGGCGTTCAGGTGTTT-LKTX_190130_01_H01,neu,H18.30.001
TACCGGGCACTCATAG-LKTX_190129_01_D01,neu,H18.30.001
CCAATTTGTGTTCCAA-LKTX_190129_01_C01,neu,H18.30.001
TGGAACTCAACTGTGT-LKTX_190130_01_E01,neu,H18.30.001
AGGTAGGCACAAAGCG-LKTX_190130_01_G01,neu,H18.30.001
CGACAGCTCGAATGCT-LKTX_190129_01_C01,neu,H18.30.001
CAACAGTAGCTAAATG-LKTX_190130_01_E01,neu,H18.30.001
TGAGCATCACTTCCTG-LKTX_190130_01_G01,neu,H18.30.001
TCTACCGGTGATATAG-LKTX_190129_01_C01,neu,H18.30.001
CTAAGTGTCTGGACCG-LKTX_190129_01_B01,neu,H18.30.001
AACTTCTCAGATCACT-LKTX_190129_01_A01,neu,H18.30.001
AAGCCATCAACAGCCC-LKTX_190130_01_G01,neu,H18.30.001
CTCAGTCGTGCGGCTT-LKTX_190129_01_C01,neu,H18.30.001
GTAGGTTGTTCCGCAG-LKTX_190130_01_F01,neu,H18.30.001
AGCTTCCCAGCTGGTC-LKTX_190130_01_E01,neu,H18.30.001
GATGACTTCAAGCGTT-LKTX_190130_01_G01,neu,H18.30.001
GCTCAAATCAACCTTT-LKTX_190129_01_A01,neu,H18.30.001
CCCATTGAGGGCGAAG-LKTX_190129_01_B01,neu,H18.30.001
CCGTAGGCATGTTTGG-LKTX_190130_01_G01,neu,H18.30.001
AGGCCACCATGACGAG-LKTX_190130_01_E01,neu,H18.30.001
GAACACTTCGATTTCT-LKTX_190129_01_C01,neu,H18.30.001
GAGACCCTCTCGTGAA-LKTX_190130_01_H01,neu,H18.30.001
AACCAACGTTAGCTAC-LKTX_190130_01_H01,neu,H18.30.001
AGTTCCCAGCGGATCA-LKTX_190129_01_A01,neu,H18.30.001
GGAATGGGTACTCGCG-LKTX_190129_01_A01,neu,H18.30.001
GTAGATCCAAGCACCC-LKTX_190130_01_G01,neu,H18.30.001
CCCAACTCAGACGGAT-LKTX_190130_01_F01,neu,H18.30.001
ATAGACCAGTCACTCA-LKTX_190129_01_A01,neu,H18.30.001
CGTTCTGCAGATCACT-LKTX_190130_01_G01,oli,H18.30.001
GTCGCGATCTGAGAAA-LKTX_190129_01_B01,oli,H18.30.001
ATTCACTAGCTGAGCA-LKTX_190130_01_F01,oli,H18.30.001
AGGTCATGTTCGGTAT-LKTX_190130_01_F01,oli,H18.30.001
TCCTTCTGTTACACAC-LKTX_190130_01_H01,oli,H18.30.001
TGCAGATCATTGAAAG-LKTX_190130_01_G01,oli,H18.30.001
CAGATACGTTGTACGT-LKTX_190130_01_E01,oli,H18.30.001
ATGTCCCTCATTACGG-LKTX_190130_01_G01,oli,H18.30.001
CTCTCGATCAGTCCGG-LKTX_190130_01_E01,oli,H18.30.001
TTCACGCCAGCCTTCT-LKTX_190130_01_E01,oli,H18.30.001
GATGAGGCAGCCGGTT-LKTX_190129_01_A01,oli,H18.30.001
GTGATGTCATCCTTCG-LKTX_190130_01_H01,oli,H18.30.001
AGTACTGCAAACGAGC-LKTX_190129_01_D01,oli,H18.30.001
GTTAGTGCAGGTCCGT-LKTX_190130_01_G01,oli,H18.30.001
GTCCCATCAAGTCATC-LKTX_190130_01_H01,oli,H18.30.001
AGCGATTCAGGTGAGT-LKTX_190129_01_B01,oli,H18.30.001
CATTCATGTGGTCTTA-LKTX_190130_01_H01,oli,H18.30.001
TGCACGGAGGTAAACT-LKTX_190129_01_C01,oli,H18.30.001
CAACAACGTATGAGCG-LKTX_190130_01_F01,oli,H18.30.001
CATTTCATCGACGCTG-LKTX_190130_01_E01,oli,H18.30.001
TATTTCGCACGCGTGT-LKTX_190129_01_C01,oli,H18.30.001
TAGGAGGGTTTCTATC-LKTX_190129_01_C01,oli,H18.30.001
GCGAGAATCCGCGAGT-LKTX_190130_01_G01,oli,H18.30.001
CTTCAATGTATATGGA-LKTX_190130_01_E01,oli,H18.30.001
ACGTAGTCAACCGCTG-LKTX_190130_01_H01,oli,H18.30.001
GTATTTCAGACTTGTC-LKTX_190130_01_E01,oli,H18.30.001
GTGGAAGGTATGCGGA-LKTX_190129_01_A01,oli,H18.30.001
GGAGAACTCGAGGCAA-LKTX_190130_01_E01,oli,H18.30.001
TCTTTGAAGACGAAGA-LKTX_190130_01_F01,oli,H18.30.001
CTACAGATCACTTTGT-LKTX_190130_01_G01,oli,H18.30.001
TGACTCCGTAAGACCG-LKTX_190129_01_A01,oli,H18.30.001
GGGATGAGTGAGTAGC-LKTX_190129_01_B01,oli,H18.30.001
GAGTGAGAGGTCATAA-LKTX_190130_01_H01,oli,H18.30.001
CCTCAACCAGTGCCTG-LKTX_190129_01_A01,oli,H18.30.001
CGGAGAACAGTTCCAA-LKTX_190130_01_G01,oli,H18.30.001
TGAATCGGTAGTGATA-LKTX_190130_01_F01,oli,H18.30.001
GAGGGTACATGACGGA-LKTX_190130_01_F01,oli,H18.30.001
TGCCGAGGTGCGGATA-LKTX_190130_01_G01,oli,H18.30.001
CATTGAGGTCGTCGGT-LKTX_190130_01_G01,oli,H18.30.001
AGCCACGTCTGCATGA-LKTX_190130_01_F01,oli,H18.30.001
AATGCCACAGTCAGCC-LKTX_190130_01_H01,oli,H18.30.001
GGTAGAGTCTTTCAGT-LKTX_190130_01_F01,oli,H18.30.001
TGAGTCATCGCAATGT-LKTX_190130_01_H01,oli,H18.30.001
TTCCTTCTCGCTGATA-LKTX_190129_01_A01,oli,H18.30.001
ATCGGCGCATGTTACG-LKTX_190130_01_H01,oli,H18.30.001
GATAGCTAGATTACCC-LKTX_190130_01_G01,oli,H18.30.001
TGTTTGTAGATTGACA-LKTX_190130_01_F01,oli,H18.30.001
TATATCCGTCCGATCG-LKTX_190130_01_E01,oli,H18.30.001
TGGGAGACACGAGGTA-LKTX_190129_01_A01,oli,H18.30.001
TCTGCCAAGTTAGAAC-LKTX_190130_01_F01,oli,H18.30.001
CGGGCATAGTGGTCAG-LKTX_190130_01_G01,oli,H18.30.001
TCGTGCTGTTGTCTAG-LKTX_190130_01_H01,oli,H18.30.001
CTAACTTCATTGACAC-LKTX_190129_01_C01,oli,H18.30.001
TGCTTCGTCTCGCTCA-LKTX_190129_01_C01,oli,H18.30.001
TCCTCCCGTAGTCGTT-LKTX_190129_01_D01,oli,H18.30.001
CTCATTAAGGTAGTCG-LKTX_190129_01_A01,oli,H18.30.001
GACTGATAGCTCGCAC-LKTX_190129_01_D01,oli,H18.30.001
TGCGACGTCTGCATGA-LKTX_190130_01_E01,oli,H18.30.001
CTGAATGGTCCTGGTG-LKTX_190130_01_G01,oli,H18.30.001
TCATACTCAGGCACAA-LKTX_190130_01_F01,oli,H18.30.001
GTAGAAATCCGTGCGA-LKTX_190129_01_D01,oli,H18.30.001
TGTCCCACAATAGTCC-LKTX_190130_01_F01,oli,H18.30.001
GTAATCGGTCGGTGAA-LKTX_190130_01_F01,oli,H18.30.001
GACTCAATCTGGGAGA-LKTX_190130_01_E01,oli,H18.30.001
TACGTCCCAGAACTAA-LKTX_190130_01_G01,oli,H18.30.001
AGCGCCACAATTGCCA-LKTX_190129_01_B01,oli,H18.30.001
AGGGCTCCAGCTCATA-LKTX_190129_01_A01,oli,H18.30.001
CAGCACGGTGTTCAGT-LKTX_190129_01_B01,oli,H18.30.001
GATAGCTCATTGACAC-LKTX_190130_01_G01,oli,H18.30.001
CCTATCGGTATACAGA-LKTX_190129_01_D01,oli,H18.30.001
TTTACTGGTGTTGACT-LKTX_190130_01_E01,oli,H18.30.001
CCATAAGGTCGCGTCA-LKTX_190129_01_C01,oli,H18.30.001
CAGCAGCAGTTGGAGC-LKTX_190130_01_E01,oli,H18.30.001
ATAGGCTTCAGCTTCC-LKTX_190130_01_H01,oli,H18.30.001
GTCATCCTCCATGATG-LKTX_190130_01_F01,oli,H18.30.001
ATACTTCAGTACCCTA-LKTX_190130_01_E01,oli,H18.30.001
ACCAACACACAAGCAG-LKTX_190130_01_H01,oli,H18.30.001
TTTGTTGTCACGAACT-LKTX_190129_01_A01,oli,H18.30.001
GTAGGAGAGACAACAT-LKTX_190130_01_G01,oli,H18.30.001
CCTTGTGTCCAGTTCC-LKTX_190130_01_H01,oli,H18.30.001
GTTGCGGGTCTGGTTA-LKTX_190129_01_C01,oli,H18.30.001
TTAATCCAGAAACCAT-LKTX_190130_01_G01,oli,H18.30.001
GAGTCATTCGGCATTA-LKTX_190129_01_B01,oli,H18.30.001
GTAGTACAGGGTAATT-LKTX_190130_01_F01,oli,H18.30.001
GGTGATTCACAAATAG-LKTX_190129_01_B01,oli,H18.30.001
ACAAGCTAGTCTCCTC-LKTX_190129_01_C01,oli,H18.30.001
TATCTTGAGAGCCGTA-LKTX_190129_01_D01,oli,H18.30.001
GTTGTCCGTCGACTTA-LKTX_190130_01_G01,oli,H18.30.001
TATTTCGTCCACGTAA-LKTX_190130_01_G01,oli,H18.30.001
GGAGGATGTCAACATC-LKTX_190130_01_E01,oli,H18.30.001
GTGAGTTTCGGTCACG-LKTX_190130_01_F01,oli,H18.30.001
CAATCGAAGTCTAACC-LKTX_190129_01_A01,oli,H18.30.001
TCCTTCTGTCAAATCC-LKTX_190130_01_F01,oli,H18.30.001
GATGATCAGTTTCGAC-LKTX_190130_01_E01,oli,H18.30.001
AGTACTGAGGTCTACT-LKTX_190130_01_F01,oli,H18.30.001
CACGAATAGTCCGTCG-LKTX_190130_01_G01,oli,H18.30.001
CGCCAGAGTTGCATTG-LKTX_190130_01_G01,oli,H18.30.001
GGAGAACCAATTTCCT-LKTX_190130_01_G01,oli,H18.30.001
TTGGTTTTCCCTTTGG-LKTX_190129_01_C01,oli,H18.30.001
CCACTTGTCTATCGCC-LKTX_190129_01_A01,oli,H18.30.001
ACGGAAGTCTCTCCGA-LKTX_190130_01_H01,oli,H18.30.001
GGAGATGAGCGAGTAC-LKTX_190129_01_A01,oli,H18.30.001
CGGAATTAGACAAGCC-LKTX_190129_01_C01,oli,H18.30.001
GACACGCTCCCATACC-LKTX_190130_01_F01,oli,H18.30.001
TACAACGAGAAATTGC-LKTX_190130_01_H01,oli,H18.30.001
AGTAACCGTTCTCTAT-LKTX_190129_01_A01,oli,H18.30.001
GATGATCTCGATGGAG-LKTX_190130_01_G01,oli,H18.30.001
CAATCGATCTCATTGT-LKTX_190130_01_H01,oli,H18.30.001
ATCCCTGTCAACACGT-LKTX_190130_01_E01,oli,H18.30.001
TTCGCTGCATCCTATT-LKTX_190130_01_E01,oli,H18.30.001
AGTTCCCTCTATTGTC-LKTX_190129_01_C01,oli,H18.30.001
TGAGCGCAGATGAAGG-LKTX_190129_01_B01,oli,H18.30.001
GTTCGCTCATCCGGCA-LKTX_190129_01_D01,oli,H18.30.001
TGGCGTGAGTTCTACG-LKTX_190130_01_G01,oli,H18.30.001
CTCAATTCAATTCTCT-LKTX_190130_01_E01,oli,H18.30.001
TACCTCGTCAAACGAA-LKTX_190129_01_C01,oli,H18.30.001
ATGCGATTCATGCATG-LKTX_190130_01_E01,oli,H18.30.001
TCTATCAGTTTCGTAG-LKTX_190130_01_E01,oli,H18.30.001
AGTCTCCAGGGCTAAC-LKTX_190130_01_E01,oli,H18.30.001
GTCGTTCTCTTAGCTT-LKTX_190130_01_E01,oli,H18.30.001
CAAGAGGGTGCTATTG-LKTX_190129_01_A01,oli,H18.30.001
CATGGTAAGCGACAGT-LKTX_190130_01_E01,oli,H18.30.001
TGTTCCGTCGCAGTGC-LKTX_190129_01_B01,oli,H18.30.001
TCGGGACTCGGCACTG-LKTX_190130_01_H01,oli,H18.30.001
CGAGTTATCCTGCCAT-LKTX_190130_01_F01,oli,H18.30.001
CTACCTGGTATGTGTC-LKTX_190130_01_H01,oli,H18.30.001
CATTGTTGTCCGATCG-LKTX_190130_01_G01,oli,H18.30.001
TGCTTCGAGTTGGGAC-LKTX_190130_01_H01,oli,H18.30.001
TTAATCCGTTCAAAGA-LKTX_190130_01_F01,oli,H18.30.001
GATTCTTCAGTGACCC-LKTX_190129_01_D01,oli,H18.30.001
AGTCAACGTCTGTCAA-LKTX_190130_01_F01,oli,H18.30.001
CAAAGAACACTCCGGA-LKTX_190130_01_G01,oli,H18.30.001
GAGGCAATCAACTGGT-LKTX_190130_01_E01,oli,H18.30.001
GATTGGTGTTTACGTG-LKTX_190129_01_B01,oli,H18.30.001
TCGTCCATCTCCCAAC-LKTX_190130_01_F01,oli,H18.30.001
ACTTTCATCGCTAAAC-LKTX_190130_01_E01,oli,H18.30.001
GGGATCCAGAGCCGTA-LKTX_190130_01_G01,oli,H18.30.001
TAGGGTTTCTACCCAC-LKTX_190130_01_F01,oli,H18.30.001
GCTGAATGTGGACAGT-LKTX_190129_01_A01,oli,H18.30.001
AGCTTCCCAGGACTTT-LKTX_190129_01_D01,oli,H18.30.001
AGTGACTGTGAGATCG-LKTX_190130_01_E01,oli,H18.30.001
CCGAACGCACTGGATT-LKTX_190129_01_B01,oli,H18.30.001
CAGTTCCCAAGGAGTC-LKTX_190130_01_H01,oli,H18.30.001
CCATAAGAGGTTATAG-LKTX_190129_01_D01,oli,H18.30.001
AATGGAAGTCGCGGTT-LKTX_190130_01_H01,oli,H18.30.001
GATTCGAGTCGCTTAA-LKTX_190130_01_E01,oli,H18.30.001
TCCTCTTGTTGCGAAG-LKTX_190129_01_D01,oli,H18.30.001
AGAGCAGCACACGGAA-LKTX_190130_01_G01,oli,H18.30.001
GTCTAGACACACCAGC-LKTX_190130_01_F01,oli,H18.30.001
CATACCCGTCGTGGAA-LKTX_190130_01_G01,oli,H18.30.001
CCAAGCGCAAGTGTCT-LKTX_190130_01_E01,oli,H18.30.001
TACGTCCCAGATTTCG-LKTX_190129_01_C01,oli,H18.30.001
GAAGCGATCCCTGGTT-LKTX_190130_01_E01,oli,H18.30.001
CTACCCAAGCTCGGCT-LKTX_190130_01_F01,oli,H18.30.001
GAAACCTGTGTCTAAC-LKTX_190130_01_F01,oli,H18.30.001
GGATCTAAGGAGAGTA-LKTX_190130_01_F01,oli,H18.30.001
CTTCTAACAGTAACCT-LKTX_190130_01_F01,oli,H18.30.001
AATGAAGCATCCTTGC-LKTX_190129_01_C01,oli,H18.30.001
CACGTTCTCGCAGATT-LKTX_190130_01_G01,oli,H18.30.001
TACCCACAGAGTAACT-LKTX_190129_01_D01,oli,H18.30.001
CATGGTAAGACGAGCT-LKTX_190129_01_C01,oli,H18.30.001
AGACAAATCGGTCTGG-LKTX_190130_01_F01,oli,H18.30.001
CCGCAAGTCGTTGTTT-LKTX_190130_01_G01,oli,H18.30.001
CCGGTAGGTGGGTCAA-LKTX_190129_01_D01,oli,H18.30.001
CATGCCTAGGTGATCG-LKTX_190129_01_C01,oli,H18.30.001
AATCACGAGAGTCCGA-LKTX_190129_01_A01,oli,H18.30.001
CCTCTAGTCTTACCAT-LKTX_190130_01_E01,oli,H18.30.001
TACTGCCTCACTTCTA-LKTX_190129_01_A01,oli,H18.30.001
CAATCGAGTCACCGAC-LKTX_190129_01_D01,oli,H18.30.001
TCTTCCTGTGCAACAG-LKTX_190129_01_A01,oli,H18.30.001
ACTTTGTCACGTCGTG-LKTX_190130_01_F01,oli,H18.30.001
GTGTAACCACGTAGAG-LKTX_190130_01_F01,oli,H18.30.001
TAAGCACCAGACGGAT-LKTX_190130_01_E01,oli,H18.30.001
ATATCCTTCTTAAGGC-LKTX_190130_01_G01,oli,H18.30.001
CTGCCTACATTCGGGC-LKTX_190129_01_A01,oli,H18.30.001
AACCTGAGTTGTAAAG-LKTX_190130_01_H01,oli,H18.30.001
CTGCCATTCTAACGGT-LKTX_190130_01_E01,oli,H18.30.001
TGCTCCACAATACCTG-LKTX_190130_01_H01,oli,H18.30.001
TCAGGTAAGGAATCGC-LKTX_190130_01_H01,oli,H18.30.001
TCCAGAACACTTCAAG-LKTX_190129_01_B01,oli,H18.30.001
TGCAGGCGTTCGTAAC-LKTX_190129_01_A01,oli,H18.30.001
ATACTTCTCACTGAAC-LKTX_190130_01_E01,oli,H18.30.001
GCCGTGAAGTCGGGAT-LKTX_190130_01_G01,oli,H18.30.001
TGCATCCGTGGCTAGA-LKTX_190130_01_G01,oli,H18.30.001
GGGCTCAAGCTCGACC-LKTX_190129_01_B01,oli,H18.30.001
CTTCAATTCAAGGTGG-LKTX_190130_01_G01,oli,H18.30.001
CAAGACTTCCGTAGTA-LKTX_190130_01_F01,oli,H18.30.001
ATTCCATAGGACTTCT-LKTX_190130_01_G01,oli,H18.30.001
CCTCAGTAGCGCCTTG-LKTX_190130_01_G01,oli,H18.30.001
ATGGGAGCAAGCGAAC-LKTX_190130_01_G01,oli,H18.30.001
CGTTGGGTCGTCAACA-LKTX_190129_01_A01,oli,H18.30.001
AGCGATTCACAGCATT-LKTX_190130_01_F01,oli,H18.30.001
CAGAGCCGTGAGTAAT-LKTX_190130_01_G01,oli,H18.30.001
CGGGTGTCAGGAGGAG-LKTX_190130_01_H01,oli,H18.30.001
AATTTCCGTGGACCTC-LKTX_190129_01_C01,oli,H18.30.001
TGCAGATGTAGCTTGT-LKTX_190129_01_C01,oli,H18.30.001
GAACTGTCATTAGGAA-LKTX_190129_01_B01,oli,H18.30.001
ACGATGTTCAAACGAA-LKTX_190130_01_H01,oli,H18.30.001
CAAAGAAAGTAAACGT-LKTX_190130_01_F01,oli,H18.30.001
GATGACTAGTTGGCTT-LKTX_190129_01_D01,oli,H18.30.001
TTGGTTTAGTTACGGG-LKTX_190130_01_G01,oli,H18.30.001
GTGGAGATCATCTGTT-LKTX_190130_01_H01,oli,H18.30.001
TATCCTAAGATCGCTT-LKTX_190130_01_H01,oli,H18.30.001
TGTAGACCAGCATGCC-LKTX_190130_01_G01,oli,H18.30.001
GGAGGTAGTCCTGTTC-LKTX_190130_01_H01,oli,H18.30.001
ATTCATCTCATTTCGT-LKTX_190130_01_H01,oli,H18.30.001
GTAACACCACACCGCA-LKTX_190130_01_F01,oli,H18.30.001
GTTGTAGAGCGACAGT-LKTX_190130_01_E01,oli,H18.30.001
GAACGTTCATCTCATT-LKTX_190130_01_G01,oli,H18.30.001
TTTCCTCGTTGCACGC-LKTX_190130_01_F01,oli,H18.30.001
ATGTCTTTCGTGCACG-LKTX_190130_01_F01,oli,H18.30.001
TCATTTGCAACACGTT-LKTX_190129_01_C01,oli,H18.30.001
CATGCCTTCGCCGATG-LKTX_190129_01_B01,oli,H18.30.001
AGAACCTCAACTCCCT-LKTX_190129_01_B01,oli,H18.30.001
TGCGATAAGCAGCAGT-LKTX_190130_01_G01,oli,H18.30.001
TGAGCATAGTCTGCGC-LKTX_190129_01_C01,oli,H18.30.001
TGCACGGAGCGTCAAG-LKTX_190129_01_A01,oli,H18.30.001
GTTTACTTCCCTCGTA-LKTX_190130_01_H01,oli,H18.30.001
TAATCTCAGCACTCTA-LKTX_190130_01_F01,oli,H18.30.001
CTGCATCGTTCTGACA-LKTX_190129_01_C01,oli,H18.30.001
CCCGAAGTCAGAGTGG-LKTX_190129_01_B01,oli,H18.30.001
AGCCAATCAACCGACC-LKTX_190130_01_G01,oli,H18.30.001
GTAACACGTGGGTCAA-LKTX_190130_01_H01,oli,H18.30.001
AGTCATGCATTCAGGT-LKTX_190130_01_E01,oli,H18.30.001
ACAGAAAAGCTGTCCG-LKTX_190130_01_H01,oli,H18.30.001
GGCTTGGCATTCTCCG-LKTX_190130_01_F01,oli,H18.30.001
ACCCTTGTCTAATTCC-LKTX_190129_01_C01,oli,H18.30.001
GTTAGACGTGGCAACA-LKTX_190129_01_D01,oli,H18.30.001
TTGCGTCAGCTAGCCC-LKTX_190130_01_G01,oli,H18.30.001
CTCTGGTGTGAGAACC-LKTX_190130_01_H01,oli,H18.30.001
GTGTCCTCATCTTTCA-LKTX_190130_01_G01,oli,H18.30.001
CGGGTGTCAAAGGAGA-LKTX_190130_01_E01,oli,H18.30.001
CCTCACACATTGAGGG-LKTX_190130_01_F01,oli,H18.30.001
TCAGCAAAGTCTGGAG-LKTX_190129_01_B01,oli,H18.30.001
ATCGATGCATGATGCT-LKTX_190130_01_F01,oli,H18.30.001
CGGACACCAGGCAATG-LKTX_190130_01_E01,oli,H18.30.001
TCATGTTTCCCGATCT-LKTX_190130_01_H01,oli,H18.30.001
TTCAATCCATTCCTCG-LKTX_190129_01_A01,oli,H18.30.001
GCATGATTCTAGATCG-LKTX_190129_01_C01,oli,H18.30.001
GTAGAAATCGTCACCT-LKTX_190129_01_A01,oli,H18.30.001
TTACAGGGTGTACAGG-LKTX_190130_01_F01,oli,H18.30.001
TTTCATGCATGGAAGC-LKTX_190130_01_F01,oli,H18.30.001
TCAAGCAGTCATCCGG-LKTX_190129_01_A01,oli,H18.30.001
TGATTCTAGTACTGGG-LKTX_190130_01_H01,oli,H18.30.001
AATCGTGGTCGCATGC-LKTX_190130_01_F01,oli,H18.30.001
TGAGGAGCAATGAGCG-LKTX_190130_01_H01,oli,H18.30.001
GGGCTCAGTACTGAGG-LKTX_190129_01_D01,oli,H18.30.001
CTGTACCTCATCGGGC-LKTX_190130_01_F01,oli,H18.30.001
CATGAGTGTTGACGGA-LKTX_190129_01_C01,oli,H18.30.001
GCATCTCTCGGCCCAA-LKTX_190130_01_E01,oli,H18.30.001
AAGGAATTCTCCGAGG-LKTX_190130_01_F01,oli,H18.30.001
ATGTCTTTCCATTCAT-LKTX_190130_01_G01,oli,H18.30.001
ACATGCAGTAGTAAGT-LKTX_190130_01_F01,oli,H18.30.001
ACCTGAAAGTGACACG-LKTX_190130_01_H01,oli,H18.30.001
AGGGCCTGTTTGAACC-LKTX_190130_01_E01,oli,H18.30.001
CATTGAGCAACAGCCC-LKTX_190130_01_F01,oli,H18.30.001
GAGAAATAGGTCTTTG-LKTX_190129_01_C01,oli,H18.30.001
CTGTATTCACAGCCAC-LKTX_190130_01_G01,oli,H18.30.001
TTGCCTGCAACAAAGT-LKTX_190129_01_B01,oli,H18.30.001
AGGACGACAAGAAACT-LKTX_190130_01_E01,oli,H18.30.001
TGGAGGACAATAGGGC-LKTX_190129_01_A01,oli,H18.30.001
GCGTTTCCACGTGTGC-LKTX_190130_01_G01,oli,H18.30.001
ACCTGAACAATCTGCA-LKTX_190130_01_F01,oli,H18.30.001
TGCTCCATCGCACGGT-LKTX_190130_01_H01,oli,H18.30.001
GATCCCTCAATAGGGC-LKTX_190130_01_E01,oli,H18.30.001
CCTGTTGAGGCTATCT-LKTX_190130_01_G01,oli,H18.30.001
AACGAAAAGTTGCCCG-LKTX_190130_01_H01,oli,H18.30.001
ACTTCCGAGGAATCGC-LKTX_190129_01_B01,oli,H18.30.001
TCCCAGTGTCGTCTCT-LKTX_190130_01_H01,oli,H18.30.001
TCTTCCTGTAAGATTG-LKTX_190129_01_A01,oli,H18.30.001
GGTGGCTCAGCGTATT-LKTX_190129_01_B01,oli,H18.30.001
TCAATTCAGAGGCTGT-LKTX_190129_01_B01,oli,H18.30.001
GTGCACGAGGATACGC-LKTX_190130_01_E01,oli,H18.30.001
CTCCAACGTCGCAACC-LKTX_190130_01_H01,oli,H18.30.001
AGGGTCCCAGGCGATA-LKTX_190130_01_F01,oli,H18.30.001
AAGTTCGCAGAGCTAG-LKTX_190130_01_G01,oli,H18.30.001
ACGGTCGGTCAAGTTC-LKTX_190130_01_E01,oli,H18.30.001
TCGCACTAGAAGGGAT-LKTX_190130_01_G01,oli,H18.30.001
CAGGGCTTCATGAGTC-LKTX_190130_01_F01,oli,H18.30.001
CCACACTTCCATCTAT-LKTX_190130_01_H01,oli,H18.30.001
GTTGTCCTCAAGAGTA-LKTX_190130_01_G01,oli,H18.30.001
ATGGATCCATCCGAGC-LKTX_190129_01_B01,oli,H18.30.001
TTTACTGCAGACCAAG-LKTX_190130_01_F01,oli,H18.30.001
TGTTCCGGTCACTCTC-LKTX_190130_01_G01,oli,H18.30.001
GATGAGGAGCCTTTCC-LKTX_190130_01_E01,oli,H18.30.001
GCTGGGTAGGTAAGTT-LKTX_190129_01_D01,oli,H18.30.001
CTACATTCAGTCTTCC-LKTX_190130_01_G01,oli,H18.30.001
TAGACCAGTGCCGTAC-LKTX_190130_01_H01,oli,H18.30.001
TCCGTGTTCGTTGTGA-LKTX_190129_01_C01,oli,H18.30.001
CCCAACTAGTGTTCAC-LKTX_190130_01_E01,oli,H18.30.001
TCATGAGAGCCTCTTC-LKTX_190130_01_H01,oli,H18.30.001
ACGATGTAGAGGGTAA-LKTX_190130_01_G01,oli,H18.30.001
GCCAACGGTACGTTCA-LKTX_190129_01_D01,oli,H18.30.001
CCTAACCGTACCGCGT-LKTX_190130_01_H01,oli,H18.30.001
TGACAGTAGTTCGCAT-LKTX_190130_01_H01,oli,H18.30.001
TACAACGGTGCCCACA-LKTX_190130_01_H01,oli,H18.30.001
GGGTCTGAGCTCAGAG-LKTX_190130_01_F01,oli,H18.30.001
CGCAGGTAGCCTGAAG-LKTX_190130_01_E01,oli,H18.30.001
GCAACCGCATCCTTGC-LKTX_190130_01_F01,oli,H18.30.001
GCTACCTTCCATTCGC-LKTX_190130_01_E01,oli,H18.30.001
ATGGAGGGTTCTCACC-LKTX_190129_01_A01,oli,H18.30.001
AGACTCAAGTTTGGCT-LKTX_190130_01_G01,oli,H18.30.001
TTACTGTAGTAGAATC-LKTX_190129_01_A01,oli,H18.30.001
GTGGTTAAGGTGCCAA-LKTX_190130_01_F01,oli,H18.30.001
TGGAGGATCATCACAG-LKTX_190130_01_E01,oli,H18.30.001
GAAATGATCCGTGGTG-LKTX_190130_01_F01,oli,H18.30.001
TGACCCTGTCAGTCGC-LKTX_190130_01_F01,oli,H18.30.001
AGAGAGCAGTCAGGGT-LKTX_190130_01_G01,oli,H18.30.001
GCTGCAGAGTTCATCG-LKTX_190130_01_F01,oli,H18.30.001
GATTCGAAGAAGGTAG-LKTX_190130_01_H01,oli,H18.30.001
TCAGCAATCGTTACCC-LKTX_190130_01_E01,oli,H18.30.001
CGGAATTCACTGGAAG-LKTX_190130_01_E01,oli,H18.30.001
GTCATGACATAATCCG-LKTX_190130_01_E01,oli,H18.30.001
AAGACAATCCAAGCTA-LKTX_190130_01_H01,oli,H18.30.001
CTAAGTGTCTCAACCC-LKTX_190129_01_A01,oli,H18.30.001
TATTCCAGTGTTGAGG-LKTX_190129_01_D01,oli,H18.30.001
ATACCGAGTAGCGTAG-LKTX_190129_01_B01,oli,H18.30.001
CCAATTTTCATGGATC-LKTX_190130_01_H01,oli,H18.30.001
ATGCATGCATTCCTCG-LKTX_190130_01_E01,oli,H18.30.001
CTGATCCAGTTTCTTC-LKTX_190129_01_A01,oli,H18.30.001
AGGACGAGTTGCAAGG-LKTX_190130_01_H01,oli,H18.30.001
CGGGTCACAGCAGTGA-LKTX_190130_01_H01,oli,H18.30.001
GACCGTGCATAACCCA-LKTX_190130_01_H01,oli,H18.30.001
CTTTCAAGTACCGCGT-LKTX_190130_01_H01,oli,H18.30.001
GATGAGGTCATTACTC-LKTX_190130_01_E01,oli,H18.30.001
ATTCCTAAGTAACAGT-LKTX_190130_01_E01,oli,H18.30.001
TGAATGCAGACATACA-LKTX_190129_01_B01,oli,H18.30.001
CTCTCGATCTAGAACC-LKTX_190129_01_B01,oli,H18.30.001
GCAGCCAGTATGAGCG-LKTX_190130_01_F01,oli,H18.30.001
CGAGTTAAGAATCGAT-LKTX_190130_01_F01,oli,H18.30.001
TGTCAGATCCCACAGG-LKTX_190130_01_G01,oli,H18.30.001
TCCTAATTCTCCTGCA-LKTX_190129_01_B01,oli,H18.30.001
TTCGCTGCATGACGGA-LKTX_190130_01_G01,oli,H18.30.001
AGATAGACAGGAGGAG-LKTX_190130_01_G01,oli,H18.30.001
GAGTTGTTCAAGCCTA-LKTX_190129_01_B01,oli,H18.30.001
ATTGGGTCAAGATTGA-LKTX_190130_01_E01,oli,H18.30.001
CTTCCTTAGCATCGAG-LKTX_190130_01_H01,oli,H18.30.001
GGTGTTACAGGACTTT-LKTX_190130_01_H01,oli,H18.30.001
GATGACTCACGCGCAT-LKTX_190130_01_H01,oli,H18.30.001
CAGTTCCTCCCAAGTA-LKTX_190129_01_D01,oli,H18.30.001
TTAGGCATCCTAAGTG-LKTX_190130_01_H01,oli,H18.30.001
AACAAGATCAGCGTCG-LKTX_190130_01_E01,oli,H18.30.001
CGTGTCTCATACAGAA-LKTX_190129_01_C01,oli,H18.30.001
GGGTCTGTCTCGCGTT-LKTX_190130_01_H01,oli,H18.30.001
TCTAACTTCCTTCAGC-LKTX_190129_01_D01,oli,H18.30.001
TGCAGATCAAGACCTT-LKTX_190130_01_G01,oli,H18.30.001
GCTACAATCGCCAGAC-LKTX_190130_01_F01,oli,H18.30.001
CAGGGCTTCAGGAACG-LKTX_190130_01_H01,oli,H18.30.001
GTTACCCTCAAGTCGT-LKTX_190130_01_H01,oli,H18.30.001
TGTACAGCATGCAGGA-LKTX_190130_01_G01,oli,H18.30.001
TTAGTCTTCTTCGACC-LKTX_190130_01_G01,oli,H18.30.001
CCTCACACAAATTGGA-LKTX_190130_01_F01,oli,H18.30.001
TCATGCCCAGAATGTA-LKTX_190130_01_G01,oli,H18.30.001
GTAGCTACATGTCAGT-LKTX_190130_01_F01,oli,H18.30.001
GACACGCAGCGAACTG-LKTX_190130_01_G01,oli,H18.30.001
TACCGGGGTGCATCTA-LKTX_190130_01_H01,oli,H18.30.001
ACCCTTGAGCAGGCTA-LKTX_190130_01_F01,oli,H18.30.001
GAATAGATCGCAGTCG-LKTX_190130_01_G01,oli,H18.30.001
TCTCTGGAGATGCAGC-LKTX_190130_01_F01,oli,H18.30.001
CAAGACTAGAAACCAT-LKTX_190130_01_F01,oli,H18.30.001
GTGTGGCGTTAGCGGA-LKTX_190130_01_G01,oli,H18.30.001
TCATTACTCATTGAGC-LKTX_190130_01_G01,oli,H18.30.001
AGTGATCGTGCATTAC-LKTX_190130_01_E01,oli,H18.30.001
TGTCCTGAGTCACTAC-LKTX_190129_01_A01,oli,H18.30.001
GAATCACCAATACAGA-LKTX_190130_01_E01,oli,H18.30.001
CATAGACCATGTGCTA-LKTX_190130_01_G01,oli,H18.30.001
TCCCACATCATCTGTT-LKTX_190130_01_G01,oli,H18.30.001
CATGCAAAGGCGTTGA-LKTX_190130_01_G01,oli,H18.30.001
CTGTAGATCCAGTACA-LKTX_190130_01_F01,oli,H18.30.001
ATTCCTAGTTAGGCTT-LKTX_190130_01_E01,oli,H18.30.001
GCTGCAGCACGTAACT-LKTX_190129_01_D01,oli,H18.30.001
ACTATTCAGGGTGGGA-LKTX_190130_01_E01,oli,H18.30.001
TCGAAGTCATAGAGGC-LKTX_190130_01_G01,oli,H18.30.001
CCAATGACACGCTTAA-LKTX_190130_01_G01,oli,H18.30.001
GCAGCCACATACAGGG-LKTX_190130_01_E01,oli,H18.30.001
GGCTGTGCAGAAGCGT-LKTX_190130_01_G01,oli,H18.30.001
TACCCACTCTCAAAGC-LKTX_190130_01_E01,oli,H18.30.001
TTTGATCGTGGAACAC-LKTX_190130_01_H01,oli,H18.30.001
ATGGGAGGTGTGTCCG-LKTX_190129_01_D01,oli,H18.30.001
TACGTCCTCTGGCCAG-LKTX_190130_01_H01,oli,H18.30.001
TACAGGTTCCAATGCA-LKTX_190129_01_D01,oli,H18.30.001
GAAGGGTTCGCTCTCA-LKTX_190130_01_H01,oli,H18.30.001
TTTCGATTCATCTCTA-LKTX_190129_01_B01,oli,H18.30.001
GGATCTATCTGCTCTG-LKTX_190129_01_B01,oli,H18.30.001
CCCGAAGGTAGGAGGG-LKTX_190130_01_E01,oli,H18.30.001
CGATGCGAGCAACAAT-LKTX_190130_01_F01,oli,H18.30.001
GCGTGCATCGTGGGAA-LKTX_190130_01_F01,oli,H18.30.001
GGGTTATTCTTGGCTC-LKTX_190130_01_H01,oli,H18.30.001
CCAATGATCATTGTTC-LKTX_190130_01_H01,oli,H18.30.001
TGCATGAGTGGGTATG-LKTX_190129_01_C01,oli,H18.30.001
CAATGACCAGCAGTGA-LKTX_190130_01_F01,oli,H18.30.001
GGGTGTCTCTGAGAGG-LKTX_190129_01_D01,oli,H18.30.001
TCAGTTTGTCAGACGA-LKTX_190130_01_F01,oli,H18.30.001
GTCCCATTCGGTCGAC-LKTX_190130_01_G01,oli,H18.30.001
AAGTGAAGTTACGGAG-LKTX_190130_01_E01,oli,H18.30.001
ACCCTCAGTACCTAGT-LKTX_190130_01_F01,oli,H18.30.001
TCCGGGAGTCACTCTC-LKTX_190130_01_E01,oli,H18.30.001
CTTGATTGTGCCGGTT-LKTX_190129_01_D01,oli,H18.30.001
ATAGGCTAGACTGAGC-LKTX_190130_01_E01,oli,H18.30.001
CGTGTCTTCGTCCTCA-LKTX_190129_01_C01,oli,H18.30.001
TAAGCGTAGCCGATAG-LKTX_190130_01_G01,oli,H18.30.001
TCTATACTCGTTCATT-LKTX_190130_01_G01,oli,H18.30.001
AAGAACATCTTCGGTC-LKTX_190130_01_F01,oli,H18.30.001
TCTTAGTTCGAGCCAC-LKTX_190130_01_G01,oli,H18.30.001
CCACGAGTCAAGGAGC-LKTX_190129_01_A01,oli,H18.30.001
TCCTCTTAGATGCTGG-LKTX_190130_01_G01,oli,H18.30.001
TAACGACCATACTTTC-LKTX_190129_01_C01,oli,H18.30.001
TAATCTCAGTACTCGT-LKTX_190130_01_E01,oli,H18.30.001
GAGGCCTGTGTGAGCA-LKTX_190130_01_H01,oli,H18.30.001
AGGGAGTCAGTCGGTC-LKTX_190130_01_H01,oli,H18.30.001
TCATTGTCACTACGGC-LKTX_190130_01_E01,oli,H18.30.001
GAAATGATCTAAGCCA-LKTX_190129_01_C01,oli,H18.30.001
ACCGTTCTCGCCGAAC-LKTX_190129_01_A01,oli,H18.30.001
CTCCATGGTCTGCGCA-LKTX_190130_01_F01,oli,H18.30.001
TGTGAGTTCTTCGTAT-LKTX_190130_01_H01,oli,H18.30.001
TTATTGCGTATTCCGA-LKTX_190130_01_E01,oli,H18.30.001
GTAGGAGGTGGCTCTG-LKTX_190130_01_F01,oli,H18.30.001
ACGTAACTCCACTTCG-LKTX_190130_01_G01,oli,H18.30.001
TCTCCGAGTATACGGG-LKTX_190129_01_C01,oli,H18.30.001
CCTGTTGCAACCAACT-LKTX_190130_01_G01,oli,H18.30.001
CATGGTAAGATACTGA-LKTX_190130_01_E01,oli,H18.30.001
TGGTTAGCAGGCTATT-LKTX_190130_01_G01,oli,H18.30.001
ATGCGATGTCACTCAA-LKTX_190130_01_H01,oli,H18.30.001
ACGATCAGTTTACCTT-LKTX_190130_01_H01,oli,H18.30.001
TTACAGGGTGATACCT-LKTX_190130_01_E01,oli,H18.30.001
ATCCACCCACACCTAA-LKTX_190130_01_F01,oli,H18.30.001
TGCATGAAGATAACAC-LKTX_190130_01_G01,oli,H18.30.001
AGTGCCGCACGGGTAA-LKTX_190130_01_F01,oli,H18.30.001
TCGTGGGCACAAAGCG-LKTX_190129_01_C01,oli,H18.30.001
GCCGATGGTGGTGATG-LKTX_190130_01_F01,oli,H18.30.001
ATCCCTGTCTAACGGT-LKTX_190130_01_F01,oli,H18.30.001
GACCCTTAGAAGTCCG-LKTX_190129_01_D01,oli,H18.30.001
CTTTCGGAGACGCTCC-LKTX_190130_01_H01,oli,H18.30.001
TCGTGCTAGTGGAAGA-LKTX_190129_01_B01,oli,H18.30.001
AGACTCACAGTCGGAA-LKTX_190129_01_D01,oli,H18.30.001
GGTAATCTCTCCGATC-LKTX_190130_01_E01,oli,H18.30.001
GGGCCATAGCGTTCAT-LKTX_190129_01_C01,oli,H18.30.001
GTATTGGAGGGCGAAG-LKTX_190130_01_H01,oli,H18.30.001
TTCTGTAAGGTAAAGG-LKTX_190130_01_F01,oli,H18.30.001
GCCCGAATCGAGAAGC-LKTX_190130_01_F01,oli,H18.30.001
CCTGTTGAGCGTGAGT-LKTX_190130_01_H01,oli,H18.30.001
TGTTACTCATCTAGAC-LKTX_190130_01_E01,oli,H18.30.001
ACTGCAATCCTGTAAG-LKTX_190129_01_A01,oli,H18.30.001
TAAGCGTAGATAGTGT-LKTX_190130_01_H01,oli,H18.30.001
ATATCCTTCACGATAC-LKTX_190129_01_A01,oli,H18.30.001
AGTGTTGCATTGTCGA-LKTX_190129_01_A01,oli,H18.30.001
TTGCGTCTCATACAGC-LKTX_190130_01_G01,oli,H18.30.001
CACATGATCACTTTGT-LKTX_190130_01_F01,oli,H18.30.001
TCAAGCAAGTTGCGCC-LKTX_190129_01_B01,oli,H18.30.001
TCCTTCTGTAGCTTAC-LKTX_190130_01_H01,oli,H18.30.001
AATGACCTCACTTGGA-LKTX_190129_01_B01,oli,H18.30.001
TAGGTTGGTCCATACA-LKTX_190129_01_B01,oli,H18.30.001
ATCGCCTCAAGACGAC-LKTX_190130_01_E01,oli,H18.30.001
TTTATGCGTCGTCTCT-LKTX_190130_01_G01,oli,H18.30.001
AATAGAGAGACCTCAT-LKTX_190129_01_C01,oli,H18.30.001
GGGTATTAGAACGTGC-LKTX_190130_01_E01,oli,H18.30.001
ATTCAGGCATGAGGGT-LKTX_190129_01_A01,oli,H18.30.001
CGGGTGTTCCTCTGCA-LKTX_190130_01_F01,oli,H18.30.001
CCTGTTGGTCTACACA-LKTX_190130_01_E01,oli,H18.30.001
TTGTTCACACCCATAA-LKTX_190130_01_H01,oli,H18.30.001
ATCGATGTCAGTGGGA-LKTX_190130_01_F01,oli,H18.30.001
TTGCATTGTGGAGAAA-LKTX_190130_01_H01,oli,H18.30.001
AGGACTTTCCAACTGA-LKTX_190129_01_D01,oli,H18.30.001
GGGTCACAGCGTCAAG-LKTX_190130_01_G01,oli,H18.30.001
ACTATGGCATAATCGC-LKTX_190130_01_H01,oli,H18.30.001
AGCCAATAGCCATTGT-LKTX_190130_01_E01,oli,H18.30.001
ATAGACCTCGCCACTT-LKTX_190129_01_C01,oli,H18.30.001
AAGACTCTCGCTGTTC-LKTX_190130_01_F01,oli,H18.30.001
TGGAACTGTGGCTGCT-LKTX_190130_01_G01,oli,H18.30.001
ACGCACGCAAGATTGA-LKTX_190130_01_E01,oli,H18.30.001
AGGATAATCGTGTGGC-LKTX_190130_01_G01,oli,H18.30.001
TCAGTCCAGGATATAC-LKTX_190130_01_E01,oli,H18.30.001
AGGTCTATCCATGCAA-LKTX_190130_01_E01,oli,H18.30.001
CGACAGCGTTCCTAAG-LKTX_190129_01_C01,oli,H18.30.001
AACAAGAGTGTTTCTT-LKTX_190130_01_G01,oli,H18.30.001
CATGCTCTCGATCCAA-LKTX_190130_01_H01,oli,H18.30.001
ATCCTATGTGCTCTCT-LKTX_190129_01_A01,oli,H18.30.001
GATCCCTTCGTGCGAC-LKTX_190130_01_F01,oli,H18.30.001
CACATGATCCGCGAGT-LKTX_190130_01_E01,oli,H18.30.001
GACCTTCCACACACTA-LKTX_190130_01_H01,oli,H18.30.001
CATCGTCTCACGGAGA-LKTX_190130_01_H01,oli,H18.30.001
TCAGCAAGTTAACAGA-LKTX_190130_01_H01,oli,H18.30.001
CCTTGTGGTTTCGTAG-LKTX_190130_01_G01,oli,H18.30.001
GGAAGTGAGTTGGACG-LKTX_190129_01_C01,oli,H18.30.001
CTCAAGAGTGTCCGGT-LKTX_190130_01_G01,oli,H18.30.001
TGGAGGACAGCAGTTT-LKTX_190130_01_E01,oli,H18.30.001
AGTGATCTCGAGAATA-LKTX_190130_01_E01,oli,H18.30.001
GCGATCGAGTTACGGG-LKTX_190129_01_A01,oli,H18.30.001
AGTGATCAGGCTTTCA-LKTX_190130_01_H01,oli,H18.30.001
CTATCCGTCAGCGCGT-LKTX_190129_01_C01,oli,H18.30.001
TAAGCACAGTCAATCC-LKTX_190130_01_E01,oli,H18.30.001
AGCGCTGTCAACTTTC-LKTX_190129_01_A01,oli,H18.30.001
GTATTGGCAAACACGG-LKTX_190130_01_H01,oli,H18.30.001
GCGATCGAGCTGTTAC-LKTX_190129_01_A01,oli,H18.30.001
ATCACGAGTGCATACT-LKTX_190130_01_F01,oli,H18.30.001
CCCTTAGTCGCCGAAC-LKTX_190130_01_E01,oli,H18.30.001
TGTCAGACATCGGATT-LKTX_190129_01_A01,oli,H18.30.001
TGTTGGAGTCGGCTAC-LKTX_190129_01_C01,oli,H18.30.001
TGCTTGCTCAGGACGA-LKTX_190129_01_D01,oli,H18.30.001
AATGCCACATGAGAAT-LKTX_190129_01_C01,oli,H18.30.001
ACCACAATCCTCTCGA-LKTX_190129_01_A01,opc,H18.30.001
ACCTACCCAAAGAGTT-LKTX_190129_01_A01,opc,H18.30.001
CCAATGAAGTCTCTGA-LKTX_190129_01_A01,opc,H18.30.001
CCTTGTGCAGAGTAAT-LKTX_190129_01_A01,opc,H18.30.001
CTACGGGGTTCTCCAC-LKTX_190129_01_A01,opc,H18.30.001
GGCTGTGGTCCCTCAT-LKTX_190129_01_A01,opc,H18.30.001
TAACTTCCAACCGGAA-LKTX_190129_01_A01,opc,H18.30.001
TCTTTGATCAACGTGT-LKTX_190129_01_A01,opc,H18.30.001
TGCTCGTAGGATGGCT-LKTX_190129_01_A01,opc,H18.30.001
ACTGTGAAGGGAGATA-LKTX_190129_01_B01,opc,H18.30.001
AGCGTCGCATGTACGT-LKTX_190129_01_B01,opc,H18.30.001
ATAGGCTTCTGCGTCT-LKTX_190129_01_B01,opc,H18.30.001
CAACGGCCAGAGGCAT-LKTX_190129_01_B01,opc,H18.30.001
CAGATTGAGGCGTTAG-LKTX_190129_01_B01,opc,H18.30.001
CCTCAGTTCGAGAAGC-LKTX_190129_01_B01,opc,H18.30.001
CGATGGCAGTAATACG-LKTX_190129_01_B01,opc,H18.30.001
CTCGAGGTCTGAGGCC-LKTX_190129_01_B01,opc,H18.30.001
CTGGCAGCAGGGAATC-LKTX_190129_01_B01,opc,H18.30.001
CTGTACCTCAATCCGA-LKTX_190129_01_B01,opc,H18.30.001
CTGTATTAGCCGGATA-LKTX_190129_01_B01,opc,H18.30.001
CTTCCGACAGCTGTTA-LKTX_190129_01_B01,opc,H18.30.001
GAACACTGTTTCGGCG-LKTX_190129_01_B01,opc,H18.30.001
GTCAAACCAGCACAAG-LKTX_190129_01_B01,opc,H18.30.001
GTGATGTTCTGTACAG-LKTX_190129_01_B01,opc,H18.30.001
TAAGCCACAGGCTCTG-LKTX_190129_01_B01,opc,H18.30.001
TGGGAAGTCGAGCCAC-LKTX_190129_01_B01,opc,H18.30.001
TTGCCTGCATCCTAAG-LKTX_190129_01_B01,opc,H18.30.001
TTTCATGCAAGCCATT-LKTX_190129_01_B01,opc,H18.30.001
ACCGTTCCATAATCGC-LKTX_190129_01_C01,opc,H18.30.001
ACTTAGGAGCGTGCTC-LKTX_190129_01_C01,opc,H18.30.001
AGGTAGGAGACCTCCG-LKTX_190129_01_C01,opc,H18.30.001
ATCCCTGAGGACGCTA-LKTX_190129_01_C01,opc,H18.30.001
ATCCCTGTCTCCTGCA-LKTX_190129_01_C01,opc,H18.30.001
CAATCGAAGATCCGAG-LKTX_190129_01_C01,opc,H18.30.001
CTCCATGTCGATGCAT-LKTX_190129_01_C01,opc,H18.30.001
CTCCGATAGAGAATCT-LKTX_190129_01_C01,opc,H18.30.001
CTGTGAAGTTACTCAG-LKTX_190129_01_C01,opc,H18.30.001
CTTGATTAGTAATTGG-LKTX_190129_01_C01,opc,H18.30.001
GAGTTACAGAGCCGAT-LKTX_190129_01_C01,opc,H18.30.001
GCGATCGCAACCAATC-LKTX_190129_01_C01,opc,H18.30.001
GGAGGATCATTCTCTA-LKTX_190129_01_C01,opc,H18.30.001
GTGCTGGTCTTTGGAG-LKTX_190129_01_C01,opc,H18.30.001
TATACCTGTCTACGAT-LKTX_190129_01_C01,opc,H18.30.001
TATTTCGAGGCGCTCT-LKTX_190129_01_C01,opc,H18.30.001
TCATTCAGTTGCTCCT-LKTX_190129_01_C01,opc,H18.30.001
TGATCAGGTTGAGAGC-LKTX_190129_01_C01,opc,H18.30.001
TTGATGGAGAAACACT-LKTX_190129_01_C01,opc,H18.30.001
TTGATGGCATTACGGT-LKTX_190129_01_C01,opc,H18.30.001
ACTGTCCCACGACGCT-LKTX_190129_01_D01,opc,H18.30.001
AGACTCAGTAAGGCCA-LKTX_190129_01_D01,opc,H18.30.001
AGGTCTAGTAAGCGGT-LKTX_190129_01_D01,opc,H18.30.001
CCTTGTGTCATACGAC-LKTX_190129_01_D01,opc,H18.30.001
CTAAGTGAGATACCAA-LKTX_190129_01_D01,opc,H18.30.001
GACGTTATCACCTACC-LKTX_190129_01_D01,opc,H18.30.001
TCAATCTTCCTACACC-LKTX_190129_01_D01,opc,H18.30.001
TGCTTGCCAGCCCACA-LKTX_190129_01_D01,opc,H18.30.001
TTAGTCTTCGTGGAAG-LKTX_190129_01_D01,opc,H18.30.001
AACACACAGCCTCTGG-LKTX_190130_01_E01,opc,H18.30.001
ACAGCCGGTGGATCAG-LKTX_190130_01_E01,opc,H18.30.001
AGAAATGCACATTGTG-LKTX_190130_01_E01,opc,H18.30.001
AGGAGGTTCTCATAGG-LKTX_190130_01_E01,opc,H18.30.001
ATAGACCTCCATGATG-LKTX_190130_01_E01,opc,H18.30.001
ATAGAGATCCGCAACG-LKTX_190130_01_E01,opc,H18.30.001
ATCGATGTCCTAGCCT-LKTX_190130_01_E01,opc,H18.30.001
ATCTCTAGTAGGATAT-LKTX_190130_01_E01,opc,H18.30.001
CACAGGCGTTATCCAG-LKTX_190130_01_E01,opc,H18.30.001
CACGTGGTCCCAGGCA-LKTX_190130_01_E01,opc,H18.30.001
CAGGCCAGTTCCGGTG-LKTX_190130_01_E01,opc,H18.30.001
CATCCGTCAAACCATC-LKTX_190130_01_E01,opc,H18.30.001
CATCGTCCATGACTCA-LKTX_190130_01_E01,opc,H18.30.001
CCGATGGTCAACGTGT-LKTX_190130_01_E01,opc,H18.30.001
CCTACGTTCTCTGAGA-LKTX_190130_01_E01,opc,H18.30.001
CGGGACTAGAATGTTG-LKTX_190130_01_E01,opc,H18.30.001
CGGTCAGTCCTGGTCT-LKTX_190130_01_E01,opc,H18.30.001
GATGGAGAGTGATCGG-LKTX_190130_01_E01,opc,H18.30.001
GCCAGCACACAGTCGC-LKTX_190130_01_E01,opc,H18.30.001
GCGATCGAGTATGGCG-LKTX_190130_01_E01,opc,H18.30.001
GCTGCAGCATCGCTAA-LKTX_190130_01_E01,opc,H18.30.001
GGAAGTGAGGGTGAGG-LKTX_190130_01_E01,opc,H18.30.001
GGAGATGCATTAGGAA-LKTX_190130_01_E01,opc,H18.30.001
GTACAGTAGTGTGTTC-LKTX_190130_01_E01,opc,H18.30.001
GTCATCCAGAGTCACG-LKTX_190130_01_E01,opc,H18.30.001
GTCATGAGTATCAAGA-LKTX_190130_01_E01,opc,H18.30.001
GTCCTCAAGATGTAGT-LKTX_190130_01_E01,opc,H18.30.001
TACAACGTCATTGCGA-LKTX_190130_01_E01,opc,H18.30.001
TACAGGTCATTGCAAC-LKTX_190130_01_E01,opc,H18.30.001
TACGGTACATTAGGCT-LKTX_190130_01_E01,opc,H18.30.001
TCAATCTCAACCGATT-LKTX_190130_01_E01,opc,H18.30.001
TCACGCTCACATGGTT-LKTX_190130_01_E01,opc,H18.30.001
TCCGTGTGTGCATCTA-LKTX_190130_01_E01,opc,H18.30.001
TGATCAGTCCGTAATG-LKTX_190130_01_E01,opc,H18.30.001
TTAGGCATCTGAGATC-LKTX_190130_01_E01,opc,H18.30.001
AAACGCTTCGCTCTCA-LKTX_190130_01_F01,opc,H18.30.001
AACCCAAAGGTAGCCA-LKTX_190130_01_F01,opc,H18.30.001
ACTGCAATCGCTTGAA-LKTX_190130_01_F01,opc,H18.30.001
ACTTCCGCACGTCTCT-LKTX_190130_01_F01,opc,H18.30.001
AGGAGGTCAGGGAGAG-LKTX_190130_01_F01,opc,H18.30.001
AGGCATTCACCACATA-LKTX_190130_01_F01,opc,H18.30.001
AGGGCTCGTAGGTACG-LKTX_190130_01_F01,opc,H18.30.001
AGTCACATCTGTGCAA-LKTX_190130_01_F01,opc,H18.30.001
ATCGATGCAACGGCTC-LKTX_190130_01_F01,opc,H18.30.001
CAGGCCAGTTCTTCAT-LKTX_190130_01_F01,opc,H18.30.001
CATCAAGCATACATCG-LKTX_190130_01_F01,opc,H18.30.001
CATCGCTGTATTGACC-LKTX_190130_01_F01,opc,H18.30.001
CATGCAAAGATCCAAA-LKTX_190130_01_F01,opc,H18.30.001
CCACAAATCCTCGCAT-LKTX_190130_01_F01,opc,H18.30.001
CCGGTGATCTCAGTCC-LKTX_190130_01_F01,opc,H18.30.001
CCTCCTCTCGCCGATG-LKTX_190130_01_F01,opc,H18.30.001
CGAATTGGTTGCTCCT-LKTX_190130_01_F01,opc,H18.30.001
CGCGTGACATCCGCGA-LKTX_190130_01_F01,opc,H18.30.001
CTAAGTGCACACGTGC-LKTX_190130_01_F01,opc,H18.30.001
CTCAGGGAGTCTACCA-LKTX_190130_01_F01,opc,H18.30.001
CTGGTCTGTGCGCTCA-LKTX_190130_01_F01,opc,H18.30.001
CTGTAGACAGCTGTCG-LKTX_190130_01_F01,opc,H18.30.001
GAAGAATAGGATCACG-LKTX_190130_01_F01,opc,H18.30.001
GAAGAATTCGTTGTTT-LKTX_190130_01_F01,opc,H18.30.001
GACACGCAGTATGGAT-LKTX_190130_01_F01,opc,H18.30.001
GATTTCTGTTTGAAAG-LKTX_190130_01_F01,opc,H18.30.001
GCATTAGCAAACTAGA-LKTX_190130_01_F01,opc,H18.30.001
GCATTAGCATGGCTGC-LKTX_190130_01_F01,opc,H18.30.001
GCGGAAAAGGAAGTGA-LKTX_190130_01_F01,opc,H18.30.001
GGCAGTCAGCACCAGA-LKTX_190130_01_F01,opc,H18.30.001
GGTGATTCAACTGAAA-LKTX_190130_01_F01,opc,H18.30.001
GTAACACGTACCTATG-LKTX_190130_01_F01,opc,H18.30.001
GTCTCACCACTTTATC-LKTX_190130_01_F01,opc,H18.30.001
TACACCCCATCTTTCA-LKTX_190130_01_F01,opc,H18.30.001
TACAGGTGTTCCTACC-LKTX_190130_01_F01,opc,H18.30.001
TAGGTTGCATACCATG-LKTX_190130_01_F01,opc,H18.30.001
TCAGGGCTCAGGGTAG-LKTX_190130_01_F01,opc,H18.30.001
TCCACCATCATGCTAG-LKTX_190130_01_F01,opc,H18.30.001
TCCAGAACAGCTGAAG-LKTX_190130_01_F01,opc,H18.30.001
TCCGTGTGTGCATACT-LKTX_190130_01_F01,opc,H18.30.001
TCGTGGGTCAGCTAGT-LKTX_190130_01_F01,opc,H18.30.001
TGATGGTCAGAGGACT-LKTX_190130_01_F01,opc,H18.30.001
TGCAGGCAGAACTGAT-LKTX_190130_01_F01,opc,H18.30.001
TGCATGATCCTTTGAT-LKTX_190130_01_F01,opc,H18.30.001
TGGGATTCATTGTCGA-LKTX_190130_01_F01,opc,H18.30.001
TTAATCCCAGGTTTAC-LKTX_190130_01_F01,opc,H18.30.001
TTTCACAAGGTAGCCA-LKTX_190130_01_F01,opc,H18.30.001
AAGAACACACCGCTGA-LKTX_190130_01_G01,opc,H18.30.001
ACACAGTTCCGTGACG-LKTX_190130_01_G01,opc,H18.30.001
ACTGTCCGTACTGAGG-LKTX_190130_01_G01,opc,H18.30.001
AGACCCGCATACCACA-LKTX_190130_01_G01,opc,H18.30.001
AGCCACGTCAAGGAGC-LKTX_190130_01_G01,opc,H18.30.001
AGGCTGCAGTGGTTGG-LKTX_190130_01_G01,opc,H18.30.001
ATAGAGACACCTGAAT-LKTX_190130_01_G01,opc,H18.30.001
ATCGTAGAGAGAGTTT-LKTX_190130_01_G01,opc,H18.30.001
ATTCCTAAGGCACGAT-LKTX_190130_01_G01,opc,H18.30.001
CAAGACTCAGGAGACT-LKTX_190130_01_G01,opc,H18.30.001
CATTCCGCAAATTGCC-LKTX_190130_01_G01,opc,H18.30.001
CCCTCTCCACTCTAGA-LKTX_190130_01_G01,opc,H18.30.001
CCTAACCTCAGACAAA-LKTX_190130_01_G01,opc,H18.30.001
CCTATCGAGTAGACAT-LKTX_190130_01_G01,opc,H18.30.001
CGAGTGCGTCACTAGT-LKTX_190130_01_G01,opc,H18.30.001
CGCATAAGTTTGATCG-LKTX_190130_01_G01,opc,H18.30.001
CGTAAGTCAGTTGTCA-LKTX_190130_01_G01,opc,H18.30.001
CTATAGGCAAGGTCAG-LKTX_190130_01_G01,opc,H18.30.001
CTCCAACCACGTAACT-LKTX_190130_01_G01,opc,H18.30.001
CTTCGGTCACGCAGTC-LKTX_190130_01_G01,opc,H18.30.001
CTTGATTCAGAGTCTT-LKTX_190130_01_G01,opc,H18.30.001
GACACGCTCTCTGCTG-LKTX_190130_01_G01,opc,H18.30.001
GACGTTAGTGTCCTAA-LKTX_190130_01_G01,opc,H18.30.001
GATGGAGTCGGCTTCT-LKTX_190130_01_G01,opc,H18.30.001
GATGTTGCATGACAGG-LKTX_190130_01_G01,opc,H18.30.001
GCAGCCAGTAACATGA-LKTX_190130_01_G01,opc,H18.30.001
GCAGTTAGTGGTAACG-LKTX_190130_01_G01,opc,H18.30.001
GTCGAATGTGTGTACT-LKTX_190130_01_G01,opc,H18.30.001
GTGCGTGCAAATACAG-LKTX_190130_01_G01,opc,H18.30.001
GTGTTCCAGTCCTGCG-LKTX_190130_01_G01,opc,H18.30.001
GTTACCCCAAGGCTTT-LKTX_190130_01_G01,opc,H18.30.001
GTTAGACCAGAAGCGT-LKTX_190130_01_G01,opc,H18.30.001
GTTCATTGTAGGTCAG-LKTX_190130_01_G01,opc,H18.30.001
TCCGGGAAGCAAATCA-LKTX_190130_01_G01,opc,H18.30.001
TCCTGCAAGAGTTGCG-LKTX_190130_01_G01,opc,H18.30.001
TCGACCTTCCACCTGT-LKTX_190130_01_G01,opc,H18.30.001
TGACGCGTCGCCAGAC-LKTX_190130_01_G01,opc,H18.30.001
TGAGTCATCTGTACAG-LKTX_190130_01_G01,opc,H18.30.001
AAACCCATCCTACCAC-LKTX_190130_01_H01,opc,H18.30.001
AAAGAACCACCTTCCA-LKTX_190130_01_H01,opc,H18.30.001
ACCTGTCAGCATGTTC-LKTX_190130_01_H01,opc,H18.30.001
AGATCGTAGACGAGCT-LKTX_190130_01_H01,opc,H18.30.001
AGGGCCTGTTGCCATA-LKTX_190130_01_H01,opc,H18.30.001
ATAGAGATCACCGCTT-LKTX_190130_01_H01,opc,H18.30.001
ATAGGCTAGGAGTATT-LKTX_190130_01_H01,opc,H18.30.001
ATTTACCCAGGATGAC-LKTX_190130_01_H01,opc,H18.30.001
ATTTCTGTCTCAACCC-LKTX_190130_01_H01,opc,H18.30.001
CAATTTCAGTACAACA-LKTX_190130_01_H01,opc,H18.30.001
CACAACATCACGTAGT-LKTX_190130_01_H01,opc,H18.30.001
CACGGGTAGACCTTTG-LKTX_190130_01_H01,opc,H18.30.001
CACGGGTTCTTAGCAG-LKTX_190130_01_H01,opc,H18.30.001
CACTTCGCAACTTCTT-LKTX_190130_01_H01,opc,H18.30.001
CATACTTAGTTACGAA-LKTX_190130_01_H01,opc,H18.30.001
CATTCATAGTTTGAGA-LKTX_190130_01_H01,opc,H18.30.001
CCTTGTGCAACGATCT-LKTX_190130_01_H01,opc,H18.30.001
CGAATTGTCCGCTTAC-LKTX_190130_01_H01,opc,H18.30.001
CGTTGGGCACATATGC-LKTX_190130_01_H01,opc,H18.30.001
CTGGCAGTCTCCGCAT-LKTX_190130_01_H01,opc,H18.30.001
CTGTCGTTCACGTAGT-LKTX_190130_01_H01,opc,H18.30.001
GAATCACCAAGCTGCC-LKTX_190130_01_H01,opc,H18.30.001
GATCAGTTCGTGTGGC-LKTX_190130_01_H01,opc,H18.30.001
GATGAGGCAGTCGGTC-LKTX_190130_01_H01,opc,H18.30.001
GCAACCGTCTAACGGT-LKTX_190130_01_H01,opc,H18.30.001
GGAATCTGTGTCGATT-LKTX_190130_01_H01,opc,H18.30.001
GGTCTGGCAACGTATC-LKTX_190130_01_H01,opc,H18.30.001
TCATCATGTAACTGCT-LKTX_190130_01_H01,opc,H18.30.001
TCATCCGAGACTAGAT-LKTX_190130_01_H01,opc,H18.30.001
TCGCTTGTCCGAAGGA-LKTX_190130_01_H01,opc,H18.30.001
TCGCTTGTCCTAGCCT-LKTX_190130_01_H01,opc,H18.30.001
TGAGCATGTAACATCC-LKTX_190130_01_H01,opc,H18.30.001
TGCGGCACACACTGGC-LKTX_190130_01_H01,opc,H18.30.001
TTACAGGCAGCACAGA-LKTX_190130_01_H01,opc,H18.30.001
TTAGGGTCACCTATCC-LKTX_190130_01_H01,opc,H18.30.001
TTCCAATTCGGCATAT-LKTX_190130_01_H01,opc,H18.30.001
ACTTTGTGTATGGAGC-LKTX_190129_01_E01,ast,H18.30.002
ATCGTGACACGACGTC-LKTX_190129_01_E01,ast,H18.30.002
ATCTCTAGTAAGCGGT-LKTX_190129_01_E01,ast,H18.30.002
CACAGGCTCCAACCAA-LKTX_190129_01_E01,ast,H18.30.002
CCGGACATCTATCGTT-LKTX_190129_01_E01,ast,H18.30.002
CCGTTCATCCGTGGCA-LKTX_190129_01_E01,ast,H18.30.002
CGCGTGATCTCTCTTC-LKTX_190129_01_E01,ast,H18.30.002
CGTTGGGTCCTACTGC-LKTX_190129_01_E01,ast,H18.30.002
CTCCCTCCACAGTCAT-LKTX_190129_01_E01,ast,H18.30.002
GAACACTTCCTAGAGT-LKTX_190129_01_E01,ast,H18.30.002
GCAGTTACAATACGCT-LKTX_190129_01_E01,ast,H18.30.002
GCTACCTCAAACCACT-LKTX_190129_01_E01,ast,H18.30.002
GGGAAGTTCTACACAG-LKTX_190129_01_E01,ast,H18.30.002
GGTAACTAGTGCCCGT-LKTX_190129_01_E01,ast,H18.30.002
GTATTTCCACGGTCTG-LKTX_190129_01_E01,ast,H18.30.002
GTCATCCTCATCACCC-LKTX_190129_01_E01,ast,H18.30.002
GTGTAACAGTGTTGTC-LKTX_190129_01_E01,ast,H18.30.002
TAGACCATCATGCCCT-LKTX_190129_01_E01,ast,H18.30.002
TGATTCTCACAAGCTT-LKTX_190129_01_E01,ast,H18.30.002
TTCGATTTCGCAAGAG-LKTX_190129_01_E01,ast,H18.30.002
AAAGGTAAGTATTGCC-LKTX_190129_01_F01,ast,H18.30.002
AGAACCTGTATAGGGC-LKTX_190129_01_F01,ast,H18.30.002
AGCTCAACAGCTGTAT-LKTX_190129_01_F01,ast,H18.30.002
AGGCCACCAATCCAGT-LKTX_190129_01_F01,ast,H18.30.002
CAACGATAGTTTCGGT-LKTX_190129_01_F01,ast,H18.30.002
CAGATACGTTCCACAA-LKTX_190129_01_F01,ast,H18.30.002
CAGCGTGGTCTGTGAT-LKTX_190129_01_F01,ast,H18.30.002
CCAATTTTCATTCACT-LKTX_190129_01_F01,ast,H18.30.002
CCACAAACACGGATCC-LKTX_190129_01_F01,ast,H18.30.002
CCCGGAAAGCTGAAGC-LKTX_190129_01_F01,ast,H18.30.002
CTCCAACTCCATTTGT-LKTX_190129_01_F01,ast,H18.30.002
CTCCCAATCTCGAACA-LKTX_190129_01_F01,ast,H18.30.002
CTCCCTCGTAGACACG-LKTX_190129_01_F01,ast,H18.30.002
CTTTCGGAGGGACCAT-LKTX_190129_01_F01,ast,H18.30.002
GATGCTAGTTTCAGAC-LKTX_190129_01_F01,ast,H18.30.002
GCAGTTAAGCTCCCTT-LKTX_190129_01_F01,ast,H18.30.002
GCATGATTCGCCACTT-LKTX_190129_01_F01,ast,H18.30.002
GGGTGTCCACGTTGGC-LKTX_190129_01_F01,ast,H18.30.002
GTAGGAGTCACTCTTA-LKTX_190129_01_F01,ast,H18.30.002
TAATTCCCAAACGTGG-LKTX_190129_01_F01,ast,H18.30.002
TAGGGTTCATCTGTTT-LKTX_190129_01_F01,ast,H18.30.002
TCACTCGAGGTCGCCT-LKTX_190129_01_F01,ast,H18.30.002
TCGACCTTCTGACCCT-LKTX_190129_01_F01,ast,H18.30.002
TCGACGGTCGAAATCC-LKTX_190129_01_F01,ast,H18.30.002
TCTTAGTCACGCTGAC-LKTX_190129_01_F01,ast,H18.30.002
TGTCCTGAGACAACAT-LKTX_190129_01_F01,ast,H18.30.002
TGTGATGGTATACAGA-LKTX_190129_01_F01,ast,H18.30.002
TGTTGGACACTAGGCC-LKTX_190129_01_F01,ast,H18.30.002
TTAGGCAGTATCTTCT-LKTX_190129_01_F01,ast,H18.30.002
TTAGGGTCACTATCCC-LKTX_190129_01_F01,ast,H18.30.002
TTCCTTCAGAACGTGC-LKTX_190129_01_F01,ast,H18.30.002
TTCGGTCTCTTCGTGC-LKTX_190129_01_F01,ast,H18.30.002
TTTCCTCAGGTCACAG-LKTX_190129_01_F01,ast,H18.30.002
AATGAAGGTCCCACGA-LKTX_190129_01_G01,ast,H18.30.002
ACACCAAAGATACTGA-LKTX_190129_01_G01,ast,H18.30.002
ACATTTCAGACATACA-LKTX_190129_01_G01,ast,H18.30.002
ACTATGGGTTTGTTGG-LKTX_190129_01_G01,ast,H18.30.002
AGAGCAGGTCATCACA-LKTX_190129_01_G01,ast,H18.30.002
AGGAATATCCTGGCTT-LKTX_190129_01_G01,ast,H18.30.002
AGGGTGAAGAGCATTA-LKTX_190129_01_G01,ast,H18.30.002
ATCGTAGAGCATTTCG-LKTX_190129_01_G01,ast,H18.30.002
ATTCTACAGGTACATA-LKTX_190129_01_G01,ast,H18.30.002
ATTCTTGGTCAGGTGA-LKTX_190129_01_G01,ast,H18.30.002
CAAGGGATCACATTGG-LKTX_190129_01_G01,ast,H18.30.002
CACTGTCTCTTCGGTC-LKTX_190129_01_G01,ast,H18.30.002
CATACCCGTTACACAC-LKTX_190129_01_G01,ast,H18.30.002
CATGAGTGTTAAGAAC-LKTX_190129_01_G01,ast,H18.30.002
CCCGAAGTCACCACAA-LKTX_190129_01_G01,ast,H18.30.002
CGGGCATCACTCCACT-LKTX_190129_01_G01,ast,H18.30.002
CTGTCGTAGCCATTTG-LKTX_190129_01_G01,ast,H18.30.002
GCCCAGAGTTGAGAGC-LKTX_190129_01_G01,ast,H18.30.002
GCGGAAAAGCGTTCAT-LKTX_190129_01_G01,ast,H18.30.002
GCTTGGGGTCAGGTGA-LKTX_190129_01_G01,ast,H18.30.002
GGTTAACCAATACGAA-LKTX_190129_01_G01,ast,H18.30.002
GTCTAGAGTCGAAGCA-LKTX_190129_01_G01,ast,H18.30.002
GTTGAACGTGTAAACA-LKTX_190129_01_G01,ast,H18.30.002
GTTGTGAGTTTACCAG-LKTX_190129_01_G01,ast,H18.30.002
TACGGTAAGAGGTTAT-LKTX_190129_01_G01,ast,H18.30.002
TGATCTTCACTTGGGC-LKTX_190129_01_G01,ast,H18.30.002
TGGTACATCTCACGAA-LKTX_190129_01_G01,ast,H18.30.002
TGTTTGTAGTAACCGG-LKTX_190129_01_G01,ast,H18.30.002
TTCGATTTCGTTACCC-LKTX_190129_01_G01,ast,H18.30.002
TTCTCTCTCAACACCA-LKTX_190129_01_G01,ast,H18.30.002
TTTGGTTTCGCCTTTG-LKTX_190129_01_G01,ast,H18.30.002
AAAGAACGTTGAAGTA-LKTX_190130_01_A01,ast,H18.30.002
AACTTCTTCATGGGAG-LKTX_190130_01_A01,ast,H18.30.002
AAGCGAGAGGTGTGAC-LKTX_190130_01_A01,ast,H18.30.002
ACCCAAATCGCAATGT-LKTX_190130_01_A01,ast,H18.30.002
ACGATGTGTCCGACGT-LKTX_190130_01_A01,ast,H18.30.002
ACTTAGGAGGTATCTC-LKTX_190130_01_A01,ast,H18.30.002
AGACACTCAATGTGGG-LKTX_190130_01_A01,ast,H18.30.002
AGATCCAAGGATATGT-LKTX_190130_01_A01,ast,H18.30.002
ATTATCCAGGGATGTC-LKTX_190130_01_A01,ast,H18.30.002
CAAGAGGAGCATGATA-LKTX_190130_01_A01,ast,H18.30.002
CACTGTCCAGAGATTA-LKTX_190130_01_A01,ast,H18.30.002
CCACAAAGTGCCTAAT-LKTX_190130_01_A01,ast,H18.30.002
CGATCGGTCCTGCCAT-LKTX_190130_01_A01,ast,H18.30.002
CGCATAAAGCCGTTGC-LKTX_190130_01_A01,ast,H18.30.002
CGTCCATAGTCAGCGA-LKTX_190130_01_A01,ast,H18.30.002
CTTTCGGCACTTCCTG-LKTX_190130_01_A01,ast,H18.30.002
GGGTTATCAATTTCGG-LKTX_190130_01_A01,ast,H18.30.002
GGTAATCTCGTCCTTG-LKTX_190130_01_A01,ast,H18.30.002
GTGACGCCACCAGACC-LKTX_190130_01_A01,ast,H18.30.002
GTGCAGCAGTCACTAC-LKTX_190130_01_A01,ast,H18.30.002
GTTAGACTCGGACAAG-LKTX_190130_01_A01,ast,H18.30.002
TACTGCCAGCACTGGA-LKTX_190130_01_A01,ast,H18.30.002
TACTTCATCTTCGCTG-LKTX_190130_01_A01,ast,H18.30.002
TCTTGCGCAGGCTTGC-LKTX_190130_01_A01,ast,H18.30.002
TGAGCATGTATGAGCG-LKTX_190130_01_A01,ast,H18.30.002
TGGTTAGTCCGAGGCT-LKTX_190130_01_A01,ast,H18.30.002
TGTGCGGGTACTCAAC-LKTX_190130_01_A01,ast,H18.30.002
TGTTCTAAGCAGTACG-LKTX_190130_01_A01,ast,H18.30.002
TTACTGTTCGTCAACA-LKTX_190130_01_A01,ast,H18.30.002
TTCTAACTCGGTATGT-LKTX_190130_01_A01,ast,H18.30.002
TTGGGATCACTAACCA-LKTX_190130_01_A01,ast,H18.30.002
AAAGGGCGTGATATAG-LKTX_190130_01_B01,ast,H18.30.002
AAAGGTATCGCTCTAC-LKTX_190130_01_B01,ast,H18.30.002
AAAGTCCCATGAGTAA-LKTX_190130_01_B01,ast,H18.30.002
AACCCAACAGGGCTTC-LKTX_190130_01_B01,ast,H18.30.002
AACCCAAGTCTAGGCC-LKTX_190130_01_B01,ast,H18.30.002
AACCTGAGTTCCCACT-LKTX_190130_01_B01,ast,H18.30.002
AATAGAGTCTACGGGC-LKTX_190130_01_B01,ast,H18.30.002
ACATCCCAGCGTTCCG-LKTX_190130_01_B01,ast,H18.30.002
ACTCCCACAACGACAG-LKTX_190130_01_B01,ast,H18.30.002
ATAGGCTCACCTTCGT-LKTX_190130_01_B01,ast,H18.30.002
ATGTCCCTCTCAAAGC-LKTX_190130_01_B01,ast,H18.30.002
ATTTCACAGAGAGCCT-LKTX_190130_01_B01,ast,H18.30.002
CAAGAGGGTCAGGAGT-LKTX_190130_01_B01,ast,H18.30.002
CAAGCTATCACTCTTA-LKTX_190130_01_B01,ast,H18.30.002
CAGGGCTAGGCCTTCG-LKTX_190130_01_B01,ast,H18.30.002
CCGGGTATCTCATGGA-LKTX_190130_01_B01,ast,H18.30.002
CGGCAGTGTCCCTAAA-LKTX_190130_01_B01,ast,H18.30.002
CGTAAGTTCTCAATCT-LKTX_190130_01_B01,ast,H18.30.002
CTATCTATCGGTGTTA-LKTX_190130_01_B01,ast,H18.30.002
CTTACCGCAAGGGTCA-LKTX_190130_01_B01,ast,H18.30.002
GCCCAGAAGTAGCTCT-LKTX_190130_01_B01,ast,H18.30.002
GGGCTCATCACAGTGT-LKTX_190130_01_B01,ast,H18.30.002
GTGATGTCAGAATTCC-LKTX_190130_01_B01,ast,H18.30.002
GTTGCTCTCTCTCGCA-LKTX_190130_01_B01,ast,H18.30.002
GTTTGGATCCGAAATC-LKTX_190130_01_B01,ast,H18.30.002
TAACACGAGGGTGAAA-LKTX_190130_01_B01,ast,H18.30.002
TAACTTCCACCAGCCA-LKTX_190130_01_B01,ast,H18.30.002
TACTGCCCAATGCTCA-LKTX_190130_01_B01,ast,H18.30.002
TACTTGTAGAGCCCAA-LKTX_190130_01_B01,ast,H18.30.002
TGCTTCGCAACGCATT-LKTX_190130_01_B01,ast,H18.30.002
TGGGATTAGTAGCTCT-LKTX_190130_01_B01,ast,H18.30.002
TGTCCTGCAGAGGTAC-LKTX_190130_01_B01,ast,H18.30.002
TGTTACTTCTTCGACC-LKTX_190130_01_B01,ast,H18.30.002
TTGCGTCGTACTTCCC-LKTX_190130_01_B01,ast,H18.30.002
AAGAACAAGTTTCAGC-LKTX_190130_01_C01,ast,H18.30.002
AAGCGTTGTCTCAAGT-LKTX_190130_01_C01,ast,H18.30.002
ACACAGTTCGAATGCT-LKTX_190130_01_C01,ast,H18.30.002
ACCCAAATCAGCTTGA-LKTX_190130_01_C01,ast,H18.30.002
ACCCTCAGTCTTCGAA-LKTX_190130_01_C01,ast,H18.30.002
AGAAGTAAGCTCGACC-LKTX_190130_01_C01,ast,H18.30.002
AGTAGCTCAATCTCTT-LKTX_190130_01_C01,ast,H18.30.002
ATGAGTCGTGCCTATA-LKTX_190130_01_C01,ast,H18.30.002
CATCAAGTCATGGCCG-LKTX_190130_01_C01,ast,H18.30.002
CATCCACTCTGAGATC-LKTX_190130_01_C01,ast,H18.30.002
CCATCACGTCTGATCA-LKTX_190130_01_C01,ast,H18.30.002
CCCTCTCTCACGTCCT-LKTX_190130_01_C01,ast,H18.30.002
CCTATCGGTCGATTCA-LKTX_190130_01_C01,ast,H18.30.002
CCTCAACTCTTCGCTG-LKTX_190130_01_C01,ast,H18.30.002
CCTTTGGTCTCGCTTG-LKTX_190130_01_C01,ast,H18.30.002
CGTGATATCTCGTGAA-LKTX_190130_01_C01,ast,H18.30.002
CTATCTAGTTACCTGA-LKTX_190130_01_C01,ast,H18.30.002
CTCAAGAAGCGCAATG-LKTX_190130_01_C01,ast,H18.30.002
CTTCTAAAGAGCCTGA-LKTX_190130_01_C01,ast,H18.30.002
GACTCTCCATCCGCGA-LKTX_190130_01_C01,ast,H18.30.002
GATGTTGCACACCGCA-LKTX_190130_01_C01,ast,H18.30.002
GCAACATTCAAAGAAC-LKTX_190130_01_C01,ast,H18.30.002
GCAACATTCGACATAC-LKTX_190130_01_C01,ast,H18.30.002
GGAATCTTCCAGCCTT-LKTX_190130_01_C01,ast,H18.30.002
GTATTGGCACTAACCA-LKTX_190130_01_C01,ast,H18.30.002
TACACCCCATACCATG-LKTX_190130_01_C01,ast,H18.30.002
TAGTGCACAATACGCT-LKTX_190130_01_C01,ast,H18.30.002
TCATTTGGTGCGTCGT-LKTX_190130_01_C01,ast,H18.30.002
TCCCATGGTTAGGCCC-LKTX_190130_01_C01,ast,H18.30.002
TGGTAGTCACGTCTCT-LKTX_190130_01_C01,ast,H18.30.002
TGTTTGTCACCGGCTA-LKTX_190130_01_C01,ast,H18.30.002
TTCGATTAGTTCATGC-LKTX_190130_01_C01,ast,H18.30.002
ATGCGATTCGGAGTGA-LKTX_190129_01_E01,end,H18.30.002
AAACGAAAGTAGGTTA-LKTX_190129_01_F01,end,H18.30.002
AATTCCTAGAGCAAGA-LKTX_190129_01_F01,end,H18.30.002
ACAACCACAGAGAGGG-LKTX_190129_01_F01,end,H18.30.002
CTCAGTCAGACGGTTG-LKTX_190129_01_F01,end,H18.30.002
GAGACTTCAACAGTGG-LKTX_190129_01_F01,end,H18.30.002
TCTAACTTCGCCATAA-LKTX_190129_01_F01,end,H18.30.002
TGTAACGAGTGATAAC-LKTX_190129_01_F01,end,H18.30.002
AGTCTCCCAGAGGTTG-LKTX_190129_01_G01,end,H18.30.002
CATTGTTGTGCTTCAA-LKTX_190129_01_G01,end,H18.30.002
CCACAAAGTGACAGGT-LKTX_190129_01_G01,end,H18.30.002
CGTTAGATCGCCTTGT-LKTX_190129_01_G01,end,H18.30.002
GCATGATTCCGAGCTG-LKTX_190129_01_G01,end,H18.30.002
GGTAACTCAAGGCTTT-LKTX_190129_01_G01,end,H18.30.002
GTTACAGAGGGCAGGA-LKTX_190129_01_G01,end,H18.30.002
TATTCCAGTTAGAGTA-LKTX_190129_01_G01,end,H18.30.002
TGCGGGTGTGCTGCAC-LKTX_190129_01_G01,end,H18.30.002
ATAGACCCAGCTTCGG-LKTX_190130_01_A01,end,H18.30.002
TTGAACGGTAGACAAT-LKTX_190130_01_A01,end,H18.30.002
TTGGGATGTAGACACG-LKTX_190130_01_A01,end,H18.30.002
CCCGGAATCTATGTGG-LKTX_190130_01_B01,end,H18.30.002
GTTTGGAAGGTAGCCA-LKTX_190130_01_B01,end,H18.30.002
TGGGCGTGTTAGAGAT-LKTX_190130_01_B01,end,H18.30.002
CTACGGGGTGTCGCTG-LKTX_190130_01_C01,end,H18.30.002
GCATCGGGTGTAGGAC-LKTX_190130_01_C01,end,H18.30.002
GTTCCGTGTGGTTTGT-LKTX_190130_01_C01,end,H18.30.002
TATATCCGTTGTGCAT-LKTX_190130_01_C01,end,H18.30.002
TTGGTTTTCTGGCTGG-LKTX_190130_01_C01,end,H18.30.002
AAAGTCCCATCACCAA-LKTX_190129_01_E01,mic,H18.30.002
GCGTGCAAGTTGGAGC-LKTX_190129_01_E01,mic,H18.30.002
TTGTTCACAGCCCAGT-LKTX_190129_01_E01,mic,H18.30.002
ATCCCTGTCTTAGCAG-LKTX_190129_01_F01,mic,H18.30.002
CCACTTGTCGTTCAGA-LKTX_190129_01_F01,mic,H18.30.002
CCCTTAGCAATCTCTT-LKTX_190129_01_F01,mic,H18.30.002
CCGGTAGGTGGATCAG-LKTX_190129_01_F01,mic,H18.30.002
GTCCCATGTTCGTGCG-LKTX_190129_01_F01,mic,H18.30.002
TCCTGCACAGATCCAT-LKTX_190129_01_F01,mic,H18.30.002
TTCCTAATCCAACCGG-LKTX_190129_01_F01,mic,H18.30.002
CACAGGCCACAGCATT-LKTX_190129_01_G01,mic,H18.30.002
GTGCGTGGTTATTCTC-LKTX_190129_01_G01,mic,H18.30.002
CGGACACGTATACAGA-LKTX_190130_01_A01,mic,H18.30.002
CTCTGGTGTGGAACCA-LKTX_190130_01_A01,mic,H18.30.002
GTTAGTGTCCGAAATC-LKTX_190130_01_A01,mic,H18.30.002
TAAGCCAGTACGTTCA-LKTX_190130_01_A01,mic,H18.30.002
TCGAAGTGTCTGCATA-LKTX_190130_01_A01,mic,H18.30.002
GAGACTTAGCCGGAAT-LKTX_190130_01_B01,mic,H18.30.002
GGAGGTAGTGGCGCTT-LKTX_190130_01_B01,mic,H18.30.002
GGGTAGAGTGCATGTT-LKTX_190130_01_B01,mic,H18.30.002
GTGGTTACAGATCCTA-LKTX_190130_01_B01,mic,H18.30.002
GTTGTAGAGACGCTCC-LKTX_190130_01_B01,mic,H18.30.002
AGACACTCAGTTGAAA-LKTX_190130_01_C01,mic,H18.30.002
AGTCATGTCACCATAG-LKTX_190130_01_C01,mic,H18.30.002
ATGGAGGTCTTGCGCT-LKTX_190130_01_C01,mic,H18.30.002
CATCGGGCACCTCAGG-LKTX_190130_01_C01,mic,H18.30.002
CCCAACTCAATCGCAT-LKTX_190130_01_C01,mic,H18.30.002
CGAAGGAAGCCTGCCA-LKTX_190130_01_C01,mic,H18.30.002
CGCATAATCACTACGA-LKTX_190130_01_C01,mic,H18.30.002
GATTGGTTCCGTGTCT-LKTX_190130_01_C01,mic,H18.30.002
GTATTTCTCATCTGTT-LKTX_190130_01_C01,mic,H18.30.002
TCGGGTGCAGGAGACT-LKTX_190130_01_C01,mic,H18.30.002
TTCCTCTTCACTTGGA-LKTX_190129_01_G01,neu,H18.30.002
AGTGACTCAGGTTACT-LKTX_190129_01_E01,neu,H18.30.002
CAGCAGCAGGGTGGGA-LKTX_190130_01_B01,neu,H18.30.002
CGCATAACAGTGGCTC-LKTX_190130_01_A01,neu,H18.30.002
CAGGTATGTACGGCAA-LKTX_190129_01_E01,neu,H18.30.002
CAGCACGAGGTGGTTG-LKTX_190129_01_F01,neu,H18.30.002
GTCTACCGTATACCTG-LKTX_190129_01_E01,neu,H18.30.002
GCAGCTGTCCACTGGG-LKTX_190129_01_F01,neu,H18.30.002
GTAGATCAGAGGATCC-LKTX_190130_01_A01,neu,H18.30.002
GGTGTTAGTGCCCTTT-LKTX_190129_01_F01,neu,H18.30.002
AGGGCTCAGCCACAAG-LKTX_190130_01_B01,neu,H18.30.002
AAGATAGCAACAGATA-LKTX_190130_01_C01,neu,H18.30.002
TTTCAGTCATGCAGCC-LKTX_190130_01_C01,neu,H18.30.002
ACCGTTCTCGTGACTA-LKTX_190130_01_B01,neu,H18.30.002
GTTGTCCTCATTCGTT-LKTX_190130_01_A01,neu,H18.30.002
TTGGGATAGTAAACAC-LKTX_190129_01_E01,neu,H18.30.002
GTGCACGTCTTGATTC-LKTX_190129_01_F01,neu,H18.30.002
TCAGTGATCTGGAAGG-LKTX_190129_01_G01,neu,H18.30.002
ACTTCCGCACTTGGGC-LKTX_190130_01_A01,neu,H18.30.002
CGTGATAGTAGCTTTG-LKTX_190129_01_G01,neu,H18.30.002
GTGTCCTGTGCCTATA-LKTX_190130_01_A01,neu,H18.30.002
TTAATCCGTAGGACTG-LKTX_190130_01_A01,neu,H18.30.002
TGTAGACTCTACCTTA-LKTX_190129_01_F01,neu,H18.30.002
ACAGAAACAGAGGTAC-LKTX_190130_01_A01,neu,H18.30.002
GGAATGGAGACTTGTC-LKTX_190130_01_C01,neu,H18.30.002
CGACAGCAGAGATGCC-LKTX_190129_01_G01,neu,H18.30.002
TCAGGGCGTCGCTTGG-LKTX_190129_01_F01,neu,H18.30.002
TGTCCACCACTTCAGA-LKTX_190130_01_C01,neu,H18.30.002
GGAAGTGCAGTAGGAC-LKTX_190130_01_B01,neu,H18.30.002
GTGTTAGAGACGATAT-LKTX_190129_01_G01,neu,H18.30.002
TTTACCAGTATTCTCT-LKTX_190130_01_C01,neu,H18.30.002
GACTGATCAGACTGCC-LKTX_190129_01_E01,neu,H18.30.002
CATACTTGTCGACTGC-LKTX_190129_01_G01,neu,H18.30.002
AGTAGTCAGACCGTTT-LKTX_190130_01_A01,neu,H18.30.002
ACAGCCGGTATTAAGG-LKTX_190130_01_A01,neu,H18.30.002
GCTGCAGGTCTGTTAG-LKTX_190130_01_B01,neu,H18.30.002
TGTGATGGTCGGTAAG-LKTX_190129_01_G01,neu,H18.30.002
TCCAGAACACAGTGTT-LKTX_190130_01_C01,neu,H18.30.002
TTTCGATCAGTTTCGA-LKTX_190129_01_E01,neu,H18.30.002
GTTCATTTCTACACTT-LKTX_190129_01_E01,neu,H18.30.002
CGAAGTTGTCGGTGTC-LKTX_190129_01_E01,neu,H18.30.002
AAGATAGAGCACCGAA-LKTX_190129_01_G01,neu,H18.30.002
TGTGTGAAGAAGTGTT-LKTX_190129_01_F01,neu,H18.30.002
TACCTCGGTGTCTAAC-LKTX_190129_01_G01,neu,H18.30.002
CATTGAGAGCCGTAAG-LKTX_190129_01_F01,neu,H18.30.002
TGGAGGAAGTAGACCG-LKTX_190130_01_B01,neu,H18.30.002
GAGCCTGCACCTGCTT-LKTX_190130_01_C01,neu,H18.30.002
CCACGAGCAGCGACAA-LKTX_190129_01_F01,neu,H18.30.002
GTAACACGTCGCAGTC-LKTX_190130_01_B01,neu,H18.30.002
GGGCGTTAGCTTAGTC-LKTX_190129_01_G01,neu,H18.30.002
GGGACCTGTTTCTTAC-LKTX_190130_01_B01,neu,H18.30.002
AATAGAGTCGGCCTTT-LKTX_190129_01_G01,neu,H18.30.002
TGCACGGCAACTTGGT-LKTX_190130_01_C01,neu,H18.30.002
ACTACGAAGTCTTGGT-LKTX_190130_01_C01,neu,H18.30.002
AGCTCAAGTTAGGAGC-LKTX_190129_01_F01,neu,H18.30.002
GATTCGAGTAGGTACG-LKTX_190129_01_G01,neu,H18.30.002
CATGAGTAGTGGTTCT-LKTX_190130_01_C01,neu,H18.30.002
TGACCCTAGGCCCAAA-LKTX_190130_01_A01,neu,H18.30.002
AGTTCCCGTACATACC-LKTX_190129_01_E01,neu,H18.30.002
TCCTTCTTCGAAGTGG-LKTX_190129_01_F01,neu,H18.30.002
GTCATTTAGCCTATCA-LKTX_190130_01_C01,neu,H18.30.002
CAGCAGCGTCTGCAAT-LKTX_190129_01_E01,neu,H18.30.002
GACACGCAGCGGCTCT-LKTX_190129_01_F01,neu,H18.30.002
GTCATCCAGGAGGCAG-LKTX_190130_01_C01,neu,H18.30.002
CATACCCTCGTACACA-LKTX_190129_01_E01,neu,H18.30.002
GTCATCCAGCGAGAAA-LKTX_190129_01_G01,neu,H18.30.002
TGGTAGTCATCGGAAG-LKTX_190129_01_F01,neu,H18.30.002
TTGTGGAGTAACTTCG-LKTX_190129_01_F01,neu,H18.30.002
TTCTCTCGTCATGGCC-LKTX_190130_01_C01,neu,H18.30.002
TAACACGTCGACACCG-LKTX_190130_01_A01,neu,H18.30.002
TGCGACGTCATCGCTC-LKTX_190129_01_G01,neu,H18.30.002
GTCGCGAAGATCCTAC-LKTX_190130_01_B01,neu,H18.30.002
CATACAGGTTAGGACG-LKTX_190129_01_G01,neu,H18.30.002
CGTTAGACAGCGTTTA-LKTX_190130_01_C01,neu,H18.30.002
TTTACTGCAGAGCGTA-LKTX_190129_01_F01,neu,H18.30.002
TTCCTCTGTAGACAGC-LKTX_190130_01_C01,neu,H18.30.002
TTTGATCCAGGAAGTC-LKTX_190129_01_E01,neu,H18.30.002
CTTCGGTTCTATCGCC-LKTX_190130_01_C01,neu,H18.30.002
AAGTCGTGTTGGGTAG-LKTX_190130_01_B01,neu,H18.30.002
CCACCATAGTTCCGGC-LKTX_190130_01_A01,neu,H18.30.002
ATTCCATGTTGTGTAC-LKTX_190130_01_C01,neu,H18.30.002
TTCACCGTCCTCTCGA-LKTX_190129_01_F01,neu,H18.30.002
GTGCAGCGTTCCGCTT-LKTX_190130_01_C01,neu,H18.30.002
AAATGGAGTATCGGTT-LKTX_190129_01_E01,neu,H18.30.002
AGGGTCCTCGCCTTTG-LKTX_190129_01_F01,neu,H18.30.002
CATCGGGCAGGTTTAC-LKTX_190129_01_F01,neu,H18.30.002
CGGGCATCAACAAAGT-LKTX_190129_01_G01,neu,H18.30.002
CAGTTAGGTGACTCTA-LKTX_190130_01_C01,neu,H18.30.002
ACACGCGAGTTTGAGA-LKTX_190129_01_E01,neu,H18.30.002
GATCACATCGAGCCAC-LKTX_190129_01_G01,neu,H18.30.002
TACCCGTTCGCCGAAC-LKTX_190130_01_C01,neu,H18.30.002
AACACACCATGATCTG-LKTX_190130_01_B01,neu,H18.30.002
CCTCAACGTTGCTTGA-LKTX_190129_01_E01,neu,H18.30.002
TCTGCCACAGCATTGT-LKTX_190129_01_F01,neu,H18.30.002
GTGCGTGGTATTTCCT-LKTX_190130_01_C01,neu,H18.30.002
AGTACTGTCCAGCAAT-LKTX_190129_01_F01,neu,H18.30.002
ACCTGAATCCACACAA-LKTX_190129_01_E01,neu,H18.30.002
AACGGGAGTGACTGAG-LKTX_190129_01_F01,neu,H18.30.002
TTTACGTAGGATTTAG-LKTX_190129_01_F01,neu,H18.30.002
TAGGTTGAGTATGACA-LKTX_190130_01_B01,neu,H18.30.002
TCCTCGATCCGTATAG-LKTX_190129_01_F01,neu,H18.30.002
TAAGCGTTCTCTGCTG-LKTX_190130_01_B01,neu,H18.30.002
GTGGCGTCAACCTAAC-LKTX_190130_01_C01,neu,H18.30.002
AAGACAAAGCTTCATG-LKTX_190130_01_C01,neu,H18.30.002
CACATGAAGGCCACCT-LKTX_190130_01_B01,neu,H18.30.002
CTACGGGAGTGCCTCG-LKTX_190130_01_A01,neu,H18.30.002
CATTCCGTCGTGGTAT-LKTX_190129_01_G01,neu,H18.30.002
TGCCGAGCATAGAAAC-LKTX_190129_01_G01,neu,H18.30.002
CTGAATGTCACCATAG-LKTX_190129_01_F01,neu,H18.30.002
GTCAAGTTCTTTCCGG-LKTX_190129_01_G01,neu,H18.30.002
GGCGTCAGTGTGACCC-LKTX_190130_01_C01,neu,H18.30.002
GGTGAAGTCCATCGTC-LKTX_190130_01_B01,neu,H18.30.002
AACTTCTTCCTCGATC-LKTX_190129_01_G01,neu,H18.30.002
GCTTCACTCAAGAGGC-LKTX_190129_01_G01,neu,H18.30.002
TCTTCCTAGTCGCGAA-LKTX_190129_01_E01,neu,H18.30.002
CTACCTGTCATGAAAG-LKTX_190130_01_A01,neu,H18.30.002
GTGTCCTGTAGCACGA-LKTX_190129_01_G01,neu,H18.30.002
GTTGTAGAGGTTGAGC-LKTX_190130_01_C01,neu,H18.30.002
TGAGACTGTGGGCTCT-LKTX_190129_01_G01,neu,H18.30.002
ATTTCTGTCTTTCGAT-LKTX_190129_01_F01,neu,H18.30.002
CACGGGTAGGGCAGGA-LKTX_190129_01_E01,neu,H18.30.002
CGCCAGAAGGATACCG-LKTX_190130_01_A01,neu,H18.30.002
CATCCGTTCCGAAGGA-LKTX_190129_01_F01,neu,H18.30.002
AGCCAATCAGACGGAT-LKTX_190129_01_E01,neu,H18.30.002
CTTCTAATCAAGCCGC-LKTX_190130_01_B01,neu,H18.30.002
TCCACGTTCCAACCGG-LKTX_190130_01_C01,neu,H18.30.002
AGGAAATCACTCTCGT-LKTX_190130_01_A01,neu,H18.30.002
GTGCTGGGTAGTGTGG-LKTX_190130_01_A01,neu,H18.30.002
CTTAGGATCCCGGTAG-LKTX_190129_01_G01,neu,H18.30.002
CCGCAAGTCTGATTCT-LKTX_190129_01_G01,neu,H18.30.002
TCCTCCCCACATCCCT-LKTX_190130_01_C01,neu,H18.30.002
ATGGGTTAGGGAGAAT-LKTX_190129_01_E01,neu,H18.30.002
TCGGATAGTAGCTGTT-LKTX_190129_01_E01,neu,H18.30.002
GTAACCACACCCATAA-LKTX_190129_01_E01,neu,H18.30.002
CTACAGAAGAAGTCTA-LKTX_190130_01_A01,neu,H18.30.002
ATCTTCACACTCATAG-LKTX_190129_01_G01,neu,H18.30.002
GAACGTTGTAATTGGA-LKTX_190130_01_B01,neu,H18.30.002
TCTTAGTGTAACACCT-LKTX_190129_01_G01,neu,H18.30.002
CAGATTGTCAACTGGT-LKTX_190130_01_B01,neu,H18.30.002
CCTCAGTAGCTCGAAG-LKTX_190130_01_A01,neu,H18.30.002
CCTGCATGTTGGACCC-LKTX_190130_01_A01,neu,H18.30.002
GCTTGGGGTGGTACAG-LKTX_190129_01_F01,neu,H18.30.002
ATACTTCGTACTAACC-LKTX_190129_01_G01,neu,H18.30.002
GCTGCAGTCAAGAGTA-LKTX_190129_01_F01,neu,H18.30.002
GCGTTTCTCCTACGGG-LKTX_190129_01_E01,neu,H18.30.002
GTGCTTCAGGGATCAC-LKTX_190129_01_G01,neu,H18.30.002
TGGAGGAGTTAGTCGT-LKTX_190130_01_C01,neu,H18.30.002
GTTTGGAGTGAATAAC-LKTX_190129_01_G01,neu,H18.30.002
GGCAGTCAGCTAGCCC-LKTX_190130_01_B01,neu,H18.30.002
GTCATGAGTGAATATG-LKTX_190129_01_E01,neu,H18.30.002
ATGGGAGGTCTGTGCG-LKTX_190129_01_G01,neu,H18.30.002
GTCTGTCTCTATACTC-LKTX_190129_01_E01,neu,H18.30.002
GTGTTCCTCGGAATTC-LKTX_190129_01_F01,neu,H18.30.002
ATCAGGTCACCGTCGA-LKTX_190129_01_G01,neu,H18.30.002
AGACAAATCCTATTTG-LKTX_190130_01_C01,neu,H18.30.002
AACCCAATCGAACGCC-LKTX_190129_01_G01,neu,H18.30.002
TGAGACTTCCTGATAG-LKTX_190130_01_C01,neu,H18.30.002
GTCACTCGTGACACAG-LKTX_190129_01_G01,neu,H18.30.002
CTCACTGTCCCACAGG-LKTX_190129_01_G01,neu,H18.30.002
AGGGAGTAGAGCCATG-LKTX_190129_01_G01,neu,H18.30.002
CACTTCGAGAGAATCT-LKTX_190129_01_E01,neu,H18.30.002
GCAGCTGCAGAAGCTG-LKTX_190129_01_E01,neu,H18.30.002
AGCGCTGTCTTTGGAG-LKTX_190129_01_G01,neu,H18.30.002
CAAGACTCACTATCGA-LKTX_190130_01_C01,neu,H18.30.002
TCATCATAGAATAGTC-LKTX_190129_01_F01,neu,H18.30.002
TACAACGGTCTTGAAC-LKTX_190129_01_F01,neu,H18.30.002
GAGTTACAGTCCCTAA-LKTX_190130_01_B01,neu,H18.30.002
CGTTGGGCATAATGCC-LKTX_190129_01_G01,neu,H18.30.002
ACTATGGCACAAATCC-LKTX_190130_01_B01,neu,H18.30.002
GCCATGGGTCTTGAGT-LKTX_190130_01_A01,neu,H18.30.002
TTTAGTCCAGATTCGT-LKTX_190130_01_A01,neu,H18.30.002
AATGAAGAGACCCGCT-LKTX_190130_01_B01,neu,H18.30.002
TCGATTTCAAGCTCTA-LKTX_190130_01_B01,neu,H18.30.002
CGTCAAAGTATTTCCT-LKTX_190129_01_E01,neu,H18.30.002
CCACCATTCAACGAGG-LKTX_190129_01_E01,neu,H18.30.002
GTGGAAGCACAGCATT-LKTX_190129_01_G01,neu,H18.30.002
CAGGGCTGTCTGTGGC-LKTX_190130_01_C01,neu,H18.30.002
GACGCTGCATCAACCA-LKTX_190130_01_A01,neu,H18.30.002
CTGGCAGCAGCCGGTT-LKTX_190130_01_B01,neu,H18.30.002
ATTACTCCATCCAACA-LKTX_190130_01_C01,neu,H18.30.002
GAAGCCCGTCGCACGT-LKTX_190130_01_B01,neu,H18.30.002
TTCGCTGTCGGCATTA-LKTX_190129_01_G01,neu,H18.30.002
TACTTCATCTCTCAAT-LKTX_190129_01_G01,neu,H18.30.002
AGATCCATCCTTGACC-LKTX_190130_01_A01,neu,H18.30.002
AGCGCCAAGTTCCGGC-LKTX_190129_01_E01,neu,H18.30.002
TGTGTGAAGGTCCGAA-LKTX_190129_01_G01,neu,H18.30.002
CTGTGAAGTCATCTAG-LKTX_190129_01_F01,neu,H18.30.002
GGTTGTATCTCCAATT-LKTX_190129_01_G01,neu,H18.30.002
TTTGACTAGCGTTCCG-LKTX_190129_01_G01,neu,H18.30.002
TCGCTTGCAGCCTACG-LKTX_190129_01_E01,neu,H18.30.002
CACCGTTGTTCTCACC-LKTX_190129_01_F01,neu,H18.30.002
GAAGGACAGTATTCCG-LKTX_190129_01_F01,neu,H18.30.002
TCATCCGAGTGGAAAG-LKTX_190129_01_G01,neu,H18.30.002
CTGAGCGAGCGCTGCT-LKTX_190130_01_A01,neu,H18.30.002
GAGGGATGTCCGCAGT-LKTX_190129_01_F01,neu,H18.30.002
TCTCTGGGTACGTTCA-LKTX_190130_01_C01,neu,H18.30.002
TGTTGGATCACTTCTA-LKTX_190129_01_E01,neu,H18.30.002
GGAGATGAGGATCATA-LKTX_190130_01_A01,neu,H18.30.002
GAAGAATGTTGTTGAC-LKTX_190129_01_F01,neu,H18.30.002
CTGGCAGAGGTAAGAG-LKTX_190130_01_C01,neu,H18.30.002
AGTCTCCAGTTACTCG-LKTX_190130_01_B01,neu,H18.30.002
CAGCAATTCTAACGCA-LKTX_190129_01_G01,neu,H18.30.002
CAAGGGAAGGGTGAGG-LKTX_190129_01_G01,neu,H18.30.002
ATAGACCCAAGAGTAT-LKTX_190129_01_F01,neu,H18.30.002
TTCTCTCCATAGACTC-LKTX_190130_01_C01,neu,H18.30.002
TTGCATTTCTATACGG-LKTX_190129_01_F01,neu,H18.30.002
GTGTGGCTCGAGAAAT-LKTX_190130_01_A01,neu,H18.30.002
GATGATCAGTTGCCTA-LKTX_190130_01_A01,neu,H18.30.002
CATAGACTCTGACCCT-LKTX_190130_01_C01,neu,H18.30.002
ATACTTCCATAATGCC-LKTX_190129_01_F01,neu,H18.30.002
AAGGAATAGGTCCCTG-LKTX_190129_01_E01,neu,H18.30.002
AGGTTACAGTATGAGT-LKTX_190130_01_A01,neu,H18.30.002
CTCCAACGTTGAAGTA-LKTX_190130_01_A01,neu,H18.30.002
GTTGTGATCGTCAAAC-LKTX_190130_01_C01,neu,H18.30.002
AGGGAGTGTGTTGCCG-LKTX_190130_01_B01,neu,H18.30.002
TACAGGTTCAACACCA-LKTX_190130_01_C01,neu,H18.30.002
ACGGTCGGTATCTTCT-LKTX_190129_01_G01,neu,H18.30.002
ACTGTCCGTTGGTGTT-LKTX_190129_01_G01,neu,H18.30.002
GAGTTTGTCATGGCCG-LKTX_190130_01_A01,neu,H18.30.002
ACACAGTAGGACAACC-LKTX_190129_01_G01,neu,H18.30.002
TACGGTAGTTTGTTCT-LKTX_190130_01_A01,neu,H18.30.002
CATGAGTAGCGCTGCT-LKTX_190130_01_A01,neu,H18.30.002
CAGTTAGGTACAGTAA-LKTX_190130_01_B01,neu,H18.30.002
AGCCAGCAGGCTCCCA-LKTX_190129_01_E01,neu,H18.30.002
ATCACGATCATATGGC-LKTX_190129_01_F01,neu,H18.30.002
AGGGTCCCACTGGACC-LKTX_190130_01_B01,neu,H18.30.002
CCACTTGCAAATCGGG-LKTX_190130_01_A01,neu,H18.30.002
CAACAACGTACAAGTA-LKTX_190129_01_E01,neu,H18.30.002
ATCTCTACAACTCCAA-LKTX_190129_01_F01,neu,H18.30.002
GCTCAAACAAGGCCTC-LKTX_190129_01_G01,neu,H18.30.002
GGGCTCAAGTCACGAG-LKTX_190130_01_B01,neu,H18.30.002
TGTAACGTCAGACAAA-LKTX_190130_01_B01,neu,H18.30.002
GCCGATGAGGTCTGGA-LKTX_190130_01_C01,neu,H18.30.002
ACCCAAAAGGATATAC-LKTX_190129_01_E01,neu,H18.30.002
CGAAGTTCAACGCATT-LKTX_190130_01_B01,neu,H18.30.002
TGTTGGACATTCATCT-LKTX_190129_01_G01,neu,H18.30.002
TGCAGGCAGATCACTC-LKTX_190130_01_B01,neu,H18.30.002
TCAAGACAGAGAGAAC-LKTX_190130_01_C01,neu,H18.30.002
CTAACCCTCTATGTGG-LKTX_190129_01_E01,neu,H18.30.002
CACTGAATCCTACCAC-LKTX_190130_01_B01,neu,H18.30.002
TTGAGTGCATCCGTGG-LKTX_190130_01_B01,neu,H18.30.002
TCTGCCACAACTTGGT-LKTX_190129_01_E01,neu,H18.30.002
GCGAGAACAGGCATGA-LKTX_190130_01_C01,neu,H18.30.002
TCAAGTGAGGTCGACA-LKTX_190130_01_A01,neu,H18.30.002
GTTCGCTAGGTCACCC-LKTX_190129_01_G01,neu,H18.30.002
CTAACTTTCAGCACCG-LKTX_190130_01_B01,neu,H18.30.002
TCATGTTTCTAGGCCG-LKTX_190129_01_G01,neu,H18.30.002
CTTTCAACACAACGCC-LKTX_190130_01_C01,neu,H18.30.002
CTCAGTCGTGGGCTTC-LKTX_190130_01_C01,neu,H18.30.002
TCGGTCTGTCGTGGTC-LKTX_190129_01_E01,neu,H18.30.002
CAGGTATAGTTGGAAT-LKTX_190130_01_C01,neu,H18.30.002
GACAGCCAGCGAGGAG-LKTX_190130_01_A01,neu,H18.30.002
CACTAAGTCACGGGAA-LKTX_190129_01_F01,neu,H18.30.002
GGCTGTGCAGAAACCG-LKTX_190129_01_G01,neu,H18.30.002
GGTAATCAGTGGATTA-LKTX_190129_01_E01,neu,H18.30.002
AGTCATGCACTGAGTT-LKTX_190129_01_E01,neu,H18.30.002
GTCAAACTCAATCCGA-LKTX_190129_01_F01,neu,H18.30.002
AGATAGAAGACGGATC-LKTX_190129_01_G01,neu,H18.30.002
GTCGTTCCACCCTCTA-LKTX_190130_01_B01,neu,H18.30.002
TGCAGATGTGAGTAAT-LKTX_190130_01_C01,neu,H18.30.002
ATGAGGGAGGTAAGGA-LKTX_190129_01_E01,neu,H18.30.002
TCATACTCACGCTGTG-LKTX_190129_01_G01,neu,H18.30.002
GTTCTATGTTTAGACC-LKTX_190130_01_C01,neu,H18.30.002
CCCAACTCATTAAGCC-LKTX_190130_01_C01,neu,H18.30.002
TACGGGCGTGGACCTC-LKTX_190129_01_F01,neu,H18.30.002
TTCTGTAGTCCTGAAT-LKTX_190130_01_C01,neu,H18.30.002
AATGGCTCAGGCATGA-LKTX_190129_01_F01,neu,H18.30.002
GACACGCCAGTGTACT-LKTX_190129_01_G01,neu,H18.30.002
TGTTCATCAACACTAC-LKTX_190130_01_C01,neu,H18.30.002
GTCATCCCATAGGTAA-LKTX_190129_01_F01,neu,H18.30.002
CTTTCAAAGGGCGAGA-LKTX_190129_01_G01,neu,H18.30.002
GATTTCTCAGAACTCT-LKTX_190129_01_E01,neu,H18.30.002
GCATTAGGTATCGTTG-LKTX_190129_01_F01,neu,H18.30.002
TCCAGAAAGTTCACTG-LKTX_190129_01_F01,neu,H18.30.002
GAAGCGATCTTTACAC-LKTX_190130_01_C01,neu,H18.30.002
ACTGCAAGTCACTCTC-LKTX_190129_01_F01,neu,H18.30.002
TCGCAGGGTGCTCTCT-LKTX_190129_01_G01,neu,H18.30.002
TGCCGAGGTACTGCCG-LKTX_190130_01_A01,neu,H18.30.002
GAAGCGATCACCATCC-LKTX_190130_01_A01,neu,H18.30.002
TTACTGTTCCTTCAGC-LKTX_190129_01_G01,neu,H18.30.002
CGTTAGAGTTTGGAGG-LKTX_190130_01_C01,neu,H18.30.002
ATTCCATAGCTTCTAG-LKTX_190129_01_F01,neu,H18.30.002
GTCCCATCACTCACTC-LKTX_190130_01_B01,neu,H18.30.002
CTCCTTTCACCGCTGA-LKTX_190129_01_F01,neu,H18.30.002
CTGCCTATCGTGTGGC-LKTX_190129_01_F01,neu,H18.30.002
AGGATCTCATCAGCGC-LKTX_190129_01_E01,neu,H18.30.002
ACTTTCAAGCCGATAG-LKTX_190129_01_E01,neu,H18.30.002
GAGTCTACACAACGAG-LKTX_190130_01_C01,neu,H18.30.002
GACATCAAGCTATCCA-LKTX_190130_01_C01,neu,H18.30.002
CCTAAGATCATGTCAG-LKTX_190129_01_F01,neu,H18.30.002
TGCTCCAAGAGCCGTA-LKTX_190129_01_G01,neu,H18.30.002
GAAGCGAGTGCCGAAA-LKTX_190130_01_B01,neu,H18.30.002
CTACATTTCCTGTTGC-LKTX_190130_01_A01,neu,H18.30.002
GACCTTCAGGTGCGAT-LKTX_190129_01_G01,neu,H18.30.002
TTTGATCCAGAACCGA-LKTX_190130_01_B01,neu,H18.30.002
TGAGGAGTCCAAATGC-LKTX_190130_01_B01,neu,H18.30.002
CAGGCCAGTTCTAACG-LKTX_190129_01_G01,neu,H18.30.002
AGATCGTGTGAGTGAC-LKTX_190129_01_E01,neu,H18.30.002
CTTTCGGAGAAAGCGA-LKTX_190130_01_A01,neu,H18.30.002
AGACACTTCAGAGCGA-LKTX_190129_01_G01,neu,H18.30.002
TCAGCAAAGTCTGCGC-LKTX_190129_01_F01,neu,H18.30.002
TCTGTCGGTACTCGTA-LKTX_190129_01_E01,neu,H18.30.002
GGGATGAGTGGCTTGC-LKTX_190130_01_B01,neu,H18.30.002
AGGGTGACAATGCAAA-LKTX_190129_01_E01,neu,H18.30.002
CTTACCGTCGATTTCT-LKTX_190129_01_F01,neu,H18.30.002
GAAGCCCAGCTCTATG-LKTX_190130_01_A01,neu,H18.30.002
GTGTTAGCAATACCTG-LKTX_190129_01_G01,neu,H18.30.002
AACGTCATCTCAGTCC-LKTX_190129_01_F01,neu,H18.30.002
GACTATGTCCTATTTG-LKTX_190130_01_B01,neu,H18.30.002
GCCCAGAGTGATGGCA-LKTX_190129_01_E01,neu,H18.30.002
TCGACGGGTCCGGCAT-LKTX_190130_01_A01,neu,H18.30.002
ATCAGGTAGGTGAGCT-LKTX_190130_01_A01,neu,H18.30.002
AGACACTCAAGCGATG-LKTX_190129_01_F01,neu,H18.30.002
GAATAGACAACGATTC-LKTX_190129_01_E01,neu,H18.30.002
TGCGGCAAGACAACAT-LKTX_190130_01_B01,neu,H18.30.002
TGGAACTGTACCTAAC-LKTX_190129_01_G01,neu,H18.30.002
CTGTAGACAATTGCAC-LKTX_190129_01_G01,neu,H18.30.002
GACCTTCCAAACCACT-LKTX_190130_01_B01,neu,H18.30.002
CTCTCAGGTGTTGCCG-LKTX_190129_01_E01,neu,H18.30.002
TGACTCCTCCCAGTGG-LKTX_190130_01_B01,neu,H18.30.002
CATACAGAGACATATG-LKTX_190129_01_F01,neu,H18.30.002
ACACCAACAAGCCTGC-LKTX_190129_01_G01,neu,H18.30.002
TACCGGGAGCTAGCCC-LKTX_190129_01_E01,neu,H18.30.002
CATTCTACAGCAGATG-LKTX_190130_01_A01,neu,H18.30.002
TCATACTCACGTAACT-LKTX_190130_01_B01,neu,H18.30.002
TGTCAGAGTTAAGCAA-LKTX_190129_01_F01,neu,H18.30.002
TTCCACGGTTGCATCA-LKTX_190129_01_G01,neu,H18.30.002
CAGGCCACACACCTGG-LKTX_190129_01_E01,neu,H18.30.002
CGGAATTTCCGATCGG-LKTX_190129_01_F01,neu,H18.30.002
ATAGGCTCAGTCGTTA-LKTX_190129_01_F01,neu,H18.30.002
TGATTTCTCGCATTGA-LKTX_190129_01_G01,neu,H18.30.002
AGACTCAAGTATTAGG-LKTX_190129_01_F01,neu,H18.30.002
AGTCTCCAGGGTATAT-LKTX_190129_01_G01,neu,H18.30.002
GTAAGTCTCTGTCCCA-LKTX_190129_01_G01,neu,H18.30.002
CGGGCATTCTTACGGA-LKTX_190130_01_C01,neu,H18.30.002
ACTATTCAGTTGAAAC-LKTX_190129_01_F01,neu,H18.30.002
ATTTCTGTCTGGCCAG-LKTX_190129_01_G01,neu,H18.30.002
TATTGGGAGTATGAAC-LKTX_190129_01_F01,neu,H18.30.002
TCATGCCGTTACGGAG-LKTX_190129_01_E01,neu,H18.30.002
TCTATACTCCTGCCAT-LKTX_190130_01_C01,neu,H18.30.002
TCATCATTCTGACCCT-LKTX_190130_01_B01,neu,H18.30.002
AGAGAATAGTTTGCTG-LKTX_190130_01_A01,neu,H18.30.002
CATGGTATCAGCTTCC-LKTX_190130_01_B01,neu,H18.30.002
TCAAGTGTCACCGACG-LKTX_190129_01_F01,neu,H18.30.002
CAGATACCATCTCGTC-LKTX_190129_01_G01,neu,H18.30.002
TATTGGGTCAGACCTA-LKTX_190129_01_E01,neu,H18.30.002
AACCCAATCCGATCTC-LKTX_190130_01_B01,neu,H18.30.002
CTGCCATGTGCTCTTC-LKTX_190129_01_G01,neu,H18.30.002
AAAGAACTCTTGGAAC-LKTX_190129_01_G01,neu,H18.30.002
AATGACCCATGGGTCC-LKTX_190129_01_G01,neu,H18.30.002
GCGGATCGTACCATAC-LKTX_190130_01_B01,neu,H18.30.002
CTCCGATAGCACTCCG-LKTX_190130_01_B01,neu,H18.30.002
TTGATGGCATAGGTAA-LKTX_190129_01_G01,neu,H18.30.002
TCTTGCGTCGGATACT-LKTX_190129_01_G01,neu,H18.30.002
AGTAACCTCGTACCTC-LKTX_190129_01_G01,neu,H18.30.002
ACGGAAGAGGTCATCT-LKTX_190129_01_F01,neu,H18.30.002
TCCGGGATCGTAGCTA-LKTX_190130_01_A01,neu,H18.30.002
CAACAGTCATCAGCTA-LKTX_190129_01_E01,neu,H18.30.002
CGCCATTGTGTTTGCA-LKTX_190130_01_A01,neu,H18.30.002
AGTTCCCTCAACACCA-LKTX_190130_01_A01,neu,H18.30.002
GAACACTTCTCGCTTG-LKTX_190130_01_A01,neu,H18.30.002
ATCTCTACAGGAGACT-LKTX_190130_01_C01,neu,H18.30.002
GCGTGCACAGTATTCG-LKTX_190129_01_F01,neu,H18.30.002
TGCTTGCCAACGGCTC-LKTX_190130_01_C01,neu,H18.30.002
GTAGTACTCGGCATTA-LKTX_190130_01_C01,neu,H18.30.002
GGGTCACAGCTTTCCC-LKTX_190129_01_F01,neu,H18.30.002
TGGTTAGCAAGCTGTT-LKTX_190130_01_A01,neu,H18.30.002
TGCGACGGTAGCTGCC-LKTX_190129_01_G01,neu,H18.30.002
GTTTACTTCGAGAGCA-LKTX_190130_01_B01,neu,H18.30.002
TGCTTGCTCCATACAG-LKTX_190130_01_A01,neu,H18.30.002
ACACTGATCTCCGATC-LKTX_190129_01_E01,neu,H18.30.002
TTTAGTCGTGAGAACC-LKTX_190129_01_F01,neu,H18.30.002
TCTCAGCAGTCCTGTA-LKTX_190130_01_B01,neu,H18.30.002
TACCTGCTCGCCTAGG-LKTX_190129_01_E01,neu,H18.30.002
GGGACCTGTAACAGGC-LKTX_190129_01_E01,neu,H18.30.002
GAGTTACAGAGCCATG-LKTX_190130_01_C01,neu,H18.30.002
ATCTTCACAGTAGATA-LKTX_190130_01_B01,neu,H18.30.002
CATCCGTTCGAGTGGA-LKTX_190129_01_E01,neu,H18.30.002
GTGTTAGCAGTTAAAG-LKTX_190130_01_C01,neu,H18.30.002
TGCTTGCTCCATATGG-LKTX_190129_01_F01,neu,H18.30.002
AGGAATATCTCATTAC-LKTX_190129_01_E01,neu,H18.30.002
GATAGCTTCACATCAG-LKTX_190130_01_C01,neu,H18.30.002
CGGGCATCACCGTCTT-LKTX_190129_01_G01,neu,H18.30.002
ATGGTTGGTTGGCTAT-LKTX_190130_01_B01,neu,H18.30.002
TCGAACAAGTATAGGT-LKTX_190129_01_F01,neu,H18.30.002
ATGGGAGTCTATACTC-LKTX_190130_01_B01,neu,H18.30.002
ATTCCATCATTGGATC-LKTX_190129_01_F01,neu,H18.30.002
ATCGGCGGTGCCCAGT-LKTX_190129_01_E01,neu,H18.30.002
ACAGGGAGTTGCTCAA-LKTX_190130_01_B01,neu,H18.30.002
CCTCAACAGACGAAGA-LKTX_190130_01_C01,neu,H18.30.002
AGTGACTTCAAGTAAG-LKTX_190130_01_C01,neu,H18.30.002
CTCTGGTAGTGATTCC-LKTX_190129_01_G01,neu,H18.30.002
GTGGTTACAATGCAGG-LKTX_190130_01_C01,neu,H18.30.002
GGAGCAACACGATAGG-LKTX_190129_01_E01,neu,H18.30.002
TCCATCGCATGGCGCT-LKTX_190130_01_A01,neu,H18.30.002
AAGTGAATCCGCGATG-LKTX_190129_01_F01,neu,H18.30.002
TGCGATAGTTATTCCT-LKTX_190130_01_B01,neu,H18.30.002
AGGGCTCTCATTCGTT-LKTX_190130_01_A01,neu,H18.30.002
CATGGTAAGTAACGTA-LKTX_190130_01_B01,neu,H18.30.002
CAAGGGATCGACGATT-LKTX_190129_01_F01,neu,H18.30.002
CGAGGAACAGTCTACA-LKTX_190130_01_C01,neu,H18.30.002
AGCGATTGTTCCGGTG-LKTX_190130_01_C01,neu,H18.30.002
GCCCAGACAGACCAAG-LKTX_190129_01_G01,neu,H18.30.002
CATGCTCAGCAAACAT-LKTX_190130_01_C01,neu,H18.30.002
CGGCAGTCAACGATTC-LKTX_190129_01_G01,neu,H18.30.002
TACCCACGTTCAGGTT-LKTX_190129_01_G01,neu,H18.30.002
GCAGTTATCAGCCCAG-LKTX_190129_01_G01,neu,H18.30.002
AGTGATCAGATGACCG-LKTX_190129_01_G01,neu,H18.30.002
AGTAACCGTAATTAGG-LKTX_190130_01_B01,neu,H18.30.002
TCTCACGAGGGCAGTT-LKTX_190129_01_E01,neu,H18.30.002
CCTCAGTTCTAAACGC-LKTX_190129_01_F01,neu,H18.30.002
GCCAACGAGGATTTGA-LKTX_190130_01_B01,neu,H18.30.002
CATACTTTCTCCGCAT-LKTX_190129_01_F01,neu,H18.30.002
ATGGATCGTCTAGGCC-LKTX_190130_01_B01,neu,H18.30.002
ATTTCACAGCGCCTAC-LKTX_190129_01_E01,neu,H18.30.002
GAAACCTAGATTGATG-LKTX_190129_01_E01,neu,H18.30.002
TCAATTCGTTCCGCAG-LKTX_190129_01_F01,neu,H18.30.002
CTTCTAACAGTTCTAG-LKTX_190129_01_F01,neu,H18.30.002
ATACTTCAGTTGAATG-LKTX_190130_01_A01,neu,H18.30.002
AACAAGAGTATGGTAA-LKTX_190130_01_C01,neu,H18.30.002
TGTCCTGTCCCAGGCA-LKTX_190129_01_F01,neu,H18.30.002
GTCAAGTGTTGGTGTT-LKTX_190130_01_B01,neu,H18.30.002
GTACAGTTCGCAGAGA-LKTX_190130_01_B01,neu,H18.30.002
TTCTCTCCAAGCTGTT-LKTX_190130_01_B01,neu,H18.30.002
CCAATTTTCGCTTGCT-LKTX_190130_01_B01,neu,H18.30.002
TAGCACAAGTCAGGGT-LKTX_190130_01_A01,neu,H18.30.002
TTCTAACAGCCAAGTG-LKTX_190129_01_E01,neu,H18.30.002
AACTTCTGTTACGGAG-LKTX_190129_01_F01,neu,H18.30.002
TGAGGAGTCTCCTGAC-LKTX_190129_01_G01,neu,H18.30.002
ACCACAAGTTAGGCCC-LKTX_190129_01_F01,neu,H18.30.002
CGAAGTTAGATGGCGT-LKTX_190130_01_B01,neu,H18.30.002
AGAACAAAGTTCACTG-LKTX_190129_01_E01,neu,H18.30.002
CCATCACCAATCCTTT-LKTX_190130_01_A01,neu,H18.30.002
CAGTGCGAGTAAACTG-LKTX_190130_01_A01,neu,H18.30.002
CGCGTGAAGTGTTCCA-LKTX_190129_01_G01,neu,H18.30.002
TCACATTCAGGTGTTT-LKTX_190129_01_G01,neu,H18.30.002
TATGTTCAGTAACCTC-LKTX_190130_01_C01,neu,H18.30.002
TGTCAGATCGAGATGG-LKTX_190130_01_B01,neu,H18.30.002
TGTGATGCAGGAGGTT-LKTX_190129_01_F01,neu,H18.30.002
ACTTTCAGTACACGCC-LKTX_190130_01_B01,neu,H18.30.002
GCGAGAATCAATCCAG-LKTX_190130_01_B01,neu,H18.30.002
GATAGCTAGTCGAAGC-LKTX_190130_01_B01,neu,H18.30.002
GGGAGATTCAGGAAAT-LKTX_190129_01_G01,neu,H18.30.002
CTTCCTTGTACGAGCA-LKTX_190130_01_B01,neu,H18.30.002
TCAGTTTGTACATTGC-LKTX_190129_01_G01,neu,H18.30.002
TACTTCAAGCGCCTCA-LKTX_190129_01_E01,neu,H18.30.002
TAGACTGTCGTTAGAC-LKTX_190129_01_E01,neu,H18.30.002
AATGGCTGTGGCTCTG-LKTX_190130_01_A01,neu,H18.30.002
TCGTCCAAGTCCGCCA-LKTX_190130_01_C01,neu,H18.30.002
TCCGGGATCCGTACGG-LKTX_190129_01_F01,neu,H18.30.002
TTGCTGCGTCTTTCTA-LKTX_190129_01_E01,neu,H18.30.002
ACTCCCATCGTTCAGA-LKTX_190130_01_C01,neu,H18.30.002
GAGGCCTAGTTTGTCG-LKTX_190129_01_G01,neu,H18.30.002
GCAGTTAGTACCTGTA-LKTX_190129_01_G01,neu,H18.30.002
TGCGGGTTCAAGTGGG-LKTX_190130_01_C01,neu,H18.30.002
CATTCTATCGTCTACC-LKTX_190129_01_G01,neu,H18.30.002
CGAGGAAGTCCTGAAT-LKTX_190129_01_F01,neu,H18.30.002
TTCACGCGTATCTCGA-LKTX_190130_01_B01,neu,H18.30.002
AATGGCTCACTTTAGG-LKTX_190129_01_F01,neu,H18.30.002
TTACGCCTCGCGCCAA-LKTX_190130_01_C01,neu,H18.30.002
TCAGCAAGTTGCTTGA-LKTX_190129_01_G01,neu,H18.30.002
AAGTTCGAGAACTGAT-LKTX_190129_01_F01,neu,H18.30.002
AGACACTAGAGCAGTC-LKTX_190129_01_G01,neu,H18.30.002
CACCGTTTCGGTAGGA-LKTX_190129_01_F01,neu,H18.30.002
ACTTCCGTCCGACGGT-LKTX_190129_01_F01,neu,H18.30.002
TGCGACGGTCTCCCTA-LKTX_190130_01_C01,neu,H18.30.002
GTAACACTCGTTGCCT-LKTX_190129_01_F01,neu,H18.30.002
CTTCTCTAGTTTGGCT-LKTX_190129_01_E01,neu,H18.30.002
CAGCCAGCACGTTCGG-LKTX_190130_01_C01,neu,H18.30.002
TCTTGCGAGAATGTTG-LKTX_190130_01_A01,neu,H18.30.002
ACCCAAACATCGTCCT-LKTX_190129_01_E01,neu,H18.30.002
GCTGGGTTCCACCCTA-LKTX_190130_01_A01,neu,H18.30.002
GGTAATCCAATACAGA-LKTX_190130_01_A01,neu,H18.30.002
GTCCACTTCGGCTGTG-LKTX_190130_01_B01,neu,H18.30.002
GTGCTTCAGAGAGAAC-LKTX_190130_01_C01,neu,H18.30.002
TCAGTCCTCCTCACGT-LKTX_190129_01_G01,neu,H18.30.002
GTAATCGAGGGCTGAT-LKTX_190130_01_C01,neu,H18.30.002
AATTCCTAGTTGCTGT-LKTX_190129_01_F01,neu,H18.30.002
GGGTGAATCTAGGCCG-LKTX_190130_01_C01,neu,H18.30.002
CCGTGAGAGACGCCCT-LKTX_190130_01_B01,neu,H18.30.002
GCCGATGGTTGCATTG-LKTX_190129_01_E01,neu,H18.30.002
TGCAGTATCTGCTGAA-LKTX_190129_01_G01,neu,H18.30.002
CTGCTCACATCATCTT-LKTX_190130_01_C01,neu,H18.30.002
CAACAACCAAGTGCTT-LKTX_190129_01_G01,neu,H18.30.002
AGGTAGGTCGCCAACG-LKTX_190130_01_B01,neu,H18.30.002
GTTTGGACAGTGCGCT-LKTX_190129_01_F01,neu,H18.30.002
TCACTCGCAAATTGGA-LKTX_190130_01_C01,neu,H18.30.002
TTCTCTCAGTTCCTGA-LKTX_190130_01_C01,neu,H18.30.002
GTTCATTGTAGATGTA-LKTX_190130_01_B01,neu,H18.30.002
AACACACTCGTAGTCA-LKTX_190130_01_C01,neu,H18.30.002
CAACCAACAGGAGGTT-LKTX_190130_01_B01,neu,H18.30.002
CGTTCTGCATGGGAAC-LKTX_190129_01_G01,neu,H18.30.002
AAAGTCCTCCAGTACA-LKTX_190130_01_C01,neu,H18.30.002
AACCTTTGTGCGGTAA-LKTX_190130_01_B01,neu,H18.30.002
CACCGTTTCCAGCAAT-LKTX_190129_01_G01,neu,H18.30.002
TCCTCCCAGTGGACGT-LKTX_190130_01_C01,neu,H18.30.002
CTTAGGAAGGACTAAT-LKTX_190130_01_A01,neu,H18.30.002
GTGAGCCTCGATCCCT-LKTX_190129_01_F01,neu,H18.30.002
TCATGTTTCCAAGCTA-LKTX_190130_01_A01,neu,H18.30.002
CAACGATAGAAGCGGG-LKTX_190130_01_C01,neu,H18.30.002
TCCACCACAGTTGAAA-LKTX_190130_01_B01,oli,H18.30.002
GGGATCCAGAAGTCAT-LKTX_190130_01_B01,oli,H18.30.002
ATGCGATCAGTTGCGC-LKTX_190130_01_C01,oli,H18.30.002
GTGGGAATCTACTCAT-LKTX_190129_01_G01,oli,H18.30.002
TTGTTGTTCGTACACA-LKTX_190129_01_F01,oli,H18.30.002
TTAATCCTCGAACCTA-LKTX_190129_01_F01,oli,H18.30.002
CAGGGCTGTCACATTG-LKTX_190129_01_G01,oli,H18.30.002
GTGAGCCCAAACCGGA-LKTX_190129_01_E01,oli,H18.30.002
GTGGTTACAACACTAC-LKTX_190130_01_C01,oli,H18.30.002
AAGCATCGTGCTCTCT-LKTX_190130_01_B01,oli,H18.30.002
CCGATCTCAGGTTCCG-LKTX_190129_01_F01,oli,H18.30.002
TCCTCGAAGGTCGCCT-LKTX_190129_01_E01,oli,H18.30.002
TCACACCAGGTTGTTC-LKTX_190129_01_F01,oli,H18.30.002
CATTGAGCAAATGATG-LKTX_190130_01_A01,oli,H18.30.002
AGCGCTGTCGGCTTCT-LKTX_190129_01_G01,oli,H18.30.002
GGGATGATCACATACG-LKTX_190129_01_E01,oli,H18.30.002
AGACTCATCCCACAGG-LKTX_190130_01_C01,oli,H18.30.002
GTCACGGAGACATGCG-LKTX_190129_01_F01,oli,H18.30.002
GACCGTGTCATGCCCT-LKTX_190130_01_A01,oli,H18.30.002
CGACAGCGTATCGTAC-LKTX_190129_01_E01,oli,H18.30.002
GCTCAAAAGTATCTGC-LKTX_190130_01_C01,oli,H18.30.002
GGAGGATTCTTAGGAC-LKTX_190130_01_A01,oli,H18.30.002
TGTTGAGTCGTGCTCT-LKTX_190130_01_A01,oli,H18.30.002
CACATGATCTCTGGTC-LKTX_190130_01_B01,oli,H18.30.002
CATCGGGAGAGCCGTA-LKTX_190130_01_A01,oli,H18.30.002
CTCTCAGTCATGAGTC-LKTX_190129_01_F01,oli,H18.30.002
ATGGGAGCAATACGCT-LKTX_190130_01_C01,oli,H18.30.002
CTTCTAATCAACACGT-LKTX_190129_01_F01,oli,H18.30.002
GCCATTCTCTGCATGA-LKTX_190129_01_G01,oli,H18.30.002
CTCCCAACAACAAGTA-LKTX_190129_01_G01,oli,H18.30.002
GCCAGGTCATCCTAAG-LKTX_190129_01_G01,oli,H18.30.002
ACATCGAAGCATGCGA-LKTX_190129_01_E01,oli,H18.30.002
AAGACAAGTATCCCAA-LKTX_190129_01_E01,oli,H18.30.002
GCGGAAACAACTCATG-LKTX_190129_01_F01,oli,H18.30.002
TCAATCTTCTTGGTGA-LKTX_190129_01_F01,oli,H18.30.002
CACTGGGCAAGACCGA-LKTX_190130_01_C01,oli,H18.30.002
GAGAGGTGTTTGACAC-LKTX_190129_01_F01,oli,H18.30.002
ACCATTTTCAACACGT-LKTX_190129_01_F01,oli,H18.30.002
ATTCATCAGCATGCAG-LKTX_190130_01_C01,oli,H18.30.002
TTCCGTGTCGTGCGAC-LKTX_190130_01_C01,oli,H18.30.002
GACCCTTCAGGCTTGC-LKTX_190129_01_F01,oli,H18.30.002
CATCCCATCCATCTCG-LKTX_190130_01_A01,oli,H18.30.002
TGAATGCCACCTCGTT-LKTX_190129_01_F01,oli,H18.30.002
TGCGACGTCGCCTATC-LKTX_190130_01_B01,oli,H18.30.002
TGTGGCGAGTCCCTAA-LKTX_190129_01_F01,oli,H18.30.002
AGGTCATGTAAGCTCT-LKTX_190129_01_F01,oli,H18.30.002
ATTCCTACATACATCG-LKTX_190130_01_C01,oli,H18.30.002
AACAACCAGTCTTCGA-LKTX_190129_01_E01,oli,H18.30.002
TCAGGTACACTACCCT-LKTX_190129_01_G01,oli,H18.30.002
ACTGTCCCAGTAGGAC-LKTX_190129_01_G01,oli,H18.30.002
TGGAACTGTAGGATAT-LKTX_190130_01_B01,oli,H18.30.002
TCGGGACCAAATAGCA-LKTX_190129_01_E01,oli,H18.30.002
AGATGCTAGTTCATCG-LKTX_190130_01_A01,oli,H18.30.002
TGTCCTGAGATGGCGT-LKTX_190129_01_E01,oli,H18.30.002
GTTCTATGTCCAACGC-LKTX_190129_01_E01,oli,H18.30.002
GGTTAACCACCGTGGT-LKTX_190129_01_G01,oli,H18.30.002
TGATGGTAGCTAATGA-LKTX_190129_01_F01,oli,H18.30.002
TGACTCCAGGCGCTCT-LKTX_190129_01_G01,oli,H18.30.002
CACGAATCACGTACTA-LKTX_190130_01_B01,oli,H18.30.002
CCCTCTCGTTGTACGT-LKTX_190130_01_B01,oli,H18.30.002
CAAGGGAGTCTACGAT-LKTX_190129_01_F01,oli,H18.30.002
GTAACCAAGATTGTGA-LKTX_190130_01_B01,oli,H18.30.002
CATTGTTCAAGAGTTA-LKTX_190130_01_B01,oli,H18.30.002
GGGTGTCAGCATATGA-LKTX_190129_01_E01,oli,H18.30.002
GATAGCTAGCGTGTTT-LKTX_190129_01_E01,oli,H18.30.002
CTAGACACACGGCTAC-LKTX_190130_01_C01,oli,H18.30.002
AGGATAAGTACACGTT-LKTX_190129_01_G01,oli,H18.30.002
AACAGGGCACTAACCA-LKTX_190130_01_A01,oli,H18.30.002
GCGTGCATCTAAGCCA-LKTX_190129_01_F01,oli,H18.30.002
GATCCCTTCGGAAGGT-LKTX_190130_01_B01,oli,H18.30.002
AAGTACCTCGGTTAGT-LKTX_190130_01_A01,oli,H18.30.002
CTTAGGAAGATTGGGC-LKTX_190129_01_G01,oli,H18.30.002
GTGCTTCAGGTTCATC-LKTX_190129_01_G01,oli,H18.30.002
AGGTTGTGTAGCTTGT-LKTX_190130_01_C01,oli,H18.30.002
GGGAGATAGCGCCGTT-LKTX_190129_01_F01,oli,H18.30.002
GTTAGTGAGGGCGAAG-LKTX_190129_01_E01,oli,H18.30.002
CACGGGTTCGTTCTCG-LKTX_190130_01_C01,oli,H18.30.002
GTGTCCTCACCTGAAT-LKTX_190130_01_B01,oli,H18.30.002
TTCACGCGTATCCTTT-LKTX_190129_01_F01,oli,H18.30.002
AGGGTTTAGACTTCGT-LKTX_190129_01_E01,oli,H18.30.002
GGTGAAGTCAAAGCCT-LKTX_190130_01_A01,oli,H18.30.002
CTACTATTCACCGACG-LKTX_190129_01_G01,oli,H18.30.002
TCAATTCGTATGCGTT-LKTX_190129_01_G01,oli,H18.30.002
CTTTCGGGTTGTAGCT-LKTX_190130_01_C01,oli,H18.30.002
TACCTCGTCGCTCTAC-LKTX_190129_01_E01,oli,H18.30.002
GTGATGTGTGGATTTC-LKTX_190130_01_C01,oli,H18.30.002
CGTGTCTCAGAACTCT-LKTX_190129_01_G01,oli,H18.30.002
TACTGCCCATGCGTGC-LKTX_190130_01_B01,oli,H18.30.002
AATCGTGTCGTTCTGC-LKTX_190130_01_A01,oli,H18.30.002
TAGATCGTCGAGAGAC-LKTX_190129_01_E01,oli,H18.30.002
GAGGCAAAGCACCTGC-LKTX_190129_01_G01,oli,H18.30.002
TGAGTCATCTCTCGAC-LKTX_190130_01_B01,oli,H18.30.002
GGGACTCCAGCGCTTG-LKTX_190130_01_B01,oli,H18.30.002
TCATGTTGTATCACGT-LKTX_190129_01_E01,oli,H18.30.002
TGAGCGCGTTTGTTCT-LKTX_190129_01_G01,oli,H18.30.002
GAAGGACCAAATAGCA-LKTX_190129_01_F01,oli,H18.30.002
CCCTTAGGTCCCGGTA-LKTX_190129_01_F01,oli,H18.30.002
TATGTTCAGGGTACAC-LKTX_190129_01_G01,oli,H18.30.002
TATCGCCTCTGGTGGC-LKTX_190129_01_E01,oli,H18.30.002
CCATAAGCAGACAAAT-LKTX_190129_01_E01,oli,H18.30.002
AGGTTGTTCCTCAGAA-LKTX_190129_01_G01,oli,H18.30.002
ACACCAACAGATCATC-LKTX_190130_01_B01,oli,H18.30.002
ATTACTCGTGACAGGT-LKTX_190130_01_A01,oli,H18.30.002
CCCGAAGCAGACCTAT-LKTX_190130_01_B01,oli,H18.30.002
GTTACAGCATCTCCCA-LKTX_190130_01_C01,oli,H18.30.002
GGGTTATCATTCCTAT-LKTX_190130_01_C01,oli,H18.30.002
ATGGAGGAGTTCAACC-LKTX_190130_01_A01,oli,H18.30.002
CACCGTTAGGTCCCTG-LKTX_190129_01_G01,oli,H18.30.002
AAGGTAAAGTAAACAC-LKTX_190129_01_F01,oli,H18.30.002
ATGAGGGAGCTAGTTC-LKTX_190129_01_G01,oli,H18.30.002
GAAGCGAAGTCTGCAT-LKTX_190129_01_F01,oli,H18.30.002
TCCTCCCAGGCTTAAA-LKTX_190129_01_E01,oli,H18.30.002
ACTATTCGTGCTCTTC-LKTX_190129_01_E01,oli,H18.30.002
GTGTTAGTCCGCGAGT-LKTX_190129_01_E01,oli,H18.30.002
TGGGATTTCAAAGCCT-LKTX_190130_01_A01,oli,H18.30.002
TTAGGGTTCATGCATG-LKTX_190129_01_G01,oli,H18.30.002
ATCAGGTTCGAAGGAC-LKTX_190129_01_E01,oli,H18.30.002
AACCACATCGGCTTGG-LKTX_190129_01_E01,oli,H18.30.002
CCACCATTCAGGACGA-LKTX_190130_01_C01,oli,H18.30.002
AGGGAGTGTACGCTAT-LKTX_190129_01_F01,oli,H18.30.002
TGGGCTGTCGTGCAGC-LKTX_190130_01_B01,oli,H18.30.002
GTCATCCTCTGTAAGC-LKTX_190130_01_B01,oli,H18.30.002
GTAGATCCATCCTTGC-LKTX_190129_01_G01,oli,H18.30.002
TACCTCGGTGTTAAAG-LKTX_190130_01_A01,oli,H18.30.002
TGAGGAGGTCGTTGGC-LKTX_190129_01_G01,oli,H18.30.002
AAGTGAACACCCTATC-LKTX_190130_01_B01,oli,H18.30.002
GTGATGTTCTCAACCC-LKTX_190130_01_A01,oli,H18.30.002
GAGTCATCACTTCCTG-LKTX_190129_01_G01,oli,H18.30.002
TGAACGTCAAGACTGG-LKTX_190130_01_C01,oli,H18.30.002
GGGTCACTCTCGGTAA-LKTX_190129_01_G01,oli,H18.30.002
GGACGTCGTCGAGCAA-LKTX_190129_01_G01,oli,H18.30.002
AGGCCACCACGTAGAG-LKTX_190130_01_A01,oli,H18.30.002
ATTCATCCATATGCGT-LKTX_190129_01_F01,oli,H18.30.002
TGGTAGTTCGACACTA-LKTX_190130_01_C01,oli,H18.30.002
CAGTTCCAGTGACACG-LKTX_190130_01_A01,oli,H18.30.002
ATAGACCCAGTAGAAT-LKTX_190130_01_B01,oli,H18.30.002
CAGGGCTCAAGTACCT-LKTX_190130_01_A01,oli,H18.30.002
AGATAGAAGAGAGAAC-LKTX_190129_01_F01,oli,H18.30.002
TGCAGATCATGGCCAC-LKTX_190130_01_C01,oli,H18.30.002
CCTCAGTGTATACGGG-LKTX_190129_01_G01,oli,H18.30.002
GGTAACTGTTTAGAGA-LKTX_190130_01_B01,oli,H18.30.002
CACAGGCGTACGAGCA-LKTX_190130_01_C01,oli,H18.30.002
TCTTTGATCGAAGGAC-LKTX_190130_01_C01,oli,H18.30.002
TACTTGTAGCAGTAAT-LKTX_190129_01_G01,oli,H18.30.002
CTGCCTAAGCCTGACC-LKTX_190130_01_C01,oli,H18.30.002
ATGAGTCTCCATTCGC-LKTX_190129_01_G01,oli,H18.30.002
GTATTGGGTACCTAAC-LKTX_190129_01_E01,oli,H18.30.002
CGGACACCACTAACCA-LKTX_190129_01_F01,oli,H18.30.002
GTGTTAGGTTACGCCG-LKTX_190130_01_C01,oli,H18.30.002
GGCTTGGCACAATGTC-LKTX_190129_01_F01,oli,H18.30.002
GCATCGGCATGACTAC-LKTX_190129_01_F01,oli,H18.30.002
CATTCATGTGTTACTG-LKTX_190129_01_F01,oli,H18.30.002
ACTATCTCAGGATCTT-LKTX_190129_01_F01,oli,H18.30.002
AGTGACTAGCATCCCG-LKTX_190129_01_E01,oli,H18.30.002
GGGTAGACAATTGCAC-LKTX_190129_01_G01,oli,H18.30.002
CTATCCGTCAGTCTTT-LKTX_190129_01_F01,oli,H18.30.002
ACCAACATCTCTCTTC-LKTX_190129_01_F01,oli,H18.30.002
GTGACGCGTTTCGATG-LKTX_190129_01_G01,oli,H18.30.002
GGGTTATTCGAGTGGA-LKTX_190129_01_F01,oli,H18.30.002
TCATGAGTCTTGCAAG-LKTX_190129_01_E01,oli,H18.30.002
ACGTAGTTCATCACCC-LKTX_190130_01_B01,oli,H18.30.002
TCGCTCATCTGTCGCT-LKTX_190130_01_B01,oli,H18.30.002
GACTCTCCAGACCATT-LKTX_190129_01_G01,oli,H18.30.002
GCATCGGGTGAAGCGT-LKTX_190130_01_B01,oli,H18.30.002
AGGGTCCTCTTGGCTC-LKTX_190130_01_C01,oli,H18.30.002
AGGACTTAGGTGATCG-LKTX_190129_01_F01,oli,H18.30.002
GCGGATCTCTCGGTAA-LKTX_190130_01_B01,oli,H18.30.002
ATTCTACCACACTGGC-LKTX_190130_01_C01,oli,H18.30.002
GAATCGTAGGTAAAGG-LKTX_190129_01_F01,oli,H18.30.002
CAATACGAGAGATTCA-LKTX_190129_01_E01,oli,H18.30.002
GACCTTCGTGCCGTTG-LKTX_190129_01_G01,oli,H18.30.002
GTTATGGAGGACGCTA-LKTX_190130_01_A01,oli,H18.30.002
TGCTGAACATAGGTTC-LKTX_190129_01_G01,oli,H18.30.002
ACTGTCCTCTTAGCCC-LKTX_190129_01_F01,oli,H18.30.002
CTGGCAGAGGCCCACT-LKTX_190130_01_B01,oli,H18.30.002
GCCAGCATCGCCTCTA-LKTX_190130_01_B01,oli,H18.30.002
GATTTCTCAAACTAGA-LKTX_190129_01_F01,oli,H18.30.002
TGGAACTCACACCTAA-LKTX_190130_01_A01,oli,H18.30.002
AGGAGGTCACTGGCCA-LKTX_190130_01_A01,oli,H18.30.002
CTCCCAAGTCACAGAG-LKTX_190129_01_E01,oli,H18.30.002
AGATGCTCAGCTGAGA-LKTX_190129_01_F01,oli,H18.30.002
TACCGGGCATTCAGCA-LKTX_190129_01_E01,oli,H18.30.002
TGTTTGTAGTGTTGTC-LKTX_190130_01_B01,oli,H18.30.002
GGGACTCTCAGACAAA-LKTX_190130_01_A01,oli,H18.30.002
GACTCAATCGCCTCTA-LKTX_190129_01_F01,oli,H18.30.002
ATCCACCAGTTACGGG-LKTX_190130_01_B01,oli,H18.30.002
TGAACGTTCGACATAC-LKTX_190130_01_C01,oli,H18.30.002
GTTCGCTGTTACCCTC-LKTX_190130_01_A01,oli,H18.30.002
TCCATGCCATTCGGGC-LKTX_190129_01_G01,oli,H18.30.002
TCGGTCTCAGGAAGTC-LKTX_190130_01_A01,oli,H18.30.002
TGCAGTATCTCCGTGT-LKTX_190129_01_F01,oli,H18.30.002
AGGTGTTCAATTTCCT-LKTX_190129_01_G01,oli,H18.30.002
TTTCATGAGGGCAGGA-LKTX_190130_01_A01,oli,H18.30.002
CTCATGCTCAATCCAG-LKTX_190129_01_G01,oli,H18.30.002
CAATCGACACCTGCTT-LKTX_190130_01_B01,oli,H18.30.002
AGGCATTCAGACCTGC-LKTX_190129_01_G01,oli,H18.30.002
TAAGCCACATCCGTTC-LKTX_190129_01_E01,oli,H18.30.002
GAGGCAAGTCCAGTTA-LKTX_190129_01_G01,oli,H18.30.002
GTCCACTTCTTCGTAT-LKTX_190129_01_F01,oli,H18.30.002
AGGGTTTCAGTCAGCC-LKTX_190130_01_C01,oli,H18.30.002
GCTGCAGGTGCGGCTT-LKTX_190129_01_F01,oli,H18.30.002
ATGGGTTCAGCAATTC-LKTX_190129_01_E01,oli,H18.30.002
AGAAGCGAGACATATG-LKTX_190129_01_G01,oli,H18.30.002
TGTTGGACACAATGCT-LKTX_190130_01_B01,oli,H18.30.002
CGTGTCTTCGAACGCC-LKTX_190129_01_F01,oli,H18.30.002
AACAAAGCATAACGGG-LKTX_190130_01_A01,oli,H18.30.002
TGTTACTGTTACCGTA-LKTX_190129_01_E01,oli,H18.30.002
CCGGGTACAGAGGAAA-LKTX_190129_01_G01,oli,H18.30.002
ACACGCGAGATTAGAC-LKTX_190129_01_E01,oli,H18.30.002
AGACCCGCAGTGCCTG-LKTX_190129_01_E01,oli,H18.30.002
TTGCTGCAGGTACAGC-LKTX_190130_01_C01,oli,H18.30.002
AATGACCTCTCGACGG-LKTX_190129_01_F01,oli,H18.30.002
ACCAACAAGCAACCAG-LKTX_190129_01_G01,oli,H18.30.002
GACTATGAGCGACTTT-LKTX_190129_01_F01,oli,H18.30.002
TCATGTTGTCCAATCA-LKTX_190129_01_E01,oli,H18.30.002
GTCTAGAAGACTCCGC-LKTX_190130_01_C01,oli,H18.30.002
TGATGCATCGCCTATC-LKTX_190129_01_F01,oli,H18.30.002
TGGAACTGTGTACAGG-LKTX_190130_01_B01,oli,H18.30.002
AATCGTGTCACAAGAA-LKTX_190130_01_C01,oli,H18.30.002
AGATAGACACCAGTTA-LKTX_190129_01_F01,oli,H18.30.002
TACCCACAGTGCCGAA-LKTX_190129_01_F01,oli,H18.30.002
CCTAAGAAGCAAACAT-LKTX_190130_01_C01,oli,H18.30.002
CCTCATGCAGTCAACT-LKTX_190130_01_A01,oli,H18.30.002
TACCCGTAGATTACCC-LKTX_190129_01_E01,oli,H18.30.002
AAATGGATCCGATGCG-LKTX_190129_01_F01,oli,H18.30.002
AAAGGATCATCCGAGC-LKTX_190130_01_C01,oli,H18.30.002
TCCATGCGTTACGATC-LKTX_190129_01_G01,oli,H18.30.002
TTCTGTACACGACGCT-LKTX_190130_01_B01,oli,H18.30.002
TCGTGGGCAGCACAAG-LKTX_190129_01_F01,oli,H18.30.002
ATGCCTCAGTATGGAT-LKTX_190129_01_F01,oli,H18.30.002
ACAGCCGTCCCTGGTT-LKTX_190130_01_A01,oli,H18.30.002
TGCAGGCCACCGGAAA-LKTX_190130_01_A01,oli,H18.30.002
CGACAGCTCTGTCCCA-LKTX_190129_01_F01,oli,H18.30.002
AGACCCGGTGAGAACC-LKTX_190129_01_E01,oli,H18.30.002
AGACCATTCTATTTCG-LKTX_190130_01_C01,oli,H18.30.002
GTTAGTGTCAGACAAA-LKTX_190130_01_B01,oli,H18.30.002
ACAAGCTTCCACACCT-LKTX_190129_01_F01,oli,H18.30.002
CTTCGGTGTATGCGGA-LKTX_190130_01_C01,oli,H18.30.002
TTGGGTACACTTCAAG-LKTX_190129_01_E01,oli,H18.30.002
TCATACTCATATGGCT-LKTX_190129_01_F01,oli,H18.30.002
GTGTGGCCATGCCATA-LKTX_190129_01_E01,oli,H18.30.002
TAAGCACTCTTAGTTC-LKTX_190129_01_F01,oli,H18.30.002
GGATCTAAGGCATGGT-LKTX_190129_01_G01,oli,H18.30.002
CAGATTGAGAATCTAG-LKTX_190129_01_G01,oli,H18.30.002
CTACGGGCAACTGTGT-LKTX_190129_01_F01,oli,H18.30.002
TGTCCACGTATCAGGG-LKTX_190130_01_A01,oli,H18.30.002
ACTACGAAGCAAGTCG-LKTX_190129_01_F01,oli,H18.30.002
GTGTCCTGTCAGGTAG-LKTX_190130_01_C01,oli,H18.30.002
ACTATGGAGGGAGGTG-LKTX_190130_01_B01,oli,H18.30.002
CCAATTTCAGGAGGTT-LKTX_190130_01_A01,oli,H18.30.002
GACCCTTGTATACAGA-LKTX_190129_01_E01,oli,H18.30.002
CATCAAGTCTGAGAGG-LKTX_190130_01_C01,oli,H18.30.002
CGTAAGTGTCGCGTTG-LKTX_190130_01_C01,oli,H18.30.002
CTTGAGAAGTTAGAAC-LKTX_190129_01_E01,oli,H18.30.002
ATGCCTCTCTGCTTAT-LKTX_190129_01_F01,oli,H18.30.002
CATAGACGTCAGACGA-LKTX_190130_01_B01,oli,H18.30.002
CTAAGTGTCTCATGCC-LKTX_190130_01_A01,oli,H18.30.002
AGGGTCCTCAGAGTTC-LKTX_190129_01_E01,oli,H18.30.002
GCCGATGCACGGTCTG-LKTX_190130_01_B01,oli,H18.30.002
GTTACGAAGTTGCGAG-LKTX_190130_01_C01,oli,H18.30.002
AGGACTTAGACGCCAA-LKTX_190129_01_G01,oli,H18.30.002
GGCGTCAGTGTTTGCA-LKTX_190129_01_G01,oli,H18.30.002
TCATGCCCAAATCAAG-LKTX_190129_01_F01,oli,H18.30.002
CTGCCATAGGGAGAAT-LKTX_190130_01_B01,oli,H18.30.002
TCAAGACGTCAGATTC-LKTX_190130_01_B01,oli,H18.30.002
AGGGTGATCCGGGACT-LKTX_190130_01_C01,oli,H18.30.002
AGTAACCTCATTCGTT-LKTX_190129_01_E01,oli,H18.30.002
GTCCTCATCAGACAAA-LKTX_190130_01_C01,oli,H18.30.002
CAATACGAGATTAGCA-LKTX_190130_01_C01,oli,H18.30.002
AGTACTGCAGATACCT-LKTX_190129_01_E01,oli,H18.30.002
TGTAGACCATACCAGT-LKTX_190130_01_C01,oli,H18.30.002
CTGGTCTGTTACGTAC-LKTX_190129_01_E01,oli,H18.30.002
CATAGACCACGTCATA-LKTX_190129_01_F01,oli,H18.30.002
TGCACGGGTGGAACCA-LKTX_190129_01_G01,oli,H18.30.002
TATTGCTAGCTCTATG-LKTX_190129_01_G01,oli,H18.30.002
AATGGAACACGACGCT-LKTX_190130_01_A01,oli,H18.30.002
AGGACGATCCCAACTC-LKTX_190130_01_B01,oli,H18.30.002
TGTTTGTAGCGTGAAC-LKTX_190129_01_G01,oli,H18.30.002
CTTACCGTCCGATTAG-LKTX_190129_01_G01,oli,H18.30.002
CATAAGCAGCGTACAG-LKTX_190130_01_A01,oli,H18.30.002
TGAATGCCACGTAGAG-LKTX_190129_01_F01,oli,H18.30.002
TTGGGCGGTACAGAAT-LKTX_190129_01_F01,oli,H18.30.002
TGGGTTAGTAGGTAGC-LKTX_190129_01_F01,oli,H18.30.002
GGAAGTGTCTCAACCC-LKTX_190129_01_G01,oli,H18.30.002
GCTGGGTAGCGTACAG-LKTX_190129_01_F01,oli,H18.30.002
CGCCATTCAAGTCGTT-LKTX_190129_01_G01,oli,H18.30.002
AGGATAATCCATAGGT-LKTX_190130_01_C01,oli,H18.30.002
CAGTGCGTCCACTGAA-LKTX_190130_01_B01,oli,H18.30.002
CTTCCTTCACTAAACC-LKTX_190130_01_C01,oli,H18.30.002
TATCTGTGTATCGATC-LKTX_190130_01_C01,oli,H18.30.002
TGAGGGATCATGAGGG-LKTX_190129_01_E01,oli,H18.30.002
ATTTCTGAGCCTATCA-LKTX_190129_01_F01,oli,H18.30.002
TCGCTCAAGCCAAGTG-LKTX_190129_01_F01,oli,H18.30.002
TAAGCACCAAGCTGCC-LKTX_190129_01_G01,oli,H18.30.002
CCGGACAGTAGAAACT-LKTX_190130_01_C01,oli,H18.30.002
CACGTGGGTCGCTGCA-LKTX_190130_01_B01,oli,H18.30.002
ACCTGTCCACCGTCGA-LKTX_190129_01_F01,oli,H18.30.002
GGAGATGAGCCTGGAA-LKTX_190129_01_E01,oli,H18.30.002
TCGGGACAGTATGAGT-LKTX_190129_01_E01,oli,H18.30.002
CTTCAATCAGAAGCGT-LKTX_190129_01_E01,oli,H18.30.002
GTTGAACCATTATGCG-LKTX_190129_01_F01,oli,H18.30.002
ACATCCCAGCGAGGAG-LKTX_190130_01_A01,oli,H18.30.002
TACCGGGGTATGCAAA-LKTX_190129_01_F01,oli,H18.30.002
GTCGTTCAGTTCACTG-LKTX_190129_01_F01,oli,H18.30.002
CCCTCTCGTAGACACG-LKTX_190129_01_G01,oli,H18.30.002
ATTATCCTCTATCCAT-LKTX_190130_01_A01,oli,H18.30.002
TCATATCTCGTAGGAG-LKTX_190130_01_C01,oli,H18.30.002
CATACTTGTACACTCA-LKTX_190130_01_C01,oli,H18.30.002
TAGGTTGAGCTCCCTT-LKTX_190130_01_B01,oli,H18.30.002
TGGGAAGAGCCATTTG-LKTX_190130_01_B01,oli,H18.30.002
ATTACTCAGGACTATA-LKTX_190129_01_E01,oli,H18.30.002
GGGACAAGTGTTTGCA-LKTX_190129_01_F01,oli,H18.30.002
GTTACAGTCCTCTAAT-LKTX_190130_01_C01,oli,H18.30.002
AACAGGGGTTCACCGG-LKTX_190129_01_G01,oli,H18.30.002
GATGACTCATCTTCGC-LKTX_190129_01_G01,oli,H18.30.002
AAGGTAACAGCTGTAT-LKTX_190129_01_F01,oli,H18.30.002
GATGATCCATCATGAC-LKTX_190129_01_G01,oli,H18.30.002
GTGTGATCATAAGCGG-LKTX_190130_01_A01,oli,H18.30.002
TGATCTTGTAGAGTTA-LKTX_190130_01_A01,oli,H18.30.002
CGTCCATGTAGTGTGG-LKTX_190129_01_G01,oli,H18.30.002
TATCGCCGTTAGCTAC-LKTX_190130_01_C01,oli,H18.30.002
CTACAGAGTTGTTGCA-LKTX_190129_01_E01,oli,H18.30.002
CGGAGAATCTTCTGTA-LKTX_190130_01_A01,oli,H18.30.002
TTTCGATTCAGGCGAA-LKTX_190129_01_E01,oli,H18.30.002
AAAGGATAGGCATGCA-LKTX_190130_01_B01,oli,H18.30.002
AGTACTGAGCTAAGTA-LKTX_190129_01_G01,oli,H18.30.002
AGTCTCCAGCTACTAC-LKTX_190129_01_F01,oli,H18.30.002
AAGAACAGTACGAAAT-LKTX_190130_01_C01,oli,H18.30.002
AATGACCGTTCAACGT-LKTX_190129_01_G01,oli,H18.30.002
GGTTCTCCAATAGTAG-LKTX_190129_01_E01,oli,H18.30.002
GAGGCCTGTCGCTTAA-LKTX_190130_01_C01,oli,H18.30.002
TCCAGAATCTGGACTA-LKTX_190129_01_G01,oli,H18.30.002
ATCACAGAGTTAACGA-LKTX_190129_01_G01,oli,H18.30.002
GACTATGTCCCGTTGT-LKTX_190129_01_F01,oli,H18.30.002
AGCCACGAGTCGCGAA-LKTX_190129_01_G01,oli,H18.30.002
ATTGGGTAGTCGAAGC-LKTX_190129_01_G01,oli,H18.30.002
TTGGATGTCGCTCTAC-LKTX_190130_01_B01,oli,H18.30.002
TACAGGTTCTGGGAGA-LKTX_190130_01_B01,oli,H18.30.002
AGACTCATCATTACCT-LKTX_190130_01_B01,oli,H18.30.002
ACTACGACATATACCG-LKTX_190129_01_E01,oli,H18.30.002
CTCCAACGTCATCCCT-LKTX_190130_01_A01,oli,H18.30.002
TCTACCGCAAAGACGC-LKTX_190130_01_B01,oli,H18.30.002
GAGGGTATCGAGAAGC-LKTX_190129_01_F01,oli,H18.30.002
TCCTAATGTGCAGGAT-LKTX_190129_01_G01,oli,H18.30.002
ATACCTTAGAAACTGT-LKTX_190130_01_A01,oli,H18.30.002
GTCAAGTAGACTACGG-LKTX_190130_01_C01,oli,H18.30.002
GCTTCACGTTACACTG-LKTX_190129_01_F01,oli,H18.30.002
AGTCTCCGTCACCCTT-LKTX_190129_01_G01,oli,H18.30.002
TTCTAGTGTATCTTCT-LKTX_190130_01_B01,oli,H18.30.002
ACGTCCTCAAGCGCTC-LKTX_190130_01_B01,oli,H18.30.002
GAGCCTGTCTGGGCGT-LKTX_190129_01_F01,oli,H18.30.002
CTCAGGGCAGCACAGA-LKTX_190129_01_E01,oli,H18.30.002
AGGGTGAAGGCGAACT-LKTX_190130_01_A01,oli,H18.30.002
TTGTTGTCAAGAGATT-LKTX_190130_01_A01,oli,H18.30.002
CGTGCTTAGTGCAGCA-LKTX_190129_01_F01,oli,H18.30.002
GACGCTGCAGAGGACT-LKTX_190129_01_G01,oli,H18.30.002
AGGAGGTGTAGGTCAG-LKTX_190130_01_C01,oli,H18.30.002
TGTGAGTAGGCCTTGC-LKTX_190130_01_A01,oli,H18.30.002
CACTTCGAGACGGTCA-LKTX_190129_01_E01,oli,H18.30.002
GAAGGGTGTGCTGTCG-LKTX_190129_01_G01,oli,H18.30.002
GAACGTTTCTACCTTA-LKTX_190130_01_B01,oli,H18.30.002
AAGATAGGTTACCCTC-LKTX_190129_01_G01,oli,H18.30.002
CTCAATTGTTGGGATG-LKTX_190130_01_B01,oli,H18.30.002
GTCATCCAGTGCGTCC-LKTX_190130_01_B01,oli,H18.30.002
TCAGGGCCATCCGGTG-LKTX_190129_01_G01,oli,H18.30.002
CAAGCTACAGCTTTCC-LKTX_190129_01_G01,oli,H18.30.002
TACCCGTCAGTGTATC-LKTX_190129_01_F01,oli,H18.30.002
GTCCTCAGTTTCGGCG-LKTX_190129_01_E01,oli,H18.30.002
CCCATTGGTCTTCGAA-LKTX_190130_01_B01,oli,H18.30.002
AAGTGAATCCAGCTCT-LKTX_190130_01_C01,oli,H18.30.002
TGGGTTAAGGAACTCG-LKTX_190129_01_F01,oli,H18.30.002
GTTAGTGGTTCCAAAC-LKTX_190130_01_A01,oli,H18.30.002
TTACGTTGTCGCATTA-LKTX_190130_01_C01,oli,H18.30.002
CTTTCAATCGCAGAGA-LKTX_190129_01_F01,oli,H18.30.002
GAAATGAGTGAGGAAA-LKTX_190129_01_F01,oli,H18.30.002
AGACAAACATTCACAG-LKTX_190129_01_E01,oli,H18.30.002
AAGCGTTAGTGCCTCG-LKTX_190130_01_A01,oli,H18.30.002
ATAGAGAGTCGAATGG-LKTX_190129_01_E01,oli,H18.30.002
CCACCATCAAAGGATT-LKTX_190129_01_E01,oli,H18.30.002
CATGAGTGTATCGCAT-LKTX_190129_01_G01,oli,H18.30.002
ACGTTCCGTCCTGAAT-LKTX_190129_01_E01,oli,H18.30.002
ACCCAAAAGCACAAAT-LKTX_190130_01_C01,oli,H18.30.002
CCTCAACAGTTCGCAT-LKTX_190130_01_A01,oli,H18.30.002
TACCGGGAGAAGCTGC-LKTX_190130_01_C01,oli,H18.30.002
ACGTACACACCGAATT-LKTX_190130_01_B01,oli,H18.30.002
TGTGCGGAGCCAACCC-LKTX_190130_01_C01,oli,H18.30.002
AAACGAATCAGCTGTA-LKTX_190130_01_A01,oli,H18.30.002
CCCGGAAGTGTACATC-LKTX_190130_01_A01,oli,H18.30.002
AACCATGAGCAGAAAG-LKTX_190129_01_E01,oli,H18.30.002
GAAGGGTAGGAGACCT-LKTX_190130_01_B01,oli,H18.30.002
CGTGATAAGAATCCCT-LKTX_190130_01_A01,oli,H18.30.002
CGAGGCTAGCCTGACC-LKTX_190129_01_F01,oli,H18.30.002
CAGGCCACACGTCTCT-LKTX_190129_01_F01,oli,H18.30.002
GGAATGGAGGTAGCCA-LKTX_190129_01_F01,oli,H18.30.002
AGAACCTGTACTGACT-LKTX_190130_01_B01,oli,H18.30.002
GTGTTAGCAAGTTGGG-LKTX_190130_01_B01,oli,H18.30.002
CACGTGGTCCCATAGA-LKTX_190129_01_G01,oli,H18.30.002
TAGAGTCCACGGCGTT-LKTX_190129_01_E01,oli,H18.30.002
TGTTTGTCATGCTGCG-LKTX_190129_01_E01,oli,H18.30.002
AACGAAACAGGTGAGT-LKTX_190129_01_F01,oli,H18.30.002
TGAGGAGAGCGAGTCA-LKTX_190129_01_F01,oli,H18.30.002
CACACAAAGCCAAGCA-LKTX_190129_01_F01,oli,H18.30.002
GATTTCTAGTCACTGT-LKTX_190129_01_F01,oli,H18.30.002
GAGTCTATCAATCCGA-LKTX_190130_01_C01,oli,H18.30.002
GACGTTAAGCGTCAAG-LKTX_190129_01_F01,oli,H18.30.002
GCTTTCGCATCATCCC-LKTX_190129_01_E01,oli,H18.30.002
TGGAGGAGTCAACCTA-LKTX_190129_01_F01,oli,H18.30.002
AGCGTATAGCTTAAGA-LKTX_190129_01_G01,oli,H18.30.002
TTCTAGTAGCAAGCCA-LKTX_190129_01_G01,oli,H18.30.002
AGGAATACAAATACGA-LKTX_190129_01_G01,oli,H18.30.002
GAGTGTTCAGGCACTC-LKTX_190130_01_B01,oli,H18.30.002
GGGTCACTCCTATTTG-LKTX_190130_01_B01,oli,H18.30.002
CCCAACTGTAGTGTGG-LKTX_190130_01_A01,oli,H18.30.002
AGACAGGGTGCCCGTA-LKTX_190129_01_E01,oli,H18.30.002
CTCATGCCACTCCGAG-LKTX_190129_01_F01,oli,H18.30.002
CACAGATTCAAAGAAC-LKTX_190129_01_G01,oli,H18.30.002
CACGTTCGTGACAACG-LKTX_190130_01_A01,oli,H18.30.002
CAGCACGAGTAGGAAG-LKTX_190129_01_E01,oli,H18.30.002
CTTCGGTCAAGTATCC-LKTX_190129_01_G01,oli,H18.30.002
CGGACACTCCTAGCGG-LKTX_190129_01_E01,oli,H18.30.002
AGAAATGTCCCACAGG-LKTX_190129_01_G01,oli,H18.30.002
AACTTCTAGCGAGTAC-LKTX_190129_01_G01,oli,H18.30.002
ACCTGTCCAAGTGATA-LKTX_190130_01_A01,oli,H18.30.002
TGTGATGGTGGACAGT-LKTX_190129_01_F01,oli,H18.30.002
TACCCGTGTGTATCCA-LKTX_190129_01_E01,oli,H18.30.002
CACACAACAGCCTTCT-LKTX_190129_01_E01,oli,H18.30.002
TAGTGCATCTAACACG-LKTX_190129_01_E01,oli,H18.30.002
GTTGCGGAGGACTGGT-LKTX_190129_01_G01,oli,H18.30.002
GCCGTGACAACTCCAA-LKTX_190129_01_F01,oli,H18.30.002
ATCACTTTCTCAACCC-LKTX_190129_01_E01,oli,H18.30.002
GTAACACGTAACAGGC-LKTX_190130_01_C01,oli,H18.30.002
CATCAAGTCTGGGAGA-LKTX_190129_01_E01,oli,H18.30.002
GGGAAGTTCTGGGTCG-LKTX_190129_01_F01,oli,H18.30.002
CTTCGGTTCATTTCCA-LKTX_190129_01_F01,oli,H18.30.002
AGTTCCCGTACGATGG-LKTX_190129_01_F01,oli,H18.30.002
GTAGATCCAGACACCC-LKTX_190129_01_F01,oli,H18.30.002
TAATTCCGTTTCAGAC-LKTX_190129_01_E01,oli,H18.30.002
AGTGTTGGTTGTTGAC-LKTX_190129_01_G01,oli,H18.30.002
CTCATTATCGTCGACG-LKTX_190129_01_F01,oli,H18.30.002
CCGGACAAGGGAGGAC-LKTX_190129_01_G01,oli,H18.30.002
CGTGATAGTAGGCTCC-LKTX_190129_01_F01,oli,H18.30.002
CACTAAGTCTGGCTGG-LKTX_190129_01_E01,oli,H18.30.002
CCTCTCCCACTTCAAG-LKTX_190130_01_B01,oli,H18.30.002
ATGCATGAGCTCTATG-LKTX_190129_01_E01,oli,H18.30.002
CTACATTTCTCTCGAC-LKTX_190129_01_F01,oli,H18.30.002
TCCTCTTAGCCGGATA-LKTX_190129_01_F01,oli,H18.30.002
CAAGGGATCGCCCAGA-LKTX_190130_01_B01,oli,H18.30.002
CCACACTCAGCTGTTA-LKTX_190129_01_F01,oli,H18.30.002
GCCAGCAGTACGGTTT-LKTX_190129_01_G01,oli,H18.30.002
CCGGACAGTATCGCAT-LKTX_190129_01_F01,oli,H18.30.002
CATTTCAAGCGTACAG-LKTX_190130_01_B01,oli,H18.30.002
GTGCACGAGGGCAATC-LKTX_190129_01_G01,oli,H18.30.002
TACTTACTCCCGAGGT-LKTX_190129_01_E01,oli,H18.30.002
ACGATGTAGTACAGCG-LKTX_190129_01_G01,oli,H18.30.002
AAAGGGCTCGGTCAGC-LKTX_190130_01_B01,oli,H18.30.002
CATGCAATCTCGACCT-LKTX_190130_01_B01,oli,H18.30.002
ACTGATGAGATTGAGT-LKTX_190130_01_A01,oli,H18.30.002
GTTTGGAAGACTTCCA-LKTX_190129_01_E01,oli,H18.30.002
AGACTCAGTACTTGTG-LKTX_190130_01_C01,oli,H18.30.002
GTAATGCCATACAGAA-LKTX_190130_01_A01,oli,H18.30.002
CCCATTGTCGCCGAAC-LKTX_190130_01_B01,oli,H18.30.002
GCCAGGTGTCTTGGTA-LKTX_190130_01_B01,oli,H18.30.002
CGGAGAAAGTAACCGG-LKTX_190129_01_F01,oli,H18.30.002
TGGTAGTGTGACTCTA-LKTX_190129_01_E01,oli,H18.30.002
GTCGAATTCATGTCAG-LKTX_190129_01_E01,oli,H18.30.002
TGACGCGTCGAAGCCC-LKTX_190130_01_C01,oli,H18.30.002
TCTACCGTCCTACGAA-LKTX_190130_01_C01,oli,H18.30.002
GAGTTGTAGGCGATAC-LKTX_190129_01_G01,oli,H18.30.002
TCGAACAAGGGTGAAA-LKTX_190130_01_C01,oli,H18.30.002
CACGAATCAGTGCGCT-LKTX_190129_01_E01,oli,H18.30.002
CACTGGGGTGGAGAAA-LKTX_190130_01_A01,oli,H18.30.002
CTGCCATAGCTCGACC-LKTX_190130_01_B01,oli,H18.30.002
CCGAACGTCTTGCGCT-LKTX_190130_01_B01,oli,H18.30.002
AACCCAATCAACGCTA-LKTX_190129_01_F01,oli,H18.30.002
CAAGGGATCCGACAGC-LKTX_190130_01_B01,oli,H18.30.002
ACCAACATCCTGTTAT-LKTX_190130_01_B01,oli,H18.30.002
TTGTGTTGTCTTCCGT-LKTX_190130_01_C01,oli,H18.30.002
CTCCAACTCAGTGCGC-LKTX_190129_01_F01,oli,H18.30.002
TACATTCTCAATGTCG-LKTX_190129_01_E01,oli,H18.30.002
CTGCATCTCTACACTT-LKTX_190130_01_C01,oli,H18.30.002
TCATATCTCTCGACCT-LKTX_190129_01_E01,oli,H18.30.002
TTCATGTGTCATCGCG-LKTX_190130_01_A01,oli,H18.30.002
GTTGAACAGGTAGTAT-LKTX_190129_01_F01,oli,H18.30.002
CGGGACTGTTAGAGTA-LKTX_190130_01_C01,oli,H18.30.002
GCGGAAATCTCGTTTA-LKTX_190130_01_B01,oli,H18.30.002
CACCGTTAGAACCGCA-LKTX_190129_01_G01,oli,H18.30.002
CACAACAGTAGACAAT-LKTX_190130_01_C01,oli,H18.30.002
CTTTCGGAGAGTGTGC-LKTX_190130_01_B01,oli,H18.30.002
TCGGGTGAGAGATGCC-LKTX_190130_01_A01,oli,H18.30.002
AGGGCTCAGCAGCACA-LKTX_190129_01_F01,oli,H18.30.002
GGGTTTACACGGCGTT-LKTX_190130_01_A01,oli,H18.30.002
TAGATCGGTTCTCACC-LKTX_190129_01_F01,oli,H18.30.002
TGACCCTCAAGGTCGA-LKTX_190129_01_F01,oli,H18.30.002
TTTACCAAGAGCATAT-LKTX_190130_01_B01,oli,H18.30.002
GGAGGATCAAGTCGTT-LKTX_190129_01_F01,oli,H18.30.002
AGGACTTAGTACTCGT-LKTX_190130_01_B01,oli,H18.30.002
CAGCAATAGCAGCGAT-LKTX_190129_01_G01,oli,H18.30.002
CGCAGGTTCATCCTGC-LKTX_190129_01_F01,oli,H18.30.002
GGAGGATTCATGAAAG-LKTX_190130_01_C01,oli,H18.30.002
CAGCAGCGTCTCGACG-LKTX_190129_01_F01,oli,H18.30.002
ACTTATCTCTCTGCCA-LKTX_190129_01_E01,opc,H18.30.002
ATGATCGAGTTGGGAC-LKTX_190129_01_E01,opc,H18.30.002
CCCGAAGCAGGTTCGC-LKTX_190129_01_E01,opc,H18.30.002
TACCTGCAGGCAGGGA-LKTX_190129_01_E01,opc,H18.30.002
AACTTCTTCCTTCTGG-LKTX_190129_01_F01,opc,H18.30.002
AAGACTCAGCATGCAG-LKTX_190129_01_F01,opc,H18.30.002
ACACTGACATAAGATG-LKTX_190129_01_F01,opc,H18.30.002
ACCACAAAGTCGAAAT-LKTX_190129_01_F01,opc,H18.30.002
ACTTTCAGTCATCCCT-LKTX_190129_01_F01,opc,H18.30.002
AGTCAACCATCTGCGG-LKTX_190129_01_F01,opc,H18.30.002
CAACCTCCACAGAGAC-LKTX_190129_01_F01,opc,H18.30.002
CGCATGGAGGCTCTCG-LKTX_190129_01_F01,opc,H18.30.002
CGTCCATCACGGTAGA-LKTX_190129_01_F01,opc,H18.30.002
CTAACTTGTCAGATTC-LKTX_190129_01_F01,opc,H18.30.002
CTTGAGACAGAAATCA-LKTX_190129_01_F01,opc,H18.30.002
GGCTTTCCAACGACAG-LKTX_190129_01_F01,opc,H18.30.002
GGTAATCCATAGTCAC-LKTX_190129_01_F01,opc,H18.30.002
GTGATGTTCCATATGG-LKTX_190129_01_F01,opc,H18.30.002
TCACGCTAGTTACGGG-LKTX_190129_01_F01,opc,H18.30.002
AGAACAATCCACGAAT-LKTX_190129_01_G01,opc,H18.30.002
CAGCGTGAGTAGACCG-LKTX_190129_01_G01,opc,H18.30.002
CATGCGGAGCGCCGTT-LKTX_190129_01_G01,opc,H18.30.002
CCACACTGTACAAAGT-LKTX_190129_01_G01,opc,H18.30.002
CGTGCTTAGCATATGA-LKTX_190129_01_G01,opc,H18.30.002
GAAGGGTGTAGATGTA-LKTX_190129_01_G01,opc,H18.30.002
GCCATGGAGCAACAAT-LKTX_190129_01_G01,opc,H18.30.002
TTGAACGTCACCTTGC-LKTX_190129_01_G01,opc,H18.30.002
TTGCTGCTCTAGCCAA-LKTX_190129_01_G01,opc,H18.30.002
AACCTGAGTTGCAACT-LKTX_190130_01_A01,opc,H18.30.002
AATCACGTCGTTCCTG-LKTX_190130_01_A01,opc,H18.30.002
ACCAAACGTCGTACAT-LKTX_190130_01_A01,opc,H18.30.002
ACTGTCCTCGCTACAA-LKTX_190130_01_A01,opc,H18.30.002
CAGTGCGTCAACCCGG-LKTX_190130_01_A01,opc,H18.30.002
CATGGTATCGGTTCAA-LKTX_190130_01_A01,opc,H18.30.002
CCTCATGCAGAGATGC-LKTX_190130_01_A01,opc,H18.30.002
CGACAGCGTCGTTATG-LKTX_190130_01_A01,opc,H18.30.002
CTCCGATAGCTGACAG-LKTX_190130_01_A01,opc,H18.30.002
CTTTCAACAGCAGATG-LKTX_190130_01_A01,opc,H18.30.002
GATAGAAAGTCGTTAC-LKTX_190130_01_A01,opc,H18.30.002
GGGAGATGTGTACAGG-LKTX_190130_01_A01,opc,H18.30.002
GTCAAGTAGTTGCCTA-LKTX_190130_01_A01,opc,H18.30.002
TAACTTCGTGAGGATC-LKTX_190130_01_A01,opc,H18.30.002
TTCCGTGAGAAACCCG-LKTX_190130_01_A01,opc,H18.30.002
ACCAAACCAACACTAC-LKTX_190130_01_B01,opc,H18.30.002
AGAGAATCATGCAGCC-LKTX_190130_01_B01,opc,H18.30.002
AGTACCATCTTTGGAG-LKTX_190130_01_B01,opc,H18.30.002
AGTGATCAGTACTCGT-LKTX_190130_01_B01,opc,H18.30.002
ATGCCTCGTAGCTGAG-LKTX_190130_01_B01,opc,H18.30.002
ATGGGAGGTACCTATG-LKTX_190130_01_B01,opc,H18.30.002
CAACGATTCGTGGTAT-LKTX_190130_01_B01,opc,H18.30.002
CGGGCATCAATTGTGC-LKTX_190130_01_B01,opc,H18.30.002
CTTCTCTAGCGTATAA-LKTX_190130_01_B01,opc,H18.30.002
GCAGCTGTCTCCATAT-LKTX_190130_01_B01,opc,H18.30.002
GCCATTCTCATCGGGC-LKTX_190130_01_B01,opc,H18.30.002
TAATCTCAGCTGTGCC-LKTX_190130_01_B01,opc,H18.30.002
TCATGTTTCGATACTG-LKTX_190130_01_B01,opc,H18.30.002
TGAGCGCAGCTCCACG-LKTX_190130_01_B01,opc,H18.30.002
TGGGTTATCACTCGAA-LKTX_190130_01_B01,opc,H18.30.002
TTCACGCCAGAGGTAC-LKTX_190130_01_B01,opc,H18.30.002
TTCTAGTGTCATTCCC-LKTX_190130_01_B01,opc,H18.30.002
TTGAACGAGGTGGTTG-LKTX_190130_01_B01,opc,H18.30.002
AACAGGGTCTAGCCTC-LKTX_190130_01_C01,opc,H18.30.002
AAGACTCCACGTATAC-LKTX_190130_01_C01,opc,H18.30.002
AGGCTGCAGGAACGCT-LKTX_190130_01_C01,opc,H18.30.002
CATCAAGCACATGGTT-LKTX_190130_01_C01,opc,H18.30.002
CCACGTTTCTCCATAT-LKTX_190130_01_C01,opc,H18.30.002
GACCAATTCATTGTGG-LKTX_190130_01_C01,opc,H18.30.002
GACTATGTCCGTTTCG-LKTX_190130_01_C01,opc,H18.30.002
GTCAGCGAGCAACCAG-LKTX_190130_01_C01,opc,H18.30.002
TGAGGTTCAGTCGCTG-LKTX_190130_01_C01,opc,H18.30.002
